; reduction-grid 1048576 1073741824, Thu Aug 23 17:14:32 2018
index,dev_id,dev_name,dev_CC,dev_memClock,dev_clock,n,numSMs,blocks_i,blocks_i/numSMs,blocks_n,TBlocksize,TRuns,min_time,max_throughput
   0, 0, Tesla V100-PCIE-16GB, 7.0, 877, 1245, 1048576, 80, 160, 2, 8192, 64, 5, 0.015392 ms, 272.499 GB/s
   1, 0, Tesla V100-PCIE-16GB, 7.0, 877, 1245, 1048576, 80, 320, 4, 8192, 64, 5, 0.013184 ms, 318.136 GB/s
   2, 0, Tesla V100-PCIE-16GB, 7.0, 877, 1245, 1048576, 80, 640, 8, 8192, 64, 5, 0.01264 ms, 331.828 GB/s
   3, 0, Tesla V100-PCIE-16GB, 7.0, 877, 1245, 1048576, 80, 1280, 16, 8192, 64, 5, 0.013664 ms, 306.96 GB/s
   4, 0, Tesla V100-PCIE-16GB, 7.0, 877, 1245, 1048576, 80, 2560, 32, 8192, 64, 5, 0.016576 ms, 253.035 GB/s
   5, 0, Tesla V100-PCIE-16GB, 7.0, 877, 1245, 1048576, 80, 5120, 64, 8192, 64, 5, 0.022688 ms, 184.869 GB/s
   6, 0, Tesla V100-PCIE-16GB, 7.0, 877, 1245, 1048576, 80, 8192, 102, 8192, 64, 5, 0.030432 ms, 137.825 GB/s
   0, 0, Tesla V100-PCIE-16GB, 7.0, 877, 1245, 1048576, 80, 160, 2, 4096, 128, 5, 0.013056 ms, 321.255 GB/s
   1, 0, Tesla V100-PCIE-16GB, 7.0, 877, 1245, 1048576, 80, 320, 4, 4096, 128, 5, 0.011904 ms, 352.344 GB/s
   2, 0, Tesla V100-PCIE-16GB, 7.0, 877, 1245, 1048576, 80, 640, 8, 4096, 128, 5, 0.011904 ms, 352.344 GB/s
   3, 0, Tesla V100-PCIE-16GB, 7.0, 877, 1245, 1048576, 80, 1280, 16, 4096, 128, 5, 0.012864 ms, 326.05 GB/s
   4, 0, Tesla V100-PCIE-16GB, 7.0, 877, 1245, 1048576, 80, 2560, 32, 4096, 128, 5, 0.015872 ms, 264.258 GB/s
   5, 0, Tesla V100-PCIE-16GB, 7.0, 877, 1245, 1048576, 80, 4096, 51, 4096, 128, 5, 0.0184 ms, 227.951 GB/s
   0, 0, Tesla V100-PCIE-16GB, 7.0, 877, 1245, 1048576, 80, 160, 2, 2048, 256, 5, 0.017536 ms, 239.182 GB/s
   1, 0, Tesla V100-PCIE-16GB, 7.0, 877, 1245, 1048576, 80, 320, 4, 2048, 256, 5, 0.01664 ms, 252.062 GB/s
   2, 0, Tesla V100-PCIE-16GB, 7.0, 877, 1245, 1048576, 80, 640, 8, 2048, 256, 5, 0.01712 ms, 244.994 GB/s
   3, 0, Tesla V100-PCIE-16GB, 7.0, 877, 1245, 1048576, 80, 1280, 16, 2048, 256, 5, 0.016672 ms, 251.578 GB/s
   4, 0, Tesla V100-PCIE-16GB, 7.0, 877, 1245, 1048576, 80, 2048, 25, 2048, 256, 5, 0.018976 ms, 221.032 GB/s
   0, 0, Tesla V100-PCIE-16GB, 7.0, 877, 1245, 1048576, 80, 160, 2, 1024, 512, 5, 0.012416 ms, 337.814 GB/s
   1, 0, Tesla V100-PCIE-16GB, 7.0, 877, 1245, 1048576, 80, 320, 4, 1024, 512, 5, 0.012832 ms, 326.863 GB/s
   2, 0, Tesla V100-PCIE-16GB, 7.0, 877, 1245, 1048576, 80, 640, 8, 1024, 512, 5, 0.01488 ms, 281.875 GB/s
   3, 0, Tesla V100-PCIE-16GB, 7.0, 877, 1245, 1048576, 80, 1024, 12, 1024, 512, 5, 0.016864 ms, 248.713 GB/s
   0, 0, Tesla V100-PCIE-16GB, 7.0, 877, 1245, 1048576, 80, 160, 2, 512, 1024, 5, 0.013024 ms, 322.044 GB/s
   1, 0, Tesla V100-PCIE-16GB, 7.0, 877, 1245, 1048576, 80, 320, 4, 512, 1024, 5, 0.015584 ms, 269.142 GB/s
   2, 0, Tesla V100-PCIE-16GB, 7.0, 877, 1245, 1048576, 80, 512, 6, 512, 1024, 5, 0.018976 ms, 221.032 GB/s
   0, 0, Tesla V100-PCIE-16GB, 7.0, 877, 1245, 2097152, 80, 160, 2, 16384, 64, 5, 0.033792 ms, 248.242 GB/s
   1, 0, Tesla V100-PCIE-16GB, 7.0, 877, 1245, 2097152, 80, 320, 4, 16384, 64, 5, 0.023488 ms, 357.144 GB/s
   2, 0, Tesla V100-PCIE-16GB, 7.0, 877, 1245, 2097152, 80, 640, 8, 16384, 64, 5, 0.021056 ms, 398.395 GB/s
   3, 0, Tesla V100-PCIE-16GB, 7.0, 877, 1245, 2097152, 80, 1280, 16, 16384, 64, 5, 0.020928 ms, 400.832 GB/s
   4, 0, Tesla V100-PCIE-16GB, 7.0, 877, 1245, 2097152, 80, 2560, 32, 16384, 64, 5, 0.022464 ms, 373.425 GB/s
   5, 0, Tesla V100-PCIE-16GB, 7.0, 877, 1245, 2097152, 80, 5120, 64, 16384, 64, 5, 0.02608 ms, 321.649 GB/s
   6, 0, Tesla V100-PCIE-16GB, 7.0, 877, 1245, 2097152, 80, 10240, 128, 16384, 64, 5, 0.03856 ms, 217.547 GB/s
   7, 0, Tesla V100-PCIE-16GB, 7.0, 877, 1245, 2097152, 80, 16384, 204, 16384, 64, 5, 0.052832 ms, 158.779 GB/s
   0, 0, Tesla V100-PCIE-16GB, 7.0, 877, 1245, 2097152, 80, 160, 2, 8192, 128, 5, 0.023232 ms, 361.08 GB/s
   1, 0, Tesla V100-PCIE-16GB, 7.0, 877, 1245, 2097152, 80, 320, 4, 8192, 128, 5, 0.020384 ms, 411.529 GB/s
   2, 0, Tesla V100-PCIE-16GB, 7.0, 877, 1245, 2097152, 80, 640, 8, 8192, 128, 5, 0.019584 ms, 428.34 GB/s
   3, 0, Tesla V100-PCIE-16GB, 7.0, 877, 1245, 2097152, 80, 1280, 16, 8192, 128, 5, 0.020224 ms, 414.785 GB/s
   4, 0, Tesla V100-PCIE-16GB, 7.0, 877, 1245, 2097152, 80, 2560, 32, 8192, 128, 5, 0.022368 ms, 375.027 GB/s
   5, 0, Tesla V100-PCIE-16GB, 7.0, 877, 1245, 2097152, 80, 5120, 64, 8192, 128, 5, 0.02448 ms, 342.672 GB/s
   6, 0, Tesla V100-PCIE-16GB, 7.0, 877, 1245, 2097152, 80, 8192, 102, 8192, 128, 5, 0.028608 ms, 293.226 GB/s
   0, 0, Tesla V100-PCIE-16GB, 7.0, 877, 1245, 2097152, 80, 160, 2, 4096, 256, 5, 0.020416 ms, 410.884 GB/s
   1, 0, Tesla V100-PCIE-16GB, 7.0, 877, 1245, 2097152, 80, 320, 4, 4096, 256, 5, 0.01968 ms, 426.25 GB/s
   2, 0, Tesla V100-PCIE-16GB, 7.0, 877, 1245, 2097152, 80, 640, 8, 4096, 256, 5, 0.02032 ms, 412.825 GB/s
   3, 0, Tesla V100-PCIE-16GB, 7.0, 877, 1245, 2097152, 80, 1280, 16, 4096, 256, 5, 0.02176 ms, 385.506 GB/s
   4, 0, Tesla V100-PCIE-16GB, 7.0, 877, 1245, 2097152, 80, 2560, 32, 4096, 256, 5, 0.024096 ms, 348.133 GB/s
   5, 0, Tesla V100-PCIE-16GB, 7.0, 877, 1245, 2097152, 80, 4096, 51, 4096, 256, 5, 0.025984 ms, 322.837 GB/s
   0, 0, Tesla V100-PCIE-16GB, 7.0, 877, 1245, 2097152, 80, 160, 2, 2048, 512, 5, 0.019904 ms, 421.453 GB/s
   1, 0, Tesla V100-PCIE-16GB, 7.0, 877, 1245, 2097152, 80, 320, 4, 2048, 512, 5, 0.020256 ms, 414.13 GB/s
   2, 0, Tesla V100-PCIE-16GB, 7.0, 877, 1245, 2097152, 80, 640, 8, 2048, 512, 5, 0.022624 ms, 370.784 GB/s
   3, 0, Tesla V100-PCIE-16GB, 7.0, 877, 1245, 2097152, 80, 1280, 16, 2048, 512, 5, 0.024544 ms, 341.778 GB/s
   4, 0, Tesla V100-PCIE-16GB, 7.0, 877, 1245, 2097152, 80, 2048, 25, 2048, 512, 5, 0.026624 ms, 315.077 GB/s
   0, 0, Tesla V100-PCIE-16GB, 7.0, 877, 1245, 2097152, 80, 160, 2, 1024, 1024, 5, 0.020576 ms, 407.689 GB/s
   1, 0, Tesla V100-PCIE-16GB, 7.0, 877, 1245, 2097152, 80, 320, 4, 1024, 1024, 5, 0.02272 ms, 369.217 GB/s
   2, 0, Tesla V100-PCIE-16GB, 7.0, 877, 1245, 2097152, 80, 640, 8, 1024, 1024, 5, 0.026592 ms, 315.456 GB/s
   3, 0, Tesla V100-PCIE-16GB, 7.0, 877, 1245, 2097152, 80, 1024, 12, 1024, 1024, 5, 0.02992 ms, 280.368 GB/s
   0, 0, Tesla V100-PCIE-16GB, 7.0, 877, 1245, 4194304, 80, 160, 2, 32768, 64, 5, 0.056864 ms, 295.041 GB/s
   1, 0, Tesla V100-PCIE-16GB, 7.0, 877, 1245, 4194304, 80, 320, 4, 32768, 64, 5, 0.036608 ms, 458.294 GB/s
   2, 0, Tesla V100-PCIE-16GB, 7.0, 877, 1245, 4194304, 80, 640, 8, 32768, 64, 5, 0.02992 ms, 560.736 GB/s
   3, 0, Tesla V100-PCIE-16GB, 7.0, 877, 1245, 4194304, 80, 1280, 16, 32768, 64, 5, 0.030432 ms, 551.302 GB/s
   4, 0, Tesla V100-PCIE-16GB, 7.0, 877, 1245, 4194304, 80, 2560, 32, 32768, 64, 5, 0.032064 ms, 523.242 GB/s
   5, 0, Tesla V100-PCIE-16GB, 7.0, 877, 1245, 4194304, 80, 5120, 64, 32768, 64, 5, 0.035232 ms, 476.193 GB/s
   6, 0, Tesla V100-PCIE-16GB, 7.0, 877, 1245, 4194304, 80, 10240, 128, 32768, 64, 5, 0.042976 ms, 390.386 GB/s
   7, 0, Tesla V100-PCIE-16GB, 7.0, 877, 1245, 4194304, 80, 20480, 256, 32768, 64, 5, 0.069504 ms, 241.385 GB/s
   8, 0, Tesla V100-PCIE-16GB, 7.0, 877, 1245, 4194304, 80, 32768, 409, 32768, 64, 5, 0.105376 ms, 159.213 GB/s
   0, 0, Tesla V100-PCIE-16GB, 7.0, 877, 1245, 4194304, 80, 160, 2, 16384, 128, 5, 0.036768 ms, 456.299 GB/s
   1, 0, Tesla V100-PCIE-16GB, 7.0, 877, 1245, 4194304, 80, 320, 4, 16384, 128, 5, 0.030208 ms, 555.39 GB/s
   2, 0, Tesla V100-PCIE-16GB, 7.0, 877, 1245, 4194304, 80, 640, 8, 16384, 128, 5, 0.0296 ms, 566.798 GB/s
   3, 0, Tesla V100-PCIE-16GB, 7.0, 877, 1245, 4194304, 80, 1280, 16, 16384, 128, 5, 0.029472 ms, 569.259 GB/s
   4, 0, Tesla V100-PCIE-16GB, 7.0, 877, 1245, 4194304, 80, 2560, 32, 16384, 128, 5, 0.030528 ms, 549.568 GB/s
   5, 0, Tesla V100-PCIE-16GB, 7.0, 877, 1245, 4194304, 80, 5120, 64, 16384, 128, 5, 0.033856 ms, 495.546 GB/s
   6, 0, Tesla V100-PCIE-16GB, 7.0, 877, 1245, 4194304, 80, 10240, 128, 16384, 128, 5, 0.040128 ms, 418.093 GB/s
   7, 0, Tesla V100-PCIE-16GB, 7.0, 877, 1245, 4194304, 80, 16384, 204, 16384, 128, 5, 0.048448 ms, 346.293 GB/s
   0, 0, Tesla V100-PCIE-16GB, 7.0, 877, 1245, 4194304, 80, 160, 2, 8192, 256, 5, 0.029888 ms, 561.336 GB/s
   1, 0, Tesla V100-PCIE-16GB, 7.0, 877, 1245, 4194304, 80, 320, 4, 8192, 256, 5, 0.029216 ms, 574.247 GB/s
   2, 0, Tesla V100-PCIE-16GB, 7.0, 877, 1245, 4194304, 80, 640, 8, 8192, 256, 5, 0.029376 ms, 571.12 GB/s
   3, 0, Tesla V100-PCIE-16GB, 7.0, 877, 1245, 4194304, 80, 1280, 16, 8192, 256, 5, 0.030496 ms, 550.145 GB/s
   4, 0, Tesla V100-PCIE-16GB, 7.0, 877, 1245, 4194304, 80, 2560, 32, 8192, 256, 5, 0.033024 ms, 508.031 GB/s
   5, 0, Tesla V100-PCIE-16GB, 7.0, 877, 1245, 4194304, 80, 5120, 64, 8192, 256, 5, 0.037696 ms, 445.066 GB/s
   6, 0, Tesla V100-PCIE-16GB, 7.0, 877, 1245, 4194304, 80, 8192, 102, 8192, 256, 5, 0.041856 ms, 400.832 GB/s
   0, 0, Tesla V100-PCIE-16GB, 7.0, 877, 1245, 4194304, 80, 160, 2, 4096, 512, 5, 0.0296 ms, 566.798 GB/s
   1, 0, Tesla V100-PCIE-16GB, 7.0, 877, 1245, 4194304, 80, 320, 4, 4096, 512, 5, 0.029984 ms, 559.539 GB/s
   2, 0, Tesla V100-PCIE-16GB, 7.0, 877, 1245, 4194304, 80, 640, 8, 4096, 512, 5, 0.030944 ms, 542.18 GB/s
   3, 0, Tesla V100-PCIE-16GB, 7.0, 877, 1245, 4194304, 80, 1280, 16, 4096, 512, 5, 0.033856 ms, 495.546 GB/s
   4, 0, Tesla V100-PCIE-16GB, 7.0, 877, 1245, 4194304, 80, 2560, 32, 4096, 512, 5, 0.038496 ms, 435.817 GB/s
   5, 0, Tesla V100-PCIE-16GB, 7.0, 877, 1245, 4194304, 80, 4096, 51, 4096, 512, 5, 0.04336 ms, 386.928 GB/s
   0, 0, Tesla V100-PCIE-16GB, 7.0, 877, 1245, 4194304, 80, 160, 2, 2048, 1024, 5, 0.030208 ms, 555.39 GB/s
   1, 0, Tesla V100-PCIE-16GB, 7.0, 877, 1245, 4194304, 80, 320, 4, 2048, 1024, 5, 0.03216 ms, 521.68 GB/s
   2, 0, Tesla V100-PCIE-16GB, 7.0, 877, 1245, 4194304, 80, 640, 8, 2048, 1024, 5, 0.035456 ms, 473.184 GB/s
   3, 0, Tesla V100-PCIE-16GB, 7.0, 877, 1245, 4194304, 80, 1280, 16, 2048, 1024, 5, 0.042368 ms, 395.988 GB/s
   4, 0, Tesla V100-PCIE-16GB, 7.0, 877, 1245, 4194304, 80, 2048, 25, 2048, 1024, 5, 0.049184 ms, 341.111 GB/s
   0, 0, Tesla V100-PCIE-16GB, 7.0, 877, 1245, 8388608, 80, 160, 2, 65536, 64, 5, 0.104736 ms, 320.372 GB/s
   1, 0, Tesla V100-PCIE-16GB, 7.0, 877, 1245, 8388608, 80, 320, 4, 65536, 64, 5, 0.06384 ms, 525.602 GB/s
   2, 0, Tesla V100-PCIE-16GB, 7.0, 877, 1245, 8388608, 80, 640, 8, 65536, 64, 5, 0.05024 ms, 667.883 GB/s
   3, 0, Tesla V100-PCIE-16GB, 7.0, 877, 1245, 8388608, 80, 1280, 16, 65536, 64, 5, 0.049568 ms, 676.937 GB/s
   4, 0, Tesla V100-PCIE-16GB, 7.0, 877, 1245, 8388608, 80, 2560, 32, 65536, 64, 5, 0.050976 ms, 658.24 GB/s
   5, 0, Tesla V100-PCIE-16GB, 7.0, 877, 1245, 8388608, 80, 5120, 64, 65536, 64, 5, 0.054368 ms, 617.172 GB/s
   6, 0, Tesla V100-PCIE-16GB, 7.0, 877, 1245, 8388608, 80, 10240, 128, 65536, 64, 5, 0.062176 ms, 539.669 GB/s
   7, 0, Tesla V100-PCIE-16GB, 7.0, 877, 1245, 8388608, 80, 20480, 256, 65536, 64, 5, 0.076128 ms, 440.763 GB/s
   8, 0, Tesla V100-PCIE-16GB, 7.0, 877, 1245, 8388608, 80, 40960, 512, 65536, 64, 5, 0.134592 ms, 249.305 GB/s
   9, 0, Tesla V100-PCIE-16GB, 7.0, 877, 1245, 8388608, 80, 65536, 819, 65536, 64, 5, 0.209024 ms, 160.529 GB/s
   0, 0, Tesla V100-PCIE-16GB, 7.0, 877, 1245, 8388608, 80, 160, 2, 32768, 128, 5, 0.064032 ms, 524.026 GB/s
   1, 0, Tesla V100-PCIE-16GB, 7.0, 877, 1245, 8388608, 80, 320, 4, 32768, 128, 5, 0.05056 ms, 663.656 GB/s
   2, 0, Tesla V100-PCIE-16GB, 7.0, 877, 1245, 8388608, 80, 640, 8, 32768, 128, 5, 0.04832 ms, 694.421 GB/s
   3, 0, Tesla V100-PCIE-16GB, 7.0, 877, 1245, 8388608, 80, 1280, 16, 32768, 128, 5, 0.048448 ms, 692.586 GB/s
   4, 0, Tesla V100-PCIE-16GB, 7.0, 877, 1245, 8388608, 80, 2560, 32, 32768, 128, 5, 0.049344 ms, 680.01 GB/s
   5, 0, Tesla V100-PCIE-16GB, 7.0, 877, 1245, 8388608, 80, 5120, 64, 32768, 128, 5, 0.05184 ms, 647.269 GB/s
   6, 0, Tesla V100-PCIE-16GB, 7.0, 877, 1245, 8388608, 80, 10240, 128, 32768, 128, 5, 0.057088 ms, 587.767 GB/s
   7, 0, Tesla V100-PCIE-16GB, 7.0, 877, 1245, 8388608, 80, 20480, 256, 32768, 128, 5, 0.070432 ms, 476.409 GB/s
   8, 0, Tesla V100-PCIE-16GB, 7.0, 877, 1245, 8388608, 80, 32768, 409, 32768, 128, 5, 0.08912 ms, 376.508 GB/s
   0, 0, Tesla V100-PCIE-16GB, 7.0, 877, 1245, 8388608, 80, 160, 2, 16384, 256, 5, 0.049248 ms, 681.336 GB/s
   1, 0, Tesla V100-PCIE-16GB, 7.0, 877, 1245, 8388608, 80, 320, 4, 16384, 256, 5, 0.047776 ms, 702.328 GB/s
   2, 0, Tesla V100-PCIE-16GB, 7.0, 877, 1245, 8388608, 80, 640, 8, 16384, 256, 5, 0.048352 ms, 693.962 GB/s
   3, 0, Tesla V100-PCIE-16GB, 7.0, 877, 1245, 8388608, 80, 1280, 16, 16384, 256, 5, 0.049344 ms, 680.01 GB/s
   4, 0, Tesla V100-PCIE-16GB, 7.0, 877, 1245, 8388608, 80, 2560, 32, 16384, 256, 5, 0.04928 ms, 680.894 GB/s
   5, 0, Tesla V100-PCIE-16GB, 7.0, 877, 1245, 8388608, 80, 5120, 64, 16384, 256, 5, 0.05392 ms, 622.3 GB/s
   6, 0, Tesla V100-PCIE-16GB, 7.0, 877, 1245, 8388608, 80, 10240, 128, 16384, 256, 5, 0.061376 ms, 546.703 GB/s
   7, 0, Tesla V100-PCIE-16GB, 7.0, 877, 1245, 8388608, 80, 16384, 204, 16384, 256, 5, 0.072224 ms, 464.588 GB/s
   0, 0, Tesla V100-PCIE-16GB, 7.0, 877, 1245, 8388608, 80, 160, 2, 8192, 512, 5, 0.047648 ms, 704.215 GB/s
   1, 0, Tesla V100-PCIE-16GB, 7.0, 877, 1245, 8388608, 80, 320, 4, 8192, 512, 5, 0.048 ms, 699.051 GB/s
   2, 0, Tesla V100-PCIE-16GB, 7.0, 877, 1245, 8388608, 80, 640, 8, 8192, 512, 5, 0.049152 ms, 682.667 GB/s
   3, 0, Tesla V100-PCIE-16GB, 7.0, 877, 1245, 8388608, 80, 1280, 16, 8192, 512, 5, 0.049984 ms, 671.303 GB/s
   4, 0, Tesla V100-PCIE-16GB, 7.0, 877, 1245, 8388608, 80, 2560, 32, 8192, 512, 5, 0.052128 ms, 643.693 GB/s
   5, 0, Tesla V100-PCIE-16GB, 7.0, 877, 1245, 8388608, 80, 5120, 64, 8192, 512, 5, 0.06208 ms, 540.503 GB/s
   6, 0, Tesla V100-PCIE-16GB, 7.0, 877, 1245, 8388608, 80, 8192, 102, 8192, 512, 5, 0.074464 ms, 450.613 GB/s
   0, 0, Tesla V100-PCIE-16GB, 7.0, 877, 1245, 8388608, 80, 160, 2, 4096, 1024, 5, 0.047552 ms, 705.637 GB/s
   1, 0, Tesla V100-PCIE-16GB, 7.0, 877, 1245, 8388608, 80, 320, 4, 4096, 1024, 5, 0.050016 ms, 670.874 GB/s
   2, 0, Tesla V100-PCIE-16GB, 7.0, 877, 1245, 8388608, 80, 640, 8, 4096, 1024, 5, 0.050432 ms, 665.34 GB/s
   3, 0, Tesla V100-PCIE-16GB, 7.0, 877, 1245, 8388608, 80, 1280, 16, 4096, 1024, 5, 0.055072 ms, 609.283 GB/s
   4, 0, Tesla V100-PCIE-16GB, 7.0, 877, 1245, 8388608, 80, 2560, 32, 4096, 1024, 5, 0.069248 ms, 484.555 GB/s
   5, 0, Tesla V100-PCIE-16GB, 7.0, 877, 1245, 8388608, 80, 4096, 51, 4096, 1024, 5, 0.08608 ms, 389.805 GB/s
   0, 0, Tesla V100-PCIE-16GB, 7.0, 877, 1245, 16777216, 80, 160, 2, 131072, 64, 5, 0.200032 ms, 335.491 GB/s
   1, 0, Tesla V100-PCIE-16GB, 7.0, 877, 1245, 16777216, 80, 320, 4, 131072, 64, 5, 0.118048 ms, 568.488 GB/s
   2, 0, Tesla V100-PCIE-16GB, 7.0, 877, 1245, 16777216, 80, 640, 8, 131072, 64, 5, 0.087776 ms, 764.547 GB/s
   3, 0, Tesla V100-PCIE-16GB, 7.0, 877, 1245, 16777216, 80, 1280, 16, 131072, 64, 5, 0.08736 ms, 768.188 GB/s
   4, 0, Tesla V100-PCIE-16GB, 7.0, 877, 1245, 16777216, 80, 2560, 32, 131072, 64, 5, 0.087232 ms, 769.315 GB/s
   5, 0, Tesla V100-PCIE-16GB, 7.0, 877, 1245, 16777216, 80, 5120, 64, 131072, 64, 5, 0.091904 ms, 730.206 GB/s
   6, 0, Tesla V100-PCIE-16GB, 7.0, 877, 1245, 16777216, 80, 10240, 128, 131072, 64, 5, 0.098208 ms, 683.334 GB/s
   7, 0, Tesla V100-PCIE-16GB, 7.0, 877, 1245, 16777216, 80, 20480, 256, 131072, 64, 5, 0.11296 ms, 594.094 GB/s
   8, 0, Tesla V100-PCIE-16GB, 7.0, 877, 1245, 16777216, 80, 40960, 512, 131072, 64, 5, 0.143104 ms, 468.952 GB/s
   9, 0, Tesla V100-PCIE-16GB, 7.0, 877, 1245, 16777216, 80, 81920, 1024, 131072, 64, 5, 0.26304 ms, 255.128 GB/s
  10, 0, Tesla V100-PCIE-16GB, 7.0, 877, 1245, 16777216, 80, 131072, 1638, 131072, 64, 5, 0.414944 ms, 161.73 GB/s
   0, 0, Tesla V100-PCIE-16GB, 7.0, 877, 1245, 16777216, 80, 160, 2, 65536, 128, 5, 0.11856 ms, 566.033 GB/s
   1, 0, Tesla V100-PCIE-16GB, 7.0, 877, 1245, 16777216, 80, 320, 4, 65536, 128, 5, 0.08912 ms, 753.017 GB/s
   2, 0, Tesla V100-PCIE-16GB, 7.0, 877, 1245, 16777216, 80, 640, 8, 65536, 128, 5, 0.085472 ms, 785.156 GB/s
   3, 0, Tesla V100-PCIE-16GB, 7.0, 877, 1245, 16777216, 80, 1280, 16, 65536, 128, 5, 0.085376 ms, 786.039 GB/s
   4, 0, Tesla V100-PCIE-16GB, 7.0, 877, 1245, 16777216, 80, 2560, 32, 65536, 128, 5, 0.087648 ms, 765.663 GB/s
   5, 0, Tesla V100-PCIE-16GB, 7.0, 877, 1245, 16777216, 80, 5120, 64, 65536, 128, 5, 0.08832 ms, 759.838 GB/s
   6, 0, Tesla V100-PCIE-16GB, 7.0, 877, 1245, 16777216, 80, 10240, 128, 65536, 128, 5, 0.092096 ms, 728.684 GB/s
   7, 0, Tesla V100-PCIE-16GB, 7.0, 877, 1245, 16777216, 80, 20480, 256, 65536, 128, 5, 0.102176 ms, 656.797 GB/s
   8, 0, Tesla V100-PCIE-16GB, 7.0, 877, 1245, 16777216, 80, 40960, 512, 65536, 128, 5, 0.13344 ms, 502.914 GB/s
   9, 0, Tesla V100-PCIE-16GB, 7.0, 877, 1245, 16777216, 80, 65536, 819, 65536, 128, 5, 0.17184 ms, 390.531 GB/s
   0, 0, Tesla V100-PCIE-16GB, 7.0, 877, 1245, 16777216, 80, 160, 2, 32768, 256, 5, 0.08976 ms, 747.648 GB/s
   1, 0, Tesla V100-PCIE-16GB, 7.0, 877, 1245, 16777216, 80, 320, 4, 32768, 256, 5, 0.085856 ms, 781.644 GB/s
   2, 0, Tesla V100-PCIE-16GB, 7.0, 877, 1245, 16777216, 80, 640, 8, 32768, 256, 5, 0.085184 ms, 787.811 GB/s
   3, 0, Tesla V100-PCIE-16GB, 7.0, 877, 1245, 16777216, 80, 1280, 16, 32768, 256, 5, 0.086112 ms, 779.321 GB/s
   4, 0, Tesla V100-PCIE-16GB, 7.0, 877, 1245, 16777216, 80, 2560, 32, 32768, 256, 5, 0.086624 ms, 774.714 GB/s
   5, 0, Tesla V100-PCIE-16GB, 7.0, 877, 1245, 16777216, 80, 5120, 64, 32768, 256, 5, 0.087744 ms, 764.826 GB/s
   6, 0, Tesla V100-PCIE-16GB, 7.0, 877, 1245, 16777216, 80, 10240, 128, 32768, 256, 5, 0.093056 ms, 721.166 GB/s
   7, 0, Tesla V100-PCIE-16GB, 7.0, 877, 1245, 16777216, 80, 20480, 256, 32768, 256, 5, 0.114464 ms, 586.288 GB/s
   8, 0, Tesla V100-PCIE-16GB, 7.0, 877, 1245, 16777216, 80, 32768, 409, 32768, 256, 5, 0.133504 ms, 502.673 GB/s
   0, 0, Tesla V100-PCIE-16GB, 7.0, 877, 1245, 16777216, 80, 160, 2, 16384, 512, 5, 0.086752 ms, 773.571 GB/s
   1, 0, Tesla V100-PCIE-16GB, 7.0, 877, 1245, 16777216, 80, 320, 4, 16384, 512, 5, 0.085792 ms, 782.228 GB/s
   2, 0, Tesla V100-PCIE-16GB, 7.0, 877, 1245, 16777216, 80, 640, 8, 16384, 512, 5, 0.086816 ms, 773.001 GB/s
   3, 0, Tesla V100-PCIE-16GB, 7.0, 877, 1245, 16777216, 80, 1280, 16, 16384, 512, 5, 0.087712 ms, 765.105 GB/s
   4, 0, Tesla V100-PCIE-16GB, 7.0, 877, 1245, 16777216, 80, 2560, 32, 16384, 512, 5, 0.086976 ms, 771.579 GB/s
   5, 0, Tesla V100-PCIE-16GB, 7.0, 877, 1245, 16777216, 80, 5120, 64, 16384, 512, 5, 0.092608 ms, 724.655 GB/s
   6, 0, Tesla V100-PCIE-16GB, 7.0, 877, 1245, 16777216, 80, 10240, 128, 16384, 512, 5, 0.116 ms, 578.525 GB/s
   7, 0, Tesla V100-PCIE-16GB, 7.0, 877, 1245, 16777216, 80, 16384, 204, 16384, 512, 5, 0.13808 ms, 486.014 GB/s
   0, 0, Tesla V100-PCIE-16GB, 7.0, 877, 1245, 16777216, 80, 160, 2, 8192, 1024, 5, 0.086208 ms, 778.453 GB/s
   1, 0, Tesla V100-PCIE-16GB, 7.0, 877, 1245, 16777216, 80, 320, 4, 8192, 1024, 5, 0.088064 ms, 762.047 GB/s
   2, 0, Tesla V100-PCIE-16GB, 7.0, 877, 1245, 16777216, 80, 640, 8, 8192, 1024, 5, 0.089376 ms, 750.86 GB/s
   3, 0, Tesla V100-PCIE-16GB, 7.0, 877, 1245, 16777216, 80, 1280, 16, 8192, 1024, 5, 0.088352 ms, 759.562 GB/s
   4, 0, Tesla V100-PCIE-16GB, 7.0, 877, 1245, 16777216, 80, 2560, 32, 8192, 1024, 5, 0.097216 ms, 690.307 GB/s
   5, 0, Tesla V100-PCIE-16GB, 7.0, 877, 1245, 16777216, 80, 5120, 64, 8192, 1024, 5, 0.128768 ms, 521.161 GB/s
   6, 0, Tesla V100-PCIE-16GB, 7.0, 877, 1245, 16777216, 80, 8192, 102, 8192, 1024, 5, 0.15968 ms, 420.271 GB/s
   0, 0, Tesla V100-PCIE-16GB, 7.0, 877, 1245, 33554432, 80, 160, 2, 262144, 64, 5, 0.393792 ms, 340.834 GB/s
   1, 0, Tesla V100-PCIE-16GB, 7.0, 877, 1245, 33554432, 80, 320, 4, 262144, 64, 5, 0.230208 ms, 583.028 GB/s
   2, 0, Tesla V100-PCIE-16GB, 7.0, 877, 1245, 33554432, 80, 640, 8, 262144, 64, 5, 0.167872 ms, 799.524 GB/s
   3, 0, Tesla V100-PCIE-16GB, 7.0, 877, 1245, 33554432, 80, 1280, 16, 262144, 64, 5, 0.162272 ms, 827.116 GB/s
   4, 0, Tesla V100-PCIE-16GB, 7.0, 877, 1245, 33554432, 80, 2560, 32, 262144, 64, 5, 0.162656 ms, 825.163 GB/s
   5, 0, Tesla V100-PCIE-16GB, 7.0, 877, 1245, 33554432, 80, 5120, 64, 262144, 64, 5, 0.166816 ms, 804.585 GB/s
   6, 0, Tesla V100-PCIE-16GB, 7.0, 877, 1245, 33554432, 80, 10240, 128, 262144, 64, 5, 0.174368 ms, 769.738 GB/s
   7, 0, Tesla V100-PCIE-16GB, 7.0, 877, 1245, 33554432, 80, 20480, 256, 262144, 64, 5, 0.188384 ms, 712.469 GB/s
   8, 0, Tesla V100-PCIE-16GB, 7.0, 877, 1245, 33554432, 80, 40960, 512, 262144, 64, 5, 0.218848 ms, 613.292 GB/s
   9, 0, Tesla V100-PCIE-16GB, 7.0, 877, 1245, 33554432, 80, 81920, 1024, 262144, 64, 5, 0.281888 ms, 476.138 GB/s
  10, 0, Tesla V100-PCIE-16GB, 7.0, 877, 1245, 33554432, 80, 163840, 2048, 262144, 64, 5, 0.5216 ms, 257.319 GB/s
  11, 0, Tesla V100-PCIE-16GB, 7.0, 877, 1245, 33554432, 80, 262144, 3276, 262144, 64, 5, 0.828544 ms, 161.992 GB/s
   0, 0, Tesla V100-PCIE-16GB, 7.0, 877, 1245, 33554432, 80, 160, 2, 131072, 128, 5, 0.231872 ms, 578.844 GB/s
   1, 0, Tesla V100-PCIE-16GB, 7.0, 877, 1245, 33554432, 80, 320, 4, 131072, 128, 5, 0.168256 ms, 797.7 GB/s
   2, 0, Tesla V100-PCIE-16GB, 7.0, 877, 1245, 33554432, 80, 640, 8, 131072, 128, 5, 0.16096 ms, 833.858 GB/s
   3, 0, Tesla V100-PCIE-16GB, 7.0, 877, 1245, 33554432, 80, 1280, 16, 131072, 128, 5, 0.161088 ms, 833.195 GB/s
   4, 0, Tesla V100-PCIE-16GB, 7.0, 877, 1245, 33554432, 80, 2560, 32, 131072, 128, 5, 0.162592 ms, 825.488 GB/s
   5, 0, Tesla V100-PCIE-16GB, 7.0, 877, 1245, 33554432, 80, 5120, 64, 131072, 128, 5, 0.164864 ms, 814.112 GB/s
   6, 0, Tesla V100-PCIE-16GB, 7.0, 877, 1245, 33554432, 80, 10240, 128, 131072, 128, 5, 0.16752 ms, 801.204 GB/s
   7, 0, Tesla V100-PCIE-16GB, 7.0, 877, 1245, 33554432, 80, 20480, 256, 131072, 128, 5, 0.175456 ms, 764.965 GB/s
   8, 0, Tesla V100-PCIE-16GB, 7.0, 877, 1245, 33554432, 80, 40960, 512, 131072, 128, 5, 0.196768 ms, 682.112 GB/s
   9, 0, Tesla V100-PCIE-16GB, 7.0, 877, 1245, 33554432, 80, 81920, 1024, 131072, 128, 5, 0.259104 ms, 518.007 GB/s
  10, 0, Tesla V100-PCIE-16GB, 7.0, 877, 1245, 33554432, 80, 131072, 1638, 131072, 128, 5, 0.333792 ms, 402.1 GB/s
   0, 0, Tesla V100-PCIE-16GB, 7.0, 877, 1245, 33554432, 80, 160, 2, 65536, 256, 5, 0.171904 ms, 780.771 GB/s
   1, 0, Tesla V100-PCIE-16GB, 7.0, 877, 1245, 33554432, 80, 320, 4, 65536, 256, 5, 0.160544 ms, 836.018 GB/s
   2, 0, Tesla V100-PCIE-16GB, 7.0, 877, 1245, 33554432, 80, 640, 8, 65536, 256, 5, 0.161056 ms, 833.361 GB/s
   3, 0, Tesla V100-PCIE-16GB, 7.0, 877, 1245, 33554432, 80, 1280, 16, 65536, 256, 5, 0.160832 ms, 834.521 GB/s
   4, 0, Tesla V100-PCIE-16GB, 7.0, 877, 1245, 33554432, 80, 2560, 32, 65536, 256, 5, 0.162368 ms, 826.627 GB/s
   5, 0, Tesla V100-PCIE-16GB, 7.0, 877, 1245, 33554432, 80, 5120, 64, 65536, 256, 5, 0.1664 ms, 806.597 GB/s
   6, 0, Tesla V100-PCIE-16GB, 7.0, 877, 1245, 33554432, 80, 10240, 128, 65536, 256, 5, 0.16784 ms, 799.677 GB/s
   7, 0, Tesla V100-PCIE-16GB, 7.0, 877, 1245, 33554432, 80, 20480, 256, 65536, 256, 5, 0.176384 ms, 760.94 GB/s
   8, 0, Tesla V100-PCIE-16GB, 7.0, 877, 1245, 33554432, 80, 40960, 512, 65536, 256, 5, 0.215104 ms, 623.967 GB/s
   9, 0, Tesla V100-PCIE-16GB, 7.0, 877, 1245, 33554432, 80, 65536, 819, 65536, 256, 5, 0.26512 ms, 506.253 GB/s
   0, 0, Tesla V100-PCIE-16GB, 7.0, 877, 1245, 33554432, 80, 160, 2, 32768, 512, 5, 0.162848 ms, 824.19 GB/s
   1, 0, Tesla V100-PCIE-16GB, 7.0, 877, 1245, 33554432, 80, 320, 4, 32768, 512, 5, 0.161152 ms, 832.864 GB/s
   2, 0, Tesla V100-PCIE-16GB, 7.0, 877, 1245, 33554432, 80, 640, 8, 32768, 512, 5, 0.161824 ms, 829.406 GB/s
   3, 0, Tesla V100-PCIE-16GB, 7.0, 877, 1245, 33554432, 80, 1280, 16, 32768, 512, 5, 0.163904 ms, 818.88 GB/s
   4, 0, Tesla V100-PCIE-16GB, 7.0, 877, 1245, 33554432, 80, 2560, 32, 32768, 512, 5, 0.162624 ms, 825.325 GB/s
   5, 0, Tesla V100-PCIE-16GB, 7.0, 877, 1245, 33554432, 80, 5120, 64, 32768, 512, 5, 0.163936 ms, 818.72 GB/s
   6, 0, Tesla V100-PCIE-16GB, 7.0, 877, 1245, 33554432, 80, 10240, 128, 32768, 512, 5, 0.17456 ms, 768.892 GB/s
   7, 0, Tesla V100-PCIE-16GB, 7.0, 877, 1245, 33554432, 80, 20480, 256, 32768, 512, 5, 0.216992 ms, 618.538 GB/s
   8, 0, Tesla V100-PCIE-16GB, 7.0, 877, 1245, 33554432, 80, 32768, 409, 32768, 512, 5, 0.267008 ms, 502.673 GB/s
   0, 0, Tesla V100-PCIE-16GB, 7.0, 877, 1245, 33554432, 80, 160, 2, 16384, 1024, 5, 0.161664 ms, 830.226 GB/s
   1, 0, Tesla V100-PCIE-16GB, 7.0, 877, 1245, 33554432, 80, 320, 4, 16384, 1024, 5, 0.163168 ms, 822.574 GB/s
   2, 0, Tesla V100-PCIE-16GB, 7.0, 877, 1245, 33554432, 80, 640, 8, 16384, 1024, 5, 0.165152 ms, 812.692 GB/s
   3, 0, Tesla V100-PCIE-16GB, 7.0, 877, 1245, 33554432, 80, 1280, 16, 16384, 1024, 5, 0.164672 ms, 815.061 GB/s
   4, 0, Tesla V100-PCIE-16GB, 7.0, 877, 1245, 33554432, 80, 2560, 32, 16384, 1024, 5, 0.165504 ms, 810.964 GB/s
   5, 0, Tesla V100-PCIE-16GB, 7.0, 877, 1245, 33554432, 80, 5120, 64, 16384, 1024, 5, 0.17504 ms, 766.783 GB/s
   6, 0, Tesla V100-PCIE-16GB, 7.0, 877, 1245, 33554432, 80, 10240, 128, 16384, 1024, 5, 0.240768 ms, 557.457 GB/s
   7, 0, Tesla V100-PCIE-16GB, 7.0, 877, 1245, 33554432, 80, 16384, 204, 16384, 1024, 5, 0.31184 ms, 430.406 GB/s
   0, 0, Tesla V100-PCIE-16GB, 7.0, 877, 1245, 67108864, 80, 160, 2, 524288, 64, 5, 0.778304 ms, 344.898 GB/s
   1, 0, Tesla V100-PCIE-16GB, 7.0, 877, 1245, 67108864, 80, 320, 4, 524288, 64, 5, 0.46016 ms, 583.352 GB/s
   2, 0, Tesla V100-PCIE-16GB, 7.0, 877, 1245, 67108864, 80, 640, 8, 524288, 64, 5, 0.330336 ms, 812.613 GB/s
   3, 0, Tesla V100-PCIE-16GB, 7.0, 877, 1245, 67108864, 80, 1280, 16, 524288, 64, 5, 0.315168 ms, 851.722 GB/s
   4, 0, Tesla V100-PCIE-16GB, 7.0, 877, 1245, 67108864, 80, 2560, 32, 524288, 64, 5, 0.312608 ms, 858.697 GB/s
   5, 0, Tesla V100-PCIE-16GB, 7.0, 877, 1245, 67108864, 80, 5120, 64, 524288, 64, 5, 0.319136 ms, 841.132 GB/s
   6, 0, Tesla V100-PCIE-16GB, 7.0, 877, 1245, 67108864, 80, 10240, 128, 524288, 64, 5, 0.324896 ms, 826.22 GB/s
   7, 0, Tesla V100-PCIE-16GB, 7.0, 877, 1245, 67108864, 80, 20480, 256, 524288, 64, 5, 0.341952 ms, 785.009 GB/s
   8, 0, Tesla V100-PCIE-16GB, 7.0, 877, 1245, 67108864, 80, 40960, 512, 524288, 64, 5, 0.368896 ms, 727.672 GB/s
   9, 0, Tesla V100-PCIE-16GB, 7.0, 877, 1245, 67108864, 80, 81920, 1024, 524288, 64, 5, 0.432288 ms, 620.964 GB/s
  10, 0, Tesla V100-PCIE-16GB, 7.0, 877, 1245, 67108864, 80, 163840, 2048, 524288, 64, 5, 0.558944 ms, 480.255 GB/s
  11, 0, Tesla V100-PCIE-16GB, 7.0, 877, 1245, 67108864, 80, 327680, 4096, 524288, 64, 5, 1.04179 ms, 257.667 GB/s
  12, 0, Tesla V100-PCIE-16GB, 7.0, 877, 1245, 67108864, 80, 524288, 6553, 524288, 64, 5, 1.65869 ms, 161.836 GB/s
   0, 0, Tesla V100-PCIE-16GB, 7.0, 877, 1245, 67108864, 80, 160, 2, 262144, 128, 5, 0.46192 ms, 581.13 GB/s
   1, 0, Tesla V100-PCIE-16GB, 7.0, 877, 1245, 67108864, 80, 320, 4, 262144, 128, 5, 0.332448 ms, 807.451 GB/s
   2, 0, Tesla V100-PCIE-16GB, 7.0, 877, 1245, 67108864, 80, 640, 8, 262144, 128, 5, 0.315488 ms, 850.858 GB/s
   3, 0, Tesla V100-PCIE-16GB, 7.0, 877, 1245, 67108864, 80, 1280, 16, 262144, 128, 5, 0.310944 ms, 863.292 GB/s
   4, 0, Tesla V100-PCIE-16GB, 7.0, 877, 1245, 67108864, 80, 2560, 32, 262144, 128, 5, 0.314336 ms, 853.976 GB/s
   5, 0, Tesla V100-PCIE-16GB, 7.0, 877, 1245, 67108864, 80, 5120, 64, 262144, 128, 5, 0.317056 ms, 846.65 GB/s
   6, 0, Tesla V100-PCIE-16GB, 7.0, 877, 1245, 67108864, 80, 10240, 128, 262144, 128, 5, 0.319488 ms, 840.205 GB/s
   7, 0, Tesla V100-PCIE-16GB, 7.0, 877, 1245, 67108864, 80, 20480, 256, 262144, 128, 5, 0.32528 ms, 825.244 GB/s
   8, 0, Tesla V100-PCIE-16GB, 7.0, 877, 1245, 67108864, 80, 40960, 512, 262144, 128, 5, 0.34368 ms, 781.062 GB/s
   9, 0, Tesla V100-PCIE-16GB, 7.0, 877, 1245, 67108864, 80, 81920, 1024, 262144, 128, 5, 0.379264 ms, 707.78 GB/s
  10, 0, Tesla V100-PCIE-16GB, 7.0, 877, 1245, 67108864, 80, 163840, 2048, 262144, 128, 5, 0.512352 ms, 523.928 GB/s
  11, 0, Tesla V100-PCIE-16GB, 7.0, 877, 1245, 67108864, 80, 262144, 3276, 262144, 128, 5, 0.674592 ms, 397.923 GB/s
   0, 0, Tesla V100-PCIE-16GB, 7.0, 877, 1245, 67108864, 80, 160, 2, 131072, 256, 5, 0.340896 ms, 787.441 GB/s
   1, 0, Tesla V100-PCIE-16GB, 7.0, 877, 1245, 67108864, 80, 320, 4, 131072, 256, 5, 0.320736 ms, 836.936 GB/s
   2, 0, Tesla V100-PCIE-16GB, 7.0, 877, 1245, 67108864, 80, 640, 8, 131072, 256, 5, 0.3104 ms, 864.805 GB/s
   3, 0, Tesla V100-PCIE-16GB, 7.0, 877, 1245, 67108864, 80, 1280, 16, 131072, 256, 5, 0.312288 ms, 859.577 GB/s
   4, 0, Tesla V100-PCIE-16GB, 7.0, 877, 1245, 67108864, 80, 2560, 32, 131072, 256, 5, 0.312 ms, 860.37 GB/s
   5, 0, Tesla V100-PCIE-16GB, 7.0, 877, 1245, 67108864, 80, 5120, 64, 131072, 256, 5, 0.315264 ms, 851.462 GB/s
   6, 0, Tesla V100-PCIE-16GB, 7.0, 877, 1245, 67108864, 80, 10240, 128, 131072, 256, 5, 0.315744 ms, 850.168 GB/s
   7, 0, Tesla V100-PCIE-16GB, 7.0, 877, 1245, 67108864, 80, 20480, 256, 131072, 256, 5, 0.319264 ms, 840.795 GB/s
   8, 0, Tesla V100-PCIE-16GB, 7.0, 877, 1245, 67108864, 80, 40960, 512, 131072, 256, 5, 0.3376 ms, 795.129 GB/s
   9, 0, Tesla V100-PCIE-16GB, 7.0, 877, 1245, 67108864, 80, 81920, 1024, 131072, 256, 5, 0.412 ms, 651.542 GB/s
  10, 0, Tesla V100-PCIE-16GB, 7.0, 877, 1245, 67108864, 80, 131072, 1638, 131072, 256, 5, 0.509664 ms, 526.691 GB/s
   0, 0, Tesla V100-PCIE-16GB, 7.0, 877, 1245, 67108864, 80, 160, 2, 65536, 512, 5, 0.316512 ms, 848.105 GB/s
   1, 0, Tesla V100-PCIE-16GB, 7.0, 877, 1245, 67108864, 80, 320, 4, 65536, 512, 5, 0.31232 ms, 859.489 GB/s
   2, 0, Tesla V100-PCIE-16GB, 7.0, 877, 1245, 67108864, 80, 640, 8, 65536, 512, 5, 0.311712 ms, 861.165 GB/s
   3, 0, Tesla V100-PCIE-16GB, 7.0, 877, 1245, 67108864, 80, 1280, 16, 65536, 512, 5, 0.312864 ms, 857.994 GB/s
   4, 0, Tesla V100-PCIE-16GB, 7.0, 877, 1245, 67108864, 80, 2560, 32, 65536, 512, 5, 0.31536 ms, 851.203 GB/s
   5, 0, Tesla V100-PCIE-16GB, 7.0, 877, 1245, 67108864, 80, 5120, 64, 65536, 512, 5, 0.313856 ms, 855.282 GB/s
   6, 0, Tesla V100-PCIE-16GB, 7.0, 877, 1245, 67108864, 80, 10240, 128, 65536, 512, 5, 0.316864 ms, 847.163 GB/s
   7, 0, Tesla V100-PCIE-16GB, 7.0, 877, 1245, 67108864, 80, 20480, 256, 65536, 512, 5, 0.330368 ms, 812.535 GB/s
   8, 0, Tesla V100-PCIE-16GB, 7.0, 877, 1245, 67108864, 80, 40960, 512, 65536, 512, 5, 0.429568 ms, 624.896 GB/s
   9, 0, Tesla V100-PCIE-16GB, 7.0, 877, 1245, 67108864, 80, 65536, 819, 65536, 512, 5, 0.531712 ms, 504.851 GB/s
   0, 0, Tesla V100-PCIE-16GB, 7.0, 877, 1245, 67108864, 80, 160, 2, 32768, 1024, 5, 0.312672 ms, 858.521 GB/s
   1, 0, Tesla V100-PCIE-16GB, 7.0, 877, 1245, 67108864, 80, 320, 4, 32768, 1024, 5, 0.3144 ms, 853.802 GB/s
   2, 0, Tesla V100-PCIE-16GB, 7.0, 877, 1245, 67108864, 80, 640, 8, 32768, 1024, 5, 0.31552 ms, 850.772 GB/s
   3, 0, Tesla V100-PCIE-16GB, 7.0, 877, 1245, 67108864, 80, 1280, 16, 32768, 1024, 5, 0.31808 ms, 843.924 GB/s
   4, 0, Tesla V100-PCIE-16GB, 7.0, 877, 1245, 67108864, 80, 2560, 32, 32768, 1024, 5, 0.313728 ms, 855.631 GB/s
   5, 0, Tesla V100-PCIE-16GB, 7.0, 877, 1245, 67108864, 80, 5120, 64, 32768, 1024, 5, 0.315744 ms, 850.168 GB/s
   6, 0, Tesla V100-PCIE-16GB, 7.0, 877, 1245, 67108864, 80, 10240, 128, 32768, 1024, 5, 0.344736 ms, 778.67 GB/s
   7, 0, Tesla V100-PCIE-16GB, 7.0, 877, 1245, 67108864, 80, 20480, 256, 32768, 1024, 5, 0.46688 ms, 574.956 GB/s
   8, 0, Tesla V100-PCIE-16GB, 7.0, 877, 1245, 67108864, 80, 32768, 409, 32768, 1024, 5, 0.609792 ms, 440.208 GB/s
   0, 0, Tesla V100-PCIE-16GB, 7.0, 877, 1245, 134217728, 80, 160, 2, 1048576, 64, 5, 1.56138 ms, 343.845 GB/s
   1, 0, Tesla V100-PCIE-16GB, 7.0, 877, 1245, 134217728, 80, 320, 4, 1048576, 64, 5, 0.926112 ms, 579.704 GB/s
   2, 0, Tesla V100-PCIE-16GB, 7.0, 877, 1245, 134217728, 80, 640, 8, 1048576, 64, 5, 0.659264 ms, 814.349 GB/s
   3, 0, Tesla V100-PCIE-16GB, 7.0, 877, 1245, 134217728, 80, 1280, 16, 1048576, 64, 5, 0.61856 ms, 867.937 GB/s
   4, 0, Tesla V100-PCIE-16GB, 7.0, 877, 1245, 134217728, 80, 2560, 32, 1048576, 64, 5, 0.614368 ms, 873.859 GB/s
   5, 0, Tesla V100-PCIE-16GB, 7.0, 877, 1245, 134217728, 80, 5120, 64, 1048576, 64, 5, 0.618944 ms, 867.398 GB/s
   6, 0, Tesla V100-PCIE-16GB, 7.0, 877, 1245, 134217728, 80, 10240, 128, 1048576, 64, 5, 0.626528 ms, 856.898 GB/s
   7, 0, Tesla V100-PCIE-16GB, 7.0, 877, 1245, 134217728, 80, 20480, 256, 1048576, 64, 5, 0.641728 ms, 836.602 GB/s
   8, 0, Tesla V100-PCIE-16GB, 7.0, 877, 1245, 134217728, 80, 40960, 512, 1048576, 64, 5, 0.67104 ms, 800.058 GB/s
   9, 0, Tesla V100-PCIE-16GB, 7.0, 877, 1245, 134217728, 80, 81920, 1024, 1048576, 64, 5, 0.733216 ms, 732.214 GB/s
  10, 0, Tesla V100-PCIE-16GB, 7.0, 877, 1245, 134217728, 80, 163840, 2048, 1048576, 64, 5, 0.853216 ms, 629.232 GB/s
  11, 0, Tesla V100-PCIE-16GB, 7.0, 877, 1245, 134217728, 80, 327680, 4096, 1048576, 64, 5, 1.10282 ms, 486.818 GB/s
  12, 0, Tesla V100-PCIE-16GB, 7.0, 877, 1245, 134217728, 80, 655360, 8192, 1048576, 64, 5, 2.07421 ms, 258.832 GB/s
  13, 0, Tesla V100-PCIE-16GB, 7.0, 877, 1245, 134217728, 80, 1048576, 13107, 1048576, 64, 5, 3.31578 ms, 161.914 GB/s
   0, 0, Tesla V100-PCIE-16GB, 7.0, 877, 1245, 134217728, 80, 160, 2, 524288, 128, 5, 0.922208 ms, 582.158 GB/s
   1, 0, Tesla V100-PCIE-16GB, 7.0, 877, 1245, 134217728, 80, 320, 4, 524288, 128, 5, 0.653664 ms, 821.326 GB/s
   2, 0, Tesla V100-PCIE-16GB, 7.0, 877, 1245, 134217728, 80, 640, 8, 524288, 128, 5, 0.619584 ms, 866.502 GB/s
   3, 0, Tesla V100-PCIE-16GB, 7.0, 877, 1245, 134217728, 80, 1280, 16, 524288, 128, 5, 0.612544 ms, 876.461 GB/s
   4, 0, Tesla V100-PCIE-16GB, 7.0, 877, 1245, 134217728, 80, 2560, 32, 524288, 128, 5, 0.61392 ms, 874.497 GB/s
   5, 0, Tesla V100-PCIE-16GB, 7.0, 877, 1245, 134217728, 80, 5120, 64, 524288, 128, 5, 0.617024 ms, 870.097 GB/s
   6, 0, Tesla V100-PCIE-16GB, 7.0, 877, 1245, 134217728, 80, 10240, 128, 524288, 128, 5, 0.619616 ms, 866.458 GB/s
   7, 0, Tesla V100-PCIE-16GB, 7.0, 877, 1245, 134217728, 80, 20480, 256, 524288, 128, 5, 0.627232 ms, 855.937 GB/s
   8, 0, Tesla V100-PCIE-16GB, 7.0, 877, 1245, 134217728, 80, 40960, 512, 524288, 128, 5, 0.64288 ms, 835.103 GB/s
   9, 0, Tesla V100-PCIE-16GB, 7.0, 877, 1245, 134217728, 80, 81920, 1024, 524288, 128, 5, 0.673728 ms, 796.866 GB/s
  10, 0, Tesla V100-PCIE-16GB, 7.0, 877, 1245, 134217728, 80, 163840, 2048, 524288, 128, 5, 0.746592 ms, 719.095 GB/s
  11, 0, Tesla V100-PCIE-16GB, 7.0, 877, 1245, 134217728, 80, 327680, 4096, 524288, 128, 5, 1.01683 ms, 527.984 GB/s
  12, 0, Tesla V100-PCIE-16GB, 7.0, 877, 1245, 134217728, 80, 524288, 6553, 524288, 128, 5, 1.33466 ms, 402.254 GB/s
   0, 0, Tesla V100-PCIE-16GB, 7.0, 877, 1245, 134217728, 80, 160, 2, 262144, 256, 5, 0.66528 ms, 806.985 GB/s
   1, 0, Tesla V100-PCIE-16GB, 7.0, 877, 1245, 134217728, 80, 320, 4, 262144, 256, 5, 0.619392 ms, 866.771 GB/s
   2, 0, Tesla V100-PCIE-16GB, 7.0, 877, 1245, 134217728, 80, 640, 8, 262144, 256, 5, 0.612224 ms, 876.919 GB/s
   3, 0, Tesla V100-PCIE-16GB, 7.0, 877, 1245, 134217728, 80, 1280, 16, 262144, 256, 5, 0.611904 ms, 877.378 GB/s
   4, 0, Tesla V100-PCIE-16GB, 7.0, 877, 1245, 134217728, 80, 2560, 32, 262144, 256, 5, 0.614496 ms, 873.677 GB/s
   5, 0, Tesla V100-PCIE-16GB, 7.0, 877, 1245, 134217728, 80, 5120, 64, 262144, 256, 5, 0.615072 ms, 872.859 GB/s
   6, 0, Tesla V100-PCIE-16GB, 7.0, 877, 1245, 134217728, 80, 10240, 128, 262144, 256, 5, 0.617632 ms, 869.241 GB/s
   7, 0, Tesla V100-PCIE-16GB, 7.0, 877, 1245, 134217728, 80, 20480, 256, 262144, 256, 5, 0.620544 ms, 865.162 GB/s
   8, 0, Tesla V100-PCIE-16GB, 7.0, 877, 1245, 134217728, 80, 40960, 512, 262144, 256, 5, 0.629824 ms, 852.414 GB/s
   9, 0, Tesla V100-PCIE-16GB, 7.0, 877, 1245, 134217728, 80, 81920, 1024, 262144, 256, 5, 0.654208 ms, 820.643 GB/s
  10, 0, Tesla V100-PCIE-16GB, 7.0, 877, 1245, 134217728, 80, 163840, 2048, 262144, 256, 5, 0.825056 ms, 650.708 GB/s
  11, 0, Tesla V100-PCIE-16GB, 7.0, 877, 1245, 134217728, 80, 262144, 3276, 262144, 256, 5, 1.04086 ms, 515.794 GB/s
   0, 0, Tesla V100-PCIE-16GB, 7.0, 877, 1245, 134217728, 80, 160, 2, 131072, 512, 5, 0.621568 ms, 863.736 GB/s
   1, 0, Tesla V100-PCIE-16GB, 7.0, 877, 1245, 134217728, 80, 320, 4, 131072, 512, 5, 0.613184 ms, 875.546 GB/s
   2, 0, Tesla V100-PCIE-16GB, 7.0, 877, 1245, 134217728, 80, 640, 8, 131072, 512, 5, 0.613088 ms, 875.683 GB/s
   3, 0, Tesla V100-PCIE-16GB, 7.0, 877, 1245, 134217728, 80, 1280, 16, 131072, 512, 5, 0.613408 ms, 875.226 GB/s
   4, 0, Tesla V100-PCIE-16GB, 7.0, 877, 1245, 134217728, 80, 2560, 32, 131072, 512, 5, 0.614656 ms, 873.449 GB/s
   5, 0, Tesla V100-PCIE-16GB, 7.0, 877, 1245, 134217728, 80, 5120, 64, 131072, 512, 5, 0.615072 ms, 872.859 GB/s
   6, 0, Tesla V100-PCIE-16GB, 7.0, 877, 1245, 134217728, 80, 10240, 128, 131072, 512, 5, 0.616608 ms, 870.684 GB/s
   7, 0, Tesla V100-PCIE-16GB, 7.0, 877, 1245, 134217728, 80, 20480, 256, 131072, 512, 5, 0.618848 ms, 867.533 GB/s
   8, 0, Tesla V100-PCIE-16GB, 7.0, 877, 1245, 134217728, 80, 40960, 512, 131072, 512, 5, 0.64112 ms, 837.395 GB/s
   9, 0, Tesla V100-PCIE-16GB, 7.0, 877, 1245, 134217728, 80, 81920, 1024, 131072, 512, 5, 0.815328 ms, 658.472 GB/s
  10, 0, Tesla V100-PCIE-16GB, 7.0, 877, 1245, 134217728, 80, 131072, 1638, 131072, 512, 5, 1.06909 ms, 502.177 GB/s
   0, 0, Tesla V100-PCIE-16GB, 7.0, 877, 1245, 134217728, 80, 160, 2, 65536, 1024, 5, 0.61408 ms, 874.269 GB/s
   1, 0, Tesla V100-PCIE-16GB, 7.0, 877, 1245, 134217728, 80, 320, 4, 65536, 1024, 5, 0.612704 ms, 876.232 GB/s
   2, 0, Tesla V100-PCIE-16GB, 7.0, 877, 1245, 134217728, 80, 640, 8, 65536, 1024, 5, 0.61296 ms, 875.866 GB/s
   3, 0, Tesla V100-PCIE-16GB, 7.0, 877, 1245, 134217728, 80, 1280, 16, 65536, 1024, 5, 0.615104 ms, 872.813 GB/s
   4, 0, Tesla V100-PCIE-16GB, 7.0, 877, 1245, 134217728, 80, 2560, 32, 65536, 1024, 5, 0.617504 ms, 869.421 GB/s
   5, 0, Tesla V100-PCIE-16GB, 7.0, 877, 1245, 134217728, 80, 5120, 64, 65536, 1024, 5, 0.615232 ms, 872.632 GB/s
   6, 0, Tesla V100-PCIE-16GB, 7.0, 877, 1245, 134217728, 80, 10240, 128, 65536, 1024, 5, 0.619968 ms, 865.966 GB/s
   7, 0, Tesla V100-PCIE-16GB, 7.0, 877, 1245, 134217728, 80, 20480, 256, 65536, 1024, 5, 0.644672 ms, 832.782 GB/s
   8, 0, Tesla V100-PCIE-16GB, 7.0, 877, 1245, 134217728, 80, 40960, 512, 65536, 1024, 5, 0.918048 ms, 584.796 GB/s
   9, 0, Tesla V100-PCIE-16GB, 7.0, 877, 1245, 134217728, 80, 65536, 819, 65536, 1024, 5, 1.22413 ms, 438.574 GB/s
   0, 0, Tesla V100-PCIE-16GB, 7.0, 877, 1245, 268435456, 80, 160, 2, 2097152, 64, 5, 3.10883 ms, 345.384 GB/s
   1, 0, Tesla V100-PCIE-16GB, 7.0, 877, 1245, 268435456, 80, 320, 4, 2097152, 64, 5, 1.85613 ms, 578.485 GB/s
   2, 0, Tesla V100-PCIE-16GB, 7.0, 877, 1245, 268435456, 80, 640, 8, 2097152, 64, 5, 1.33005 ms, 807.296 GB/s
   3, 0, Tesla V100-PCIE-16GB, 7.0, 877, 1245, 268435456, 80, 1280, 16, 2097152, 64, 5, 1.21907 ms, 880.786 GB/s
   4, 0, Tesla V100-PCIE-16GB, 7.0, 877, 1245, 268435456, 80, 2560, 32, 2097152, 64, 5, 1.21302 ms, 885.178 GB/s
   5, 0, Tesla V100-PCIE-16GB, 7.0, 877, 1245, 268435456, 80, 5120, 64, 2097152, 64, 5, 1.22054 ms, 879.724 GB/s
   6, 0, Tesla V100-PCIE-16GB, 7.0, 877, 1245, 268435456, 80, 10240, 128, 2097152, 64, 5, 1.22701 ms, 875.09 GB/s
   7, 0, Tesla V100-PCIE-16GB, 7.0, 877, 1245, 268435456, 80, 20480, 256, 2097152, 64, 5, 1.24454 ms, 862.759 GB/s
   8, 0, Tesla V100-PCIE-16GB, 7.0, 877, 1245, 268435456, 80, 40960, 512, 2097152, 64, 5, 1.27344 ms, 843.182 GB/s
   9, 0, Tesla V100-PCIE-16GB, 7.0, 877, 1245, 268435456, 80, 81920, 1024, 2097152, 64, 5, 1.33459 ms, 804.547 GB/s
  10, 0, Tesla V100-PCIE-16GB, 7.0, 877, 1245, 268435456, 80, 163840, 2048, 2097152, 64, 5, 1.45197 ms, 739.508 GB/s
  11, 0, Tesla V100-PCIE-16GB, 7.0, 877, 1245, 268435456, 80, 327680, 4096, 2097152, 64, 5, 1.69603 ms, 633.09 GB/s
  12, 0, Tesla V100-PCIE-16GB, 7.0, 877, 1245, 268435456, 80, 655360, 8192, 2097152, 64, 5, 2.18918 ms, 490.476 GB/s
  13, 0, Tesla V100-PCIE-16GB, 7.0, 877, 1245, 268435456, 80, 1310720, 16384, 2097152, 64, 5, 4.14365 ms, 259.13 GB/s
  14, 0, Tesla V100-PCIE-16GB, 7.0, 877, 1245, 268435456, 80, 2097152, 26214, 2097152, 64, 5, 6.6263 ms, 162.042 GB/s
   0, 0, Tesla V100-PCIE-16GB, 7.0, 877, 1245, 268435456, 80, 160, 2, 1048576, 128, 5, 1.85674 ms, 578.295 GB/s
   1, 0, Tesla V100-PCIE-16GB, 7.0, 877, 1245, 268435456, 80, 320, 4, 1048576, 128, 5, 1.32778 ms, 808.677 GB/s
   2, 0, Tesla V100-PCIE-16GB, 7.0, 877, 1245, 268435456, 80, 640, 8, 1048576, 128, 5, 1.21846 ms, 881.226 GB/s
   3, 0, Tesla V100-PCIE-16GB, 7.0, 877, 1245, 268435456, 80, 1280, 16, 1048576, 128, 5, 1.21418 ms, 884.338 GB/s
   4, 0, Tesla V100-PCIE-16GB, 7.0, 877, 1245, 268435456, 80, 2560, 32, 1048576, 128, 5, 1.21414 ms, 884.361 GB/s
   5, 0, Tesla V100-PCIE-16GB, 7.0, 877, 1245, 268435456, 80, 5120, 64, 1048576, 128, 5, 1.21731 ms, 882.06 GB/s
   6, 0, Tesla V100-PCIE-16GB, 7.0, 877, 1245, 268435456, 80, 10240, 128, 1048576, 128, 5, 1.22371 ms, 877.447 GB/s
   7, 0, Tesla V100-PCIE-16GB, 7.0, 877, 1245, 268435456, 80, 20480, 256, 1048576, 128, 5, 1.22816 ms, 874.269 GB/s
   8, 0, Tesla V100-PCIE-16GB, 7.0, 877, 1245, 268435456, 80, 40960, 512, 1048576, 128, 5, 1.24374 ms, 863.314 GB/s
   9, 0, Tesla V100-PCIE-16GB, 7.0, 877, 1245, 268435456, 80, 81920, 1024, 1048576, 128, 5, 1.27302 ms, 843.458 GB/s
  10, 0, Tesla V100-PCIE-16GB, 7.0, 877, 1245, 268435456, 80, 163840, 2048, 1048576, 128, 5, 1.33555 ms, 803.969 GB/s
  11, 0, Tesla V100-PCIE-16GB, 7.0, 877, 1245, 268435456, 80, 327680, 4096, 1048576, 128, 5, 1.46739 ms, 731.735 GB/s
  12, 0, Tesla V100-PCIE-16GB, 7.0, 877, 1245, 268435456, 80, 655360, 8192, 1048576, 128, 5, 1.95994 ms, 547.845 GB/s
  13, 0, Tesla V100-PCIE-16GB, 7.0, 877, 1245, 268435456, 80, 1048576, 13107, 1048576, 128, 5, 2.63155 ms, 408.026 GB/s
   0, 0, Tesla V100-PCIE-16GB, 7.0, 877, 1245, 268435456, 80, 160, 2, 524288, 256, 5, 1.32371 ms, 811.16 GB/s
   1, 0, Tesla V100-PCIE-16GB, 7.0, 877, 1245, 268435456, 80, 320, 4, 524288, 256, 5, 1.23363 ms, 870.391 GB/s
   2, 0, Tesla V100-PCIE-16GB, 7.0, 877, 1245, 268435456, 80, 640, 8, 524288, 256, 5, 1.21594 ms, 883.058 GB/s
   3, 0, Tesla V100-PCIE-16GB, 7.0, 877, 1245, 268435456, 80, 1280, 16, 524288, 256, 5, 1.21434 ms, 884.221 GB/s
   4, 0, Tesla V100-PCIE-16GB, 7.0, 877, 1245, 268435456, 80, 2560, 32, 524288, 256, 5, 1.21299 ms, 885.201 GB/s
   5, 0, Tesla V100-PCIE-16GB, 7.0, 877, 1245, 268435456, 80, 5120, 64, 524288, 256, 5, 1.21651 ms, 882.64 GB/s
   6, 0, Tesla V100-PCIE-16GB, 7.0, 877, 1245, 268435456, 80, 10240, 128, 524288, 256, 5, 1.21546 ms, 883.407 GB/s
   7, 0, Tesla V100-PCIE-16GB, 7.0, 877, 1245, 268435456, 80, 20480, 256, 524288, 256, 5, 1.21875 ms, 881.017 GB/s
   8, 0, Tesla V100-PCIE-16GB, 7.0, 877, 1245, 268435456, 80, 40960, 512, 524288, 256, 5, 1.2248 ms, 876.667 GB/s
   9, 0, Tesla V100-PCIE-16GB, 7.0, 877, 1245, 268435456, 80, 81920, 1024, 524288, 256, 5, 1.24339 ms, 863.559 GB/s
  10, 0, Tesla V100-PCIE-16GB, 7.0, 877, 1245, 268435456, 80, 163840, 2048, 524288, 256, 5, 1.292 ms, 831.07 GB/s
  11, 0, Tesla V100-PCIE-16GB, 7.0, 877, 1245, 268435456, 80, 327680, 4096, 524288, 256, 5, 1.59504 ms, 673.175 GB/s
  12, 0, Tesla V100-PCIE-16GB, 7.0, 877, 1245, 268435456, 80, 524288, 6553, 524288, 256, 5, 2.02992 ms, 528.958 GB/s
   0, 0, Tesla V100-PCIE-16GB, 7.0, 877, 1245, 268435456, 80, 160, 2, 262144, 512, 5, 1.23702 ms, 868.004 GB/s
   1, 0, Tesla V100-PCIE-16GB, 7.0, 877, 1245, 268435456, 80, 320, 4, 262144, 512, 5, 1.21488 ms, 883.825 GB/s
   2, 0, Tesla V100-PCIE-16GB, 7.0, 877, 1245, 268435456, 80, 640, 8, 262144, 512, 5, 1.2152 ms, 883.593 GB/s
   3, 0, Tesla V100-PCIE-16GB, 7.0, 877, 1245, 268435456, 80, 1280, 16, 262144, 512, 5, 1.21274 ms, 885.388 GB/s
   4, 0, Tesla V100-PCIE-16GB, 7.0, 877, 1245, 268435456, 80, 2560, 32, 262144, 512, 5, 1.21578 ms, 883.174 GB/s
   5, 0, Tesla V100-PCIE-16GB, 7.0, 877, 1245, 268435456, 80, 5120, 64, 262144, 512, 5, 1.2127 ms, 885.411 GB/s
   6, 0, Tesla V100-PCIE-16GB, 7.0, 877, 1245, 268435456, 80, 10240, 128, 262144, 512, 5, 1.21504 ms, 883.709 GB/s
   7, 0, Tesla V100-PCIE-16GB, 7.0, 877, 1245, 268435456, 80, 20480, 256, 262144, 512, 5, 1.21504 ms, 883.709 GB/s
   8, 0, Tesla V100-PCIE-16GB, 7.0, 877, 1245, 268435456, 80, 40960, 512, 262144, 512, 5, 1.22461 ms, 876.805 GB/s
   9, 0, Tesla V100-PCIE-16GB, 7.0, 877, 1245, 268435456, 80, 81920, 1024, 262144, 512, 5, 1.24083 ms, 865.34 GB/s
  10, 0, Tesla V100-PCIE-16GB, 7.0, 877, 1245, 268435456, 80, 163840, 2048, 262144, 512, 5, 1.58758 ms, 676.337 GB/s
  11, 0, Tesla V100-PCIE-16GB, 7.0, 877, 1245, 268435456, 80, 262144, 3276, 262144, 512, 5, 2.0671 ms, 519.443 GB/s
   0, 0, Tesla V100-PCIE-16GB, 7.0, 877, 1245, 268435456, 80, 160, 2, 131072, 1024, 5, 1.21574 ms, 883.197 GB/s
   1, 0, Tesla V100-PCIE-16GB, 7.0, 877, 1245, 268435456, 80, 320, 4, 131072, 1024, 5, 1.2135 ms, 884.828 GB/s
   2, 0, Tesla V100-PCIE-16GB, 7.0, 877, 1245, 268435456, 80, 640, 8, 131072, 1024, 5, 1.21587 ms, 883.104 GB/s
   3, 0, Tesla V100-PCIE-16GB, 7.0, 877, 1245, 268435456, 80, 1280, 16, 131072, 1024, 5, 1.2143 ms, 884.245 GB/s
   4, 0, Tesla V100-PCIE-16GB, 7.0, 877, 1245, 268435456, 80, 2560, 32, 131072, 1024, 5, 1.21504 ms, 883.709 GB/s
   5, 0, Tesla V100-PCIE-16GB, 7.0, 877, 1245, 268435456, 80, 5120, 64, 131072, 1024, 5, 1.21318 ms, 885.061 GB/s
   6, 0, Tesla V100-PCIE-16GB, 7.0, 877, 1245, 268435456, 80, 10240, 128, 131072, 1024, 5, 1.21344 ms, 884.874 GB/s
   7, 0, Tesla V100-PCIE-16GB, 7.0, 877, 1245, 268435456, 80, 20480, 256, 131072, 1024, 5, 1.22909 ms, 873.609 GB/s
   8, 0, Tesla V100-PCIE-16GB, 7.0, 877, 1245, 268435456, 80, 40960, 512, 131072, 1024, 5, 1.27878 ms, 839.658 GB/s
   9, 0, Tesla V100-PCIE-16GB, 7.0, 877, 1245, 268435456, 80, 81920, 1024, 131072, 1024, 5, 1.80378 ms, 595.274 GB/s
  10, 0, Tesla V100-PCIE-16GB, 7.0, 877, 1245, 268435456, 80, 131072, 1638, 131072, 1024, 5, 2.38637 ms, 449.948 GB/s
   0, 0, Tesla V100-PCIE-16GB, 7.0, 877, 1245, 536870912, 80, 160, 2, 4194304, 64, 5, 6.28854 ms, 341.491 GB/s
   1, 0, Tesla V100-PCIE-16GB, 7.0, 877, 1245, 536870912, 80, 320, 4, 4194304, 64, 5, 3.75642 ms, 571.684 GB/s
   2, 0, Tesla V100-PCIE-16GB, 7.0, 877, 1245, 536870912, 80, 640, 8, 4194304, 64, 5, 2.71702 ms, 790.381 GB/s
   3, 0, Tesla V100-PCIE-16GB, 7.0, 877, 1245, 536870912, 80, 1280, 16, 4194304, 64, 5, 2.4513 ms, 876.06 GB/s
   4, 0, Tesla V100-PCIE-16GB, 7.0, 877, 1245, 536870912, 80, 2560, 32, 4194304, 64, 5, 2.41517 ms, 889.165 GB/s
   5, 0, Tesla V100-PCIE-16GB, 7.0, 877, 1245, 536870912, 80, 5120, 64, 4194304, 64, 5, 2.42477 ms, 885.645 GB/s
   6, 0, Tesla V100-PCIE-16GB, 7.0, 877, 1245, 536870912, 80, 10240, 128, 4194304, 64, 5, 2.43229 ms, 882.907 GB/s
   7, 0, Tesla V100-PCIE-16GB, 7.0, 877, 1245, 536870912, 80, 20480, 256, 4194304, 64, 5, 2.45616 ms, 874.326 GB/s
   8, 0, Tesla V100-PCIE-16GB, 7.0, 877, 1245, 536870912, 80, 40960, 512, 4194304, 64, 5, 2.47933 ms, 866.156 GB/s
   9, 0, Tesla V100-PCIE-16GB, 7.0, 877, 1245, 536870912, 80, 81920, 1024, 4194304, 64, 5, 2.53206 ms, 848.116 GB/s
  10, 0, Tesla V100-PCIE-16GB, 7.0, 877, 1245, 536870912, 80, 163840, 2048, 4194304, 64, 5, 2.65046 ms, 810.229 GB/s
  11, 0, Tesla V100-PCIE-16GB, 7.0, 877, 1245, 536870912, 80, 327680, 4096, 4194304, 64, 5, 2.88877 ms, 743.391 GB/s
  12, 0, Tesla V100-PCIE-16GB, 7.0, 877, 1245, 536870912, 80, 655360, 8192, 4194304, 64, 5, 3.37498 ms, 636.296 GB/s
  13, 0, Tesla V100-PCIE-16GB, 7.0, 877, 1245, 536870912, 80, 1310720, 16384, 4194304, 64, 5, 4.36768 ms, 491.676 GB/s
  14, 0, Tesla V100-PCIE-16GB, 7.0, 877, 1245, 536870912, 80, 2621440, 32768, 4194304, 64, 5, 8.2768 ms, 259.458 GB/s
  15, 0, Tesla V100-PCIE-16GB, 7.0, 877, 1245, 536870912, 80, 4194304, 52428, 4194304, 64, 5, 13.2399 ms, 162.197 GB/s
   0, 0, Tesla V100-PCIE-16GB, 7.0, 877, 1245, 536870912, 80, 160, 2, 2097152, 128, 5, 3.73318 ms, 575.242 GB/s
   1, 0, Tesla V100-PCIE-16GB, 7.0, 877, 1245, 536870912, 80, 320, 4, 2097152, 128, 5, 2.69034 ms, 798.221 GB/s
   2, 0, Tesla V100-PCIE-16GB, 7.0, 877, 1245, 536870912, 80, 640, 8, 2097152, 128, 5, 2.44538 ms, 878.181 GB/s
   3, 0, Tesla V100-PCIE-16GB, 7.0, 877, 1245, 536870912, 80, 1280, 16, 2097152, 128, 5, 2.41139 ms, 890.558 GB/s
   4, 0, Tesla V100-PCIE-16GB, 7.0, 877, 1245, 536870912, 80, 2560, 32, 2097152, 128, 5, 2.42013 ms, 887.343 GB/s
   5, 0, Tesla V100-PCIE-16GB, 7.0, 877, 1245, 536870912, 80, 5120, 64, 2097152, 128, 5, 2.42435 ms, 885.797 GB/s
   6, 0, Tesla V100-PCIE-16GB, 7.0, 877, 1245, 536870912, 80, 10240, 128, 2097152, 128, 5, 2.43219 ms, 882.942 GB/s
   7, 0, Tesla V100-PCIE-16GB, 7.0, 877, 1245, 536870912, 80, 20480, 256, 2097152, 128, 5, 2.43389 ms, 882.326 GB/s
   8, 0, Tesla V100-PCIE-16GB, 7.0, 877, 1245, 536870912, 80, 40960, 512, 2097152, 128, 5, 2.4415 ms, 879.574 GB/s
   9, 0, Tesla V100-PCIE-16GB, 7.0, 877, 1245, 536870912, 80, 81920, 1024, 2097152, 128, 5, 2.4695 ms, 869.601 GB/s
  10, 0, Tesla V100-PCIE-16GB, 7.0, 877, 1245, 536870912, 80, 163840, 2048, 2097152, 128, 5, 2.52986 ms, 848.856 GB/s
  11, 0, Tesla V100-PCIE-16GB, 7.0, 877, 1245, 536870912, 80, 327680, 4096, 2097152, 128, 5, 2.65776 ms, 808.005 GB/s
  12, 0, Tesla V100-PCIE-16GB, 7.0, 877, 1245, 536870912, 80, 655360, 8192, 2097152, 128, 5, 2.9256 ms, 734.032 GB/s
  13, 0, Tesla V100-PCIE-16GB, 7.0, 877, 1245, 536870912, 80, 1310720, 16384, 2097152, 128, 5, 3.97155 ms, 540.716 GB/s
  14, 0, Tesla V100-PCIE-16GB, 7.0, 877, 1245, 536870912, 80, 2097152, 26214, 2097152, 128, 5, 5.27229 ms, 407.315 GB/s
   0, 0, Tesla V100-PCIE-16GB, 7.0, 877, 1245, 536870912, 80, 160, 2, 1048576, 256, 5, 2.68906 ms, 798.601 GB/s
   1, 0, Tesla V100-PCIE-16GB, 7.0, 877, 1245, 536870912, 80, 320, 4, 1048576, 256, 5, 2.46886 ms, 869.827 GB/s
   2, 0, Tesla V100-PCIE-16GB, 7.0, 877, 1245, 536870912, 80, 640, 8, 1048576, 256, 5, 2.4128 ms, 890.038 GB/s
   3, 0, Tesla V100-PCIE-16GB, 7.0, 877, 1245, 536870912, 80, 1280, 16, 1048576, 256, 5, 2.41558 ms, 889.012 GB/s
   4, 0, Tesla V100-PCIE-16GB, 7.0, 877, 1245, 536870912, 80, 2560, 32, 1048576, 256, 5, 2.41952 ms, 887.566 GB/s
   5, 0, Tesla V100-PCIE-16GB, 7.0, 877, 1245, 536870912, 80, 5120, 64, 1048576, 256, 5, 2.42077 ms, 887.108 GB/s
   6, 0, Tesla V100-PCIE-16GB, 7.0, 877, 1245, 536870912, 80, 10240, 128, 1048576, 256, 5, 2.42166 ms, 886.78 GB/s
   7, 0, Tesla V100-PCIE-16GB, 7.0, 877, 1245, 536870912, 80, 20480, 256, 1048576, 256, 5, 2.41718 ms, 888.424 GB/s
   8, 0, Tesla V100-PCIE-16GB, 7.0, 877, 1245, 536870912, 80, 40960, 512, 1048576, 256, 5, 2.42419 ms, 885.855 GB/s
   9, 0, Tesla V100-PCIE-16GB, 7.0, 877, 1245, 536870912, 80, 81920, 1024, 1048576, 256, 5, 2.43856 ms, 880.636 GB/s
  10, 0, Tesla V100-PCIE-16GB, 7.0, 877, 1245, 536870912, 80, 163840, 2048, 1048576, 256, 5, 2.47584 ms, 867.376 GB/s
  11, 0, Tesla V100-PCIE-16GB, 7.0, 877, 1245, 536870912, 80, 327680, 4096, 1048576, 256, 5, 2.55789 ms, 839.553 GB/s
  12, 0, Tesla V100-PCIE-16GB, 7.0, 877, 1245, 536870912, 80, 655360, 8192, 1048576, 256, 5, 3.17904 ms, 675.513 GB/s
  13, 0, Tesla V100-PCIE-16GB, 7.0, 877, 1245, 536870912, 80, 1048576, 13107, 1048576, 256, 5, 4.01213 ms, 535.248 GB/s
   0, 0, Tesla V100-PCIE-16GB, 7.0, 877, 1245, 536870912, 80, 160, 2, 524288, 512, 5, 2.47818 ms, 866.558 GB/s
   1, 0, Tesla V100-PCIE-16GB, 7.0, 877, 1245, 536870912, 80, 320, 4, 524288, 512, 5, 2.41696 ms, 888.506 GB/s
   2, 0, Tesla V100-PCIE-16GB, 7.0, 877, 1245, 536870912, 80, 640, 8, 524288, 512, 5, 2.41949 ms, 887.578 GB/s
   3, 0, Tesla V100-PCIE-16GB, 7.0, 877, 1245, 536870912, 80, 1280, 16, 524288, 512, 5, 2.4183 ms, 888.012 GB/s
   4, 0, Tesla V100-PCIE-16GB, 7.0, 877, 1245, 536870912, 80, 2560, 32, 524288, 512, 5, 2.41818 ms, 888.059 GB/s
   5, 0, Tesla V100-PCIE-16GB, 7.0, 877, 1245, 536870912, 80, 5120, 64, 524288, 512, 5, 2.41411 ms, 889.554 GB/s
   6, 0, Tesla V100-PCIE-16GB, 7.0, 877, 1245, 536870912, 80, 10240, 128, 524288, 512, 5, 2.41222 ms, 890.25 GB/s
   7, 0, Tesla V100-PCIE-16GB, 7.0, 877, 1245, 536870912, 80, 20480, 256, 524288, 512, 5, 2.4137 ms, 889.708 GB/s
   8, 0, Tesla V100-PCIE-16GB, 7.0, 877, 1245, 536870912, 80, 40960, 512, 524288, 512, 5, 2.41594 ms, 888.883 GB/s
   9, 0, Tesla V100-PCIE-16GB, 7.0, 877, 1245, 536870912, 80, 81920, 1024, 524288, 512, 5, 2.43251 ms, 882.825 GB/s
  10, 0, Tesla V100-PCIE-16GB, 7.0, 877, 1245, 536870912, 80, 163840, 2048, 524288, 512, 5, 2.49808 ms, 859.654 GB/s
  11, 0, Tesla V100-PCIE-16GB, 7.0, 877, 1245, 536870912, 80, 327680, 4096, 524288, 512, 5, 3.20874 ms, 669.262 GB/s
  12, 0, Tesla V100-PCIE-16GB, 7.0, 877, 1245, 536870912, 80, 524288, 6553, 524288, 512, 5, 4.12051 ms, 521.169 GB/s
   0, 0, Tesla V100-PCIE-16GB, 7.0, 877, 1245, 536870912, 80, 160, 2, 262144, 1024, 5, 2.41629 ms, 888.753 GB/s
   1, 0, Tesla V100-PCIE-16GB, 7.0, 877, 1245, 536870912, 80, 320, 4, 262144, 1024, 5, 2.42406 ms, 885.902 GB/s
   2, 0, Tesla V100-PCIE-16GB, 7.0, 877, 1245, 536870912, 80, 640, 8, 262144, 1024, 5, 2.41555 ms, 889.024 GB/s
   3, 0, Tesla V100-PCIE-16GB, 7.0, 877, 1245, 536870912, 80, 1280, 16, 262144, 1024, 5, 2.41734 ms, 888.365 GB/s
   4, 0, Tesla V100-PCIE-16GB, 7.0, 877, 1245, 536870912, 80, 2560, 32, 262144, 1024, 5, 2.41462 ms, 889.366 GB/s
   5, 0, Tesla V100-PCIE-16GB, 7.0, 877, 1245, 536870912, 80, 5120, 64, 262144, 1024, 5, 2.41149 ms, 890.522 GB/s
   6, 0, Tesla V100-PCIE-16GB, 7.0, 877, 1245, 536870912, 80, 10240, 128, 262144, 1024, 5, 2.41354 ms, 889.767 GB/s
   7, 0, Tesla V100-PCIE-16GB, 7.0, 877, 1245, 536870912, 80, 20480, 256, 262144, 1024, 5, 2.41245 ms, 890.168 GB/s
   8, 0, Tesla V100-PCIE-16GB, 7.0, 877, 1245, 536870912, 80, 40960, 512, 262144, 1024, 5, 2.45056 ms, 876.324 GB/s
   9, 0, Tesla V100-PCIE-16GB, 7.0, 877, 1245, 536870912, 80, 81920, 1024, 262144, 1024, 5, 2.50851 ms, 856.079 GB/s
  10, 0, Tesla V100-PCIE-16GB, 7.0, 877, 1245, 536870912, 80, 163840, 2048, 262144, 1024, 5, 3.61587 ms, 593.905 GB/s
  11, 0, Tesla V100-PCIE-16GB, 7.0, 877, 1245, 536870912, 80, 262144, 3276, 262144, 1024, 5, 4.80493 ms, 446.934 GB/s
   0, 0, Tesla V100-PCIE-16GB, 7.0, 877, 1245, 1073741824, 80, 160, 2, 8388608, 64, 5, 12.5766 ms, 341.504 GB/s
   1, 0, Tesla V100-PCIE-16GB, 7.0, 877, 1245, 1073741824, 80, 320, 4, 8388608, 64, 5, 7.54589 ms, 569.18 GB/s
   2, 0, Tesla V100-PCIE-16GB, 7.0, 877, 1245, 1073741824, 80, 640, 8, 8388608, 64, 5, 5.56627 ms, 771.606 GB/s
   3, 0, Tesla V100-PCIE-16GB, 7.0, 877, 1245, 1073741824, 80, 1280, 16, 8388608, 64, 5, 4.99984 ms, 859.021 GB/s
   4, 0, Tesla V100-PCIE-16GB, 7.0, 877, 1245, 1073741824, 80, 2560, 32, 8388608, 64, 5, 4.86502 ms, 882.825 GB/s
   5, 0, Tesla V100-PCIE-16GB, 7.0, 877, 1245, 1073741824, 80, 5120, 64, 8388608, 64, 5, 4.8417 ms, 887.079 GB/s
   6, 0, Tesla V100-PCIE-16GB, 7.0, 877, 1245, 1073741824, 80, 10240, 128, 8388608, 64, 5, 4.85158 ms, 885.271 GB/s
   7, 0, Tesla V100-PCIE-16GB, 7.0, 877, 1245, 1073741824, 80, 20480, 256, 8388608, 64, 5, 4.8873 ms, 878.802 GB/s
   8, 0, Tesla V100-PCIE-16GB, 7.0, 877, 1245, 1073741824, 80, 40960, 512, 8388608, 64, 5, 4.89907 ms, 876.69 GB/s
   9, 0, Tesla V100-PCIE-16GB, 7.0, 877, 1245, 1073741824, 80, 81920, 1024, 8388608, 64, 5, 4.93795 ms, 869.787 GB/s
  10, 0, Tesla V100-PCIE-16GB, 7.0, 877, 1245, 1073741824, 80, 163840, 2048, 8388608, 64, 5, 5.04586 ms, 851.187 GB/s
  11, 0, Tesla V100-PCIE-16GB, 7.0, 877, 1245, 1073741824, 80, 327680, 4096, 8388608, 64, 5, 5.28486 ms, 812.692 GB/s
  12, 0, Tesla V100-PCIE-16GB, 7.0, 877, 1245, 1073741824, 80, 655360, 8192, 8388608, 64, 5, 5.76525 ms, 744.975 GB/s
  13, 0, Tesla V100-PCIE-16GB, 7.0, 877, 1245, 1073741824, 80, 1310720, 16384, 8388608, 64, 5, 6.74003 ms, 637.232 GB/s
  14, 0, Tesla V100-PCIE-16GB, 7.0, 877, 1245, 1073741824, 80, 2621440, 32768, 8388608, 64, 5, 8.74355 ms, 491.215 GB/s
  15, 0, Tesla V100-PCIE-16GB, 7.0, 877, 1245, 1073741824, 80, 5242880, 65536, 8388608, 64, 5, 16.5428 ms, 259.628 GB/s
  16, 0, Tesla V100-PCIE-16GB, 7.0, 877, 1245, 1073741824, 80, 8388608, 104857, 8388608, 64, 5, 26.4536 ms, 162.359 GB/s
   0, 0, Tesla V100-PCIE-16GB, 7.0, 877, 1245, 1073741824, 80, 160, 2, 4194304, 128, 5, 7.50602 ms, 572.203 GB/s
   1, 0, Tesla V100-PCIE-16GB, 7.0, 877, 1245, 1073741824, 80, 320, 4, 4194304, 128, 5, 5.46998 ms, 785.188 GB/s
   2, 0, Tesla V100-PCIE-16GB, 7.0, 877, 1245, 1073741824, 80, 640, 8, 4194304, 128, 5, 4.94877 ms, 867.886 GB/s
   3, 0, Tesla V100-PCIE-16GB, 7.0, 877, 1245, 1073741824, 80, 1280, 16, 4194304, 128, 5, 4.81062 ms, 892.809 GB/s
   4, 0, Tesla V100-PCIE-16GB, 7.0, 877, 1245, 1073741824, 80, 2560, 32, 4194304, 128, 5, 4.83843 ms, 887.678 GB/s
   5, 0, Tesla V100-PCIE-16GB, 7.0, 877, 1245, 1073741824, 80, 5120, 64, 4194304, 128, 5, 4.8481 ms, 885.908 GB/s
   6, 0, Tesla V100-PCIE-16GB, 7.0, 877, 1245, 1073741824, 80, 10240, 128, 4194304, 128, 5, 4.85133 ms, 885.318 GB/s
   7, 0, Tesla V100-PCIE-16GB, 7.0, 877, 1245, 1073741824, 80, 20480, 256, 4194304, 128, 5, 4.8504 ms, 885.487 GB/s
   8, 0, Tesla V100-PCIE-16GB, 7.0, 877, 1245, 1073741824, 80, 40960, 512, 4194304, 128, 5, 4.852 ms, 885.195 GB/s
   9, 0, Tesla V100-PCIE-16GB, 7.0, 877, 1245, 1073741824, 80, 81920, 1024, 4194304, 128, 5, 4.86413 ms, 882.988 GB/s
  10, 0, Tesla V100-PCIE-16GB, 7.0, 877, 1245, 1073741824, 80, 163840, 2048, 4194304, 128, 5, 4.92576 ms, 871.94 GB/s
  11, 0, Tesla V100-PCIE-16GB, 7.0, 877, 1245, 1073741824, 80, 327680, 4096, 4194304, 128, 5, 5.05062 ms, 850.383 GB/s
  12, 0, Tesla V100-PCIE-16GB, 7.0, 877, 1245, 1073741824, 80, 655360, 8192, 4194304, 128, 5, 5.30464 ms, 809.662 GB/s
  13, 0, Tesla V100-PCIE-16GB, 7.0, 877, 1245, 1073741824, 80, 1310720, 16384, 4194304, 128, 5, 5.83414 ms, 736.178 GB/s
  14, 0, Tesla V100-PCIE-16GB, 7.0, 877, 1245, 1073741824, 80, 2621440, 32768, 4194304, 128, 5, 7.85411 ms, 546.843 GB/s
  15, 0, Tesla V100-PCIE-16GB, 7.0, 877, 1245, 1073741824, 80, 4194304, 52428, 4194304, 128, 5, 10.5736 ms, 406.198 GB/s
   0, 0, Tesla V100-PCIE-16GB, 7.0, 877, 1245, 1073741824, 80, 160, 2, 2097152, 256, 5, 5.48579 ms, 782.926 GB/s
   1, 0, Tesla V100-PCIE-16GB, 7.0, 877, 1245, 1073741824, 80, 320, 4, 2097152, 256, 5, 4.99152 ms, 860.453 GB/s
   2, 0, Tesla V100-PCIE-16GB, 7.0, 877, 1245, 1073741824, 80, 640, 8, 2097152, 256, 5, 4.81965 ms, 891.137 GB/s
   3, 0, Tesla V100-PCIE-16GB, 7.0, 877, 1245, 1073741824, 80, 1280, 16, 2097152, 256, 5, 4.8487 ms, 885.797 GB/s
   4, 0, Tesla V100-PCIE-16GB, 7.0, 877, 1245, 1073741824, 80, 2560, 32, 2097152, 256, 5, 4.84272 ms, 886.892 GB/s
   5, 0, Tesla V100-PCIE-16GB, 7.0, 877, 1245, 1073741824, 80, 5120, 64, 2097152, 256, 5, 4.8536 ms, 884.903 GB/s
   6, 0, Tesla V100-PCIE-16GB, 7.0, 877, 1245, 1073741824, 80, 10240, 128, 2097152, 256, 5, 4.83418 ms, 888.459 GB/s
   7, 0, Tesla V100-PCIE-16GB, 7.0, 877, 1245, 1073741824, 80, 20480, 256, 2097152, 256, 5, 4.82291 ms, 890.534 GB/s
   8, 0, Tesla V100-PCIE-16GB, 7.0, 877, 1245, 1073741824, 80, 40960, 512, 2097152, 256, 5, 4.81693 ms, 891.64 GB/s
   9, 0, Tesla V100-PCIE-16GB, 7.0, 877, 1245, 1073741824, 80, 81920, 1024, 2097152, 256, 5, 4.83475 ms, 888.353 GB/s
  10, 0, Tesla V100-PCIE-16GB, 7.0, 877, 1245, 1073741824, 80, 163840, 2048, 2097152, 256, 5, 4.86579 ms, 882.686 GB/s
  11, 0, Tesla V100-PCIE-16GB, 7.0, 877, 1245, 1073741824, 80, 327680, 4096, 2097152, 256, 5, 4.93904 ms, 869.596 GB/s
  12, 0, Tesla V100-PCIE-16GB, 7.0, 877, 1245, 1073741824, 80, 655360, 8192, 2097152, 256, 5, 5.09936 ms, 842.256 GB/s
  13, 0, Tesla V100-PCIE-16GB, 7.0, 877, 1245, 1073741824, 80, 1310720, 16384, 2097152, 256, 5, 6.5624 ms, 654.481 GB/s
  14, 0, Tesla V100-PCIE-16GB, 7.0, 877, 1245, 1073741824, 80, 2097152, 26214, 2097152, 256, 5, 7.89562 ms, 543.969 GB/s
   0, 0, Tesla V100-PCIE-16GB, 7.0, 877, 1245, 1073741824, 80, 160, 2, 1048576, 512, 5, 5.00915 ms, 857.424 GB/s
   1, 0, Tesla V100-PCIE-16GB, 7.0, 877, 1245, 1073741824, 80, 320, 4, 1048576, 512, 5, 4.81958 ms, 891.149 GB/s
   2, 0, Tesla V100-PCIE-16GB, 7.0, 877, 1245, 1073741824, 80, 640, 8, 1048576, 512, 5, 4.85056 ms, 885.458 GB/s
   3, 0, Tesla V100-PCIE-16GB, 7.0, 877, 1245, 1073741824, 80, 1280, 16, 1048576, 512, 5, 4.8528 ms, 885.049 GB/s
   4, 0, Tesla V100-PCIE-16GB, 7.0, 877, 1245, 1073741824, 80, 2560, 32, 1048576, 512, 5, 4.83949 ms, 887.484 GB/s
   5, 0, Tesla V100-PCIE-16GB, 7.0, 877, 1245, 1073741824, 80, 5120, 64, 1048576, 512, 5, 4.82333 ms, 890.457 GB/s
   6, 0, Tesla V100-PCIE-16GB, 7.0, 877, 1245, 1073741824, 80, 10240, 128, 1048576, 512, 5, 4.81235 ms, 892.488 GB/s
   7, 0, Tesla V100-PCIE-16GB, 7.0, 877, 1245, 1073741824, 80, 20480, 256, 1048576, 512, 5, 4.804 ms, 894.04 GB/s
   8, 0, Tesla V100-PCIE-16GB, 7.0, 877, 1245, 1073741824, 80, 40960, 512, 1048576, 512, 5, 4.80877 ms, 893.153 GB/s
   9, 0, Tesla V100-PCIE-16GB, 7.0, 877, 1245, 1073741824, 80, 81920, 1024, 1048576, 512, 5, 4.81878 ms, 891.297 GB/s
  10, 0, Tesla V100-PCIE-16GB, 7.0, 877, 1245, 1073741824, 80, 163840, 2048, 1048576, 512, 5, 4.8497 ms, 885.616 GB/s
  11, 0, Tesla V100-PCIE-16GB, 7.0, 877, 1245, 1073741824, 80, 327680, 4096, 1048576, 512, 5, 4.96118 ms, 865.714 GB/s
  12, 0, Tesla V100-PCIE-16GB, 7.0, 877, 1245, 1073741824, 80, 655360, 8192, 1048576, 512, 5, 6.50138 ms, 660.624 GB/s
  13, 0, Tesla V100-PCIE-16GB, 7.0, 877, 1245, 1073741824, 80, 1048576, 13107, 1048576, 512, 5, 8.18778 ms, 524.558 GB/s
   0, 0, Tesla V100-PCIE-16GB, 7.0, 877, 1245, 1073741824, 80, 160, 2, 524288, 1024, 5, 4.82003 ms, 891.066 GB/s
   1, 0, Tesla V100-PCIE-16GB, 7.0, 877, 1245, 1073741824, 80, 320, 4, 524288, 1024, 5, 4.84758 ms, 886.002 GB/s
   2, 0, Tesla V100-PCIE-16GB, 7.0, 877, 1245, 1073741824, 80, 640, 8, 524288, 1024, 5, 4.83152 ms, 888.947 GB/s
   3, 0, Tesla V100-PCIE-16GB, 7.0, 877, 1245, 1073741824, 80, 1280, 16, 524288, 1024, 5, 4.83453 ms, 888.394 GB/s
   4, 0, Tesla V100-PCIE-16GB, 7.0, 877, 1245, 1073741824, 80, 2560, 32, 524288, 1024, 5, 4.81709 ms, 891.611 GB/s
   5, 0, Tesla V100-PCIE-16GB, 7.0, 877, 1245, 1073741824, 80, 5120, 64, 524288, 1024, 5, 4.81181 ms, 892.589 GB/s
   6, 0, Tesla V100-PCIE-16GB, 7.0, 877, 1245, 1073741824, 80, 10240, 128, 524288, 1024, 5, 4.80493 ms, 893.867 GB/s
   7, 0, Tesla V100-PCIE-16GB, 7.0, 877, 1245, 1073741824, 80, 20480, 256, 524288, 1024, 5, 4.80701 ms, 893.48 GB/s
   8, 0, Tesla V100-PCIE-16GB, 7.0, 877, 1245, 1073741824, 80, 40960, 512, 524288, 1024, 5, 4.80688 ms, 893.504 GB/s
   9, 0, Tesla V100-PCIE-16GB, 7.0, 877, 1245, 1073741824, 80, 81920, 1024, 524288, 1024, 5, 4.87014 ms, 881.897 GB/s
  10, 0, Tesla V100-PCIE-16GB, 7.0, 877, 1245, 1073741824, 80, 163840, 2048, 524288, 1024, 5, 5.00486 ms, 858.159 GB/s
  11, 0, Tesla V100-PCIE-16GB, 7.0, 877, 1245, 1073741824, 80, 327680, 4096, 524288, 1024, 5, 7.31139 ms, 587.435 GB/s
  12, 0, Tesla V100-PCIE-16GB, 7.0, 877, 1245, 1073741824, 80, 524288, 6553, 524288, 1024, 5, 9.50544 ms, 451.843 GB/s
