; saxpy-grid 1048576 1073741824, Thu Aug 23 16:59:51 2018
index,dev_id,dev_name,dev_CC,dev_memClock,dev_clock,n,numSMs,blocks_i,blocks_i/numSMs,blocks_n,TBlocksize,TRuns,min_time,max_throughput
   0, 0, Tesla V100-PCIE-16GB, 7.0, 877, 1245, 1048576, 80, 160, 2, 16384, 64, 5, 0.057216 ms, 219.919 GB/s
   1, 0, Tesla V100-PCIE-16GB, 7.0, 877, 1245, 1048576, 80, 320, 4, 16384, 64, 5, 0.037024 ms, 339.858 GB/s
   2, 0, Tesla V100-PCIE-16GB, 7.0, 877, 1245, 1048576, 80, 640, 8, 16384, 64, 5, 0.027168 ms, 463.152 GB/s
   3, 0, Tesla V100-PCIE-16GB, 7.0, 877, 1245, 1048576, 80, 1280, 16, 16384, 64, 5, 0.023264 ms, 540.875 GB/s
   4, 0, Tesla V100-PCIE-16GB, 7.0, 877, 1245, 1048576, 80, 2560, 32, 16384, 64, 5, 0.020992 ms, 599.415 GB/s
   5, 0, Tesla V100-PCIE-16GB, 7.0, 877, 1245, 1048576, 80, 5120, 64, 16384, 64, 5, 0.020448 ms, 615.362 GB/s
   6, 0, Tesla V100-PCIE-16GB, 7.0, 877, 1245, 1048576, 80, 10240, 128, 16384, 64, 5, 0.026272 ms, 478.948 GB/s
   7, 0, Tesla V100-PCIE-16GB, 7.0, 877, 1245, 1048576, 80, 16384, 204, 16384, 64, 5, 0.03616 ms, 347.979 GB/s
   0, 0, Tesla V100-PCIE-16GB, 7.0, 877, 1245, 1048576, 80, 160, 2, 8192, 128, 5, 0.035616 ms, 353.294 GB/s
   1, 0, Tesla V100-PCIE-16GB, 7.0, 877, 1245, 1048576, 80, 320, 4, 8192, 128, 5, 0.025504 ms, 493.37 GB/s
   2, 0, Tesla V100-PCIE-16GB, 7.0, 877, 1245, 1048576, 80, 640, 8, 8192, 128, 5, 0.020256 ms, 621.194 GB/s
   3, 0, Tesla V100-PCIE-16GB, 7.0, 877, 1245, 1048576, 80, 1280, 16, 8192, 128, 5, 0.018464 ms, 681.484 GB/s
   4, 0, Tesla V100-PCIE-16GB, 7.0, 877, 1245, 1048576, 80, 2560, 32, 8192, 128, 5, 0.01696 ms, 741.917 GB/s
   5, 0, Tesla V100-PCIE-16GB, 7.0, 877, 1245, 1048576, 80, 5120, 64, 8192, 128, 5, 0.017184 ms, 732.246 GB/s
   6, 0, Tesla V100-PCIE-16GB, 7.0, 877, 1245, 1048576, 80, 8192, 102, 8192, 128, 5, 0.020864 ms, 603.092 GB/s
   0, 0, Tesla V100-PCIE-16GB, 7.0, 877, 1245, 1048576, 80, 160, 2, 4096, 256, 5, 0.025152 ms, 500.275 GB/s
   1, 0, Tesla V100-PCIE-16GB, 7.0, 877, 1245, 1048576, 80, 320, 4, 4096, 256, 5, 0.02048 ms, 614.4 GB/s
   2, 0, Tesla V100-PCIE-16GB, 7.0, 877, 1245, 1048576, 80, 640, 8, 4096, 256, 5, 0.018272 ms, 688.644 GB/s
   3, 0, Tesla V100-PCIE-16GB, 7.0, 877, 1245, 1048576, 80, 1280, 16, 4096, 256, 5, 0.01728 ms, 728.178 GB/s
   4, 0, Tesla V100-PCIE-16GB, 7.0, 877, 1245, 1048576, 80, 2560, 32, 4096, 256, 5, 0.01648 ms, 763.526 GB/s
   5, 0, Tesla V100-PCIE-16GB, 7.0, 877, 1245, 1048576, 80, 4096, 51, 4096, 256, 5, 0.018112 ms, 694.728 GB/s
   0, 0, Tesla V100-PCIE-16GB, 7.0, 877, 1245, 1048576, 80, 160, 2, 2048, 512, 5, 0.021024 ms, 598.502 GB/s
   1, 0, Tesla V100-PCIE-16GB, 7.0, 877, 1245, 1048576, 80, 320, 4, 2048, 512, 5, 0.018048 ms, 697.191 GB/s
   2, 0, Tesla V100-PCIE-16GB, 7.0, 877, 1245, 1048576, 80, 640, 8, 2048, 512, 5, 0.016992 ms, 740.52 GB/s
   3, 0, Tesla V100-PCIE-16GB, 7.0, 877, 1245, 1048576, 80, 1280, 16, 2048, 512, 5, 0.016544 ms, 760.573 GB/s
   4, 0, Tesla V100-PCIE-16GB, 7.0, 877, 1245, 1048576, 80, 2048, 25, 2048, 512, 5, 0.018048 ms, 697.191 GB/s
   0, 0, Tesla V100-PCIE-16GB, 7.0, 877, 1245, 1048576, 80, 160, 2, 1024, 1024, 5, 0.018304 ms, 687.441 GB/s
   1, 0, Tesla V100-PCIE-16GB, 7.0, 877, 1245, 1048576, 80, 320, 4, 1024, 1024, 5, 0.017216 ms, 730.885 GB/s
   2, 0, Tesla V100-PCIE-16GB, 7.0, 877, 1245, 1048576, 80, 640, 8, 1024, 1024, 5, 0.016704 ms, 753.287 GB/s
   3, 0, Tesla V100-PCIE-16GB, 7.0, 877, 1245, 1048576, 80, 1024, 12, 1024, 1024, 5, 0.018656 ms, 674.47 GB/s
   0, 0, Tesla V100-PCIE-16GB, 7.0, 877, 1245, 2097152, 80, 160, 2, 32768, 64, 5, 0.109632 ms, 229.548 GB/s
   1, 0, Tesla V100-PCIE-16GB, 7.0, 877, 1245, 2097152, 80, 320, 4, 32768, 64, 5, 0.069408 ms, 362.578 GB/s
   2, 0, Tesla V100-PCIE-16GB, 7.0, 877, 1245, 2097152, 80, 640, 8, 32768, 64, 5, 0.049408 ms, 509.347 GB/s
   3, 0, Tesla V100-PCIE-16GB, 7.0, 877, 1245, 2097152, 80, 1280, 16, 32768, 64, 5, 0.042592 ms, 590.858 GB/s
   4, 0, Tesla V100-PCIE-16GB, 7.0, 877, 1245, 2097152, 80, 2560, 32, 32768, 64, 5, 0.041248 ms, 610.11 GB/s
   5, 0, Tesla V100-PCIE-16GB, 7.0, 877, 1245, 2097152, 80, 5120, 64, 32768, 64, 5, 0.039968 ms, 629.649 GB/s
   6, 0, Tesla V100-PCIE-16GB, 7.0, 877, 1245, 2097152, 80, 10240, 128, 32768, 64, 5, 0.0384 ms, 655.36 GB/s
   7, 0, Tesla V100-PCIE-16GB, 7.0, 877, 1245, 2097152, 80, 20480, 256, 32768, 64, 5, 0.045376 ms, 554.607 GB/s
   8, 0, Tesla V100-PCIE-16GB, 7.0, 877, 1245, 2097152, 80, 32768, 409, 32768, 64, 5, 0.062528 ms, 402.473 GB/s
   0, 0, Tesla V100-PCIE-16GB, 7.0, 877, 1245, 2097152, 80, 160, 2, 16384, 128, 5, 0.068384 ms, 368.007 GB/s
   1, 0, Tesla V100-PCIE-16GB, 7.0, 877, 1245, 2097152, 80, 320, 4, 16384, 128, 5, 0.049056 ms, 513.002 GB/s
   2, 0, Tesla V100-PCIE-16GB, 7.0, 877, 1245, 2097152, 80, 640, 8, 16384, 128, 5, 0.04224 ms, 595.782 GB/s
   3, 0, Tesla V100-PCIE-16GB, 7.0, 877, 1245, 2097152, 80, 1280, 16, 16384, 128, 5, 0.040032 ms, 628.643 GB/s
   4, 0, Tesla V100-PCIE-16GB, 7.0, 877, 1245, 2097152, 80, 2560, 32, 16384, 128, 5, 0.04 ms, 629.146 GB/s
   5, 0, Tesla V100-PCIE-16GB, 7.0, 877, 1245, 2097152, 80, 5120, 64, 16384, 128, 5, 0.038016 ms, 661.98 GB/s
   6, 0, Tesla V100-PCIE-16GB, 7.0, 877, 1245, 2097152, 80, 10240, 128, 16384, 128, 5, 0.03728 ms, 675.049 GB/s
   7, 0, Tesla V100-PCIE-16GB, 7.0, 877, 1245, 2097152, 80, 16384, 204, 16384, 128, 5, 0.04096 ms, 614.4 GB/s
   0, 0, Tesla V100-PCIE-16GB, 7.0, 877, 1245, 2097152, 80, 160, 2, 8192, 256, 5, 0.049152 ms, 512 GB/s
   1, 0, Tesla V100-PCIE-16GB, 7.0, 877, 1245, 2097152, 80, 320, 4, 8192, 256, 5, 0.043072 ms, 584.273 GB/s
   2, 0, Tesla V100-PCIE-16GB, 7.0, 877, 1245, 2097152, 80, 640, 8, 8192, 256, 5, 0.0408 ms, 616.809 GB/s
   3, 0, Tesla V100-PCIE-16GB, 7.0, 877, 1245, 2097152, 80, 1280, 16, 8192, 256, 5, 0.040032 ms, 628.643 GB/s
   4, 0, Tesla V100-PCIE-16GB, 7.0, 877, 1245, 2097152, 80, 2560, 32, 8192, 256, 5, 0.038432 ms, 654.814 GB/s
   5, 0, Tesla V100-PCIE-16GB, 7.0, 877, 1245, 2097152, 80, 5120, 64, 8192, 256, 5, 0.037248 ms, 675.629 GB/s
   6, 0, Tesla V100-PCIE-16GB, 7.0, 877, 1245, 2097152, 80, 8192, 102, 8192, 256, 5, 0.04048 ms, 621.685 GB/s
   0, 0, Tesla V100-PCIE-16GB, 7.0, 877, 1245, 2097152, 80, 160, 2, 4096, 512, 5, 0.044512 ms, 565.372 GB/s
   1, 0, Tesla V100-PCIE-16GB, 7.0, 877, 1245, 2097152, 80, 320, 4, 4096, 512, 5, 0.043264 ms, 581.68 GB/s
   2, 0, Tesla V100-PCIE-16GB, 7.0, 877, 1245, 2097152, 80, 640, 8, 4096, 512, 5, 0.041184 ms, 611.058 GB/s
   3, 0, Tesla V100-PCIE-16GB, 7.0, 877, 1245, 2097152, 80, 1280, 16, 4096, 512, 5, 0.038976 ms, 645.675 GB/s
   4, 0, Tesla V100-PCIE-16GB, 7.0, 877, 1245, 2097152, 80, 2560, 32, 4096, 512, 5, 0.038592 ms, 652.1 GB/s
   5, 0, Tesla V100-PCIE-16GB, 7.0, 877, 1245, 2097152, 80, 4096, 51, 4096, 512, 5, 0.042432 ms, 593.086 GB/s
   0, 0, Tesla V100-PCIE-16GB, 7.0, 877, 1245, 2097152, 80, 160, 2, 2048, 1024, 5, 0.041632 ms, 604.483 GB/s
   1, 0, Tesla V100-PCIE-16GB, 7.0, 877, 1245, 2097152, 80, 320, 4, 2048, 1024, 5, 0.040512 ms, 621.194 GB/s
   2, 0, Tesla V100-PCIE-16GB, 7.0, 877, 1245, 2097152, 80, 640, 8, 2048, 1024, 5, 0.038368 ms, 655.907 GB/s
   3, 0, Tesla V100-PCIE-16GB, 7.0, 877, 1245, 2097152, 80, 1280, 16, 2048, 1024, 5, 0.037216 ms, 676.21 GB/s
   4, 0, Tesla V100-PCIE-16GB, 7.0, 877, 1245, 2097152, 80, 2048, 25, 2048, 1024, 5, 0.041216 ms, 610.584 GB/s
   0, 0, Tesla V100-PCIE-16GB, 7.0, 877, 1245, 4194304, 80, 160, 2, 65536, 64, 5, 0.205664 ms, 244.728 GB/s
   1, 0, Tesla V100-PCIE-16GB, 7.0, 877, 1245, 4194304, 80, 320, 4, 65536, 64, 5, 0.129568 ms, 388.457 GB/s
   2, 0, Tesla V100-PCIE-16GB, 7.0, 877, 1245, 4194304, 80, 640, 8, 65536, 64, 5, 0.089408 ms, 562.943 GB/s
   3, 0, Tesla V100-PCIE-16GB, 7.0, 877, 1245, 4194304, 80, 1280, 16, 65536, 64, 5, 0.074176 ms, 678.544 GB/s
   4, 0, Tesla V100-PCIE-16GB, 7.0, 877, 1245, 4194304, 80, 2560, 32, 65536, 64, 5, 0.0712 ms, 706.905 GB/s
   5, 0, Tesla V100-PCIE-16GB, 7.0, 877, 1245, 4194304, 80, 5120, 64, 65536, 64, 5, 0.072352 ms, 695.65 GB/s
   6, 0, Tesla V100-PCIE-16GB, 7.0, 877, 1245, 4194304, 80, 10240, 128, 65536, 64, 5, 0.071168 ms, 707.223 GB/s
   7, 0, Tesla V100-PCIE-16GB, 7.0, 877, 1245, 4194304, 80, 20480, 256, 65536, 64, 5, 0.069696 ms, 722.16 GB/s
   8, 0, Tesla V100-PCIE-16GB, 7.0, 877, 1245, 4194304, 80, 40960, 512, 65536, 64, 5, 0.084928 ms, 592.639 GB/s
   9, 0, Tesla V100-PCIE-16GB, 7.0, 877, 1245, 4194304, 80, 65536, 819, 65536, 64, 5, 0.11872 ms, 423.953 GB/s
   0, 0, Tesla V100-PCIE-16GB, 7.0, 877, 1245, 4194304, 80, 160, 2, 32768, 128, 5, 0.128064 ms, 393.019 GB/s
   1, 0, Tesla V100-PCIE-16GB, 7.0, 877, 1245, 4194304, 80, 320, 4, 32768, 128, 5, 0.0888 ms, 566.798 GB/s
   2, 0, Tesla V100-PCIE-16GB, 7.0, 877, 1245, 4194304, 80, 640, 8, 32768, 128, 5, 0.074304 ms, 677.375 GB/s
   3, 0, Tesla V100-PCIE-16GB, 7.0, 877, 1245, 4194304, 80, 1280, 16, 32768, 128, 5, 0.070912 ms, 709.776 GB/s
   4, 0, Tesla V100-PCIE-16GB, 7.0, 877, 1245, 4194304, 80, 2560, 32, 32768, 128, 5, 0.07152 ms, 703.742 GB/s
   5, 0, Tesla V100-PCIE-16GB, 7.0, 877, 1245, 4194304, 80, 5120, 64, 32768, 128, 5, 0.0712 ms, 706.905 GB/s
   6, 0, Tesla V100-PCIE-16GB, 7.0, 877, 1245, 4194304, 80, 10240, 128, 32768, 128, 5, 0.069312 ms, 726.161 GB/s
   7, 0, Tesla V100-PCIE-16GB, 7.0, 877, 1245, 4194304, 80, 20480, 256, 32768, 128, 5, 0.070816 ms, 710.738 GB/s
   8, 0, Tesla V100-PCIE-16GB, 7.0, 877, 1245, 4194304, 80, 32768, 409, 32768, 128, 5, 0.070912 ms, 709.776 GB/s
   0, 0, Tesla V100-PCIE-16GB, 7.0, 877, 1245, 4194304, 80, 160, 2, 16384, 256, 5, 0.087104 ms, 577.834 GB/s
   1, 0, Tesla V100-PCIE-16GB, 7.0, 877, 1245, 4194304, 80, 320, 4, 16384, 256, 5, 0.07488 ms, 672.164 GB/s
   2, 0, Tesla V100-PCIE-16GB, 7.0, 877, 1245, 4194304, 80, 640, 8, 16384, 256, 5, 0.071264 ms, 706.27 GB/s
   3, 0, Tesla V100-PCIE-16GB, 7.0, 877, 1245, 4194304, 80, 1280, 16, 16384, 256, 5, 0.072096 ms, 698.12 GB/s
   4, 0, Tesla V100-PCIE-16GB, 7.0, 877, 1245, 4194304, 80, 2560, 32, 16384, 256, 5, 0.071296 ms, 705.953 GB/s
   5, 0, Tesla V100-PCIE-16GB, 7.0, 877, 1245, 4194304, 80, 5120, 64, 16384, 256, 5, 0.069024 ms, 729.191 GB/s
   6, 0, Tesla V100-PCIE-16GB, 7.0, 877, 1245, 4194304, 80, 10240, 128, 16384, 256, 5, 0.070848 ms, 710.417 GB/s
   7, 0, Tesla V100-PCIE-16GB, 7.0, 877, 1245, 4194304, 80, 16384, 204, 16384, 256, 5, 0.070784 ms, 711.06 GB/s
   0, 0, Tesla V100-PCIE-16GB, 7.0, 877, 1245, 4194304, 80, 160, 2, 8192, 512, 5, 0.075872 ms, 663.376 GB/s
   1, 0, Tesla V100-PCIE-16GB, 7.0, 877, 1245, 4194304, 80, 320, 4, 8192, 512, 5, 0.071936 ms, 699.673 GB/s
   2, 0, Tesla V100-PCIE-16GB, 7.0, 877, 1245, 4194304, 80, 640, 8, 8192, 512, 5, 0.07184 ms, 700.608 GB/s
   3, 0, Tesla V100-PCIE-16GB, 7.0, 877, 1245, 4194304, 80, 1280, 16, 8192, 512, 5, 0.071264 ms, 706.27 GB/s
   4, 0, Tesla V100-PCIE-16GB, 7.0, 877, 1245, 4194304, 80, 2560, 32, 8192, 512, 5, 0.069376 ms, 725.491 GB/s
   5, 0, Tesla V100-PCIE-16GB, 7.0, 877, 1245, 4194304, 80, 5120, 64, 8192, 512, 5, 0.071232 ms, 706.588 GB/s
   6, 0, Tesla V100-PCIE-16GB, 7.0, 877, 1245, 4194304, 80, 8192, 102, 8192, 512, 5, 0.071008 ms, 708.817 GB/s
   0, 0, Tesla V100-PCIE-16GB, 7.0, 877, 1245, 4194304, 80, 160, 2, 4096, 1024, 5, 0.07168 ms, 702.171 GB/s
   1, 0, Tesla V100-PCIE-16GB, 7.0, 877, 1245, 4194304, 80, 320, 4, 4096, 1024, 5, 0.071488 ms, 704.057 GB/s
   2, 0, Tesla V100-PCIE-16GB, 7.0, 877, 1245, 4194304, 80, 640, 8, 4096, 1024, 5, 0.071584 ms, 703.113 GB/s
   3, 0, Tesla V100-PCIE-16GB, 7.0, 877, 1245, 4194304, 80, 1280, 16, 4096, 1024, 5, 0.068992 ms, 729.529 GB/s
   4, 0, Tesla V100-PCIE-16GB, 7.0, 877, 1245, 4194304, 80, 2560, 32, 4096, 1024, 5, 0.070464 ms, 714.289 GB/s
   5, 0, Tesla V100-PCIE-16GB, 7.0, 877, 1245, 4194304, 80, 4096, 51, 4096, 1024, 5, 0.070656 ms, 712.348 GB/s
   0, 0, Tesla V100-PCIE-16GB, 7.0, 877, 1245, 8388608, 80, 160, 2, 131072, 64, 5, 0.407296 ms, 247.15 GB/s
   1, 0, Tesla V100-PCIE-16GB, 7.0, 877, 1245, 8388608, 80, 320, 4, 131072, 64, 5, 0.248576 ms, 404.96 GB/s
   2, 0, Tesla V100-PCIE-16GB, 7.0, 877, 1245, 8388608, 80, 640, 8, 131072, 64, 5, 0.168384 ms, 597.82 GB/s
   3, 0, Tesla V100-PCIE-16GB, 7.0, 877, 1245, 8388608, 80, 1280, 16, 131072, 64, 5, 0.137824 ms, 730.376 GB/s
   4, 0, Tesla V100-PCIE-16GB, 7.0, 877, 1245, 8388608, 80, 2560, 32, 131072, 64, 5, 0.132544 ms, 759.471 GB/s
   5, 0, Tesla V100-PCIE-16GB, 7.0, 877, 1245, 8388608, 80, 5120, 64, 131072, 64, 5, 0.133504 ms, 754.01 GB/s
   6, 0, Tesla V100-PCIE-16GB, 7.0, 877, 1245, 8388608, 80, 10240, 128, 131072, 64, 5, 0.135776 ms, 741.392 GB/s
   7, 0, Tesla V100-PCIE-16GB, 7.0, 877, 1245, 8388608, 80, 20480, 256, 131072, 64, 5, 0.134592 ms, 747.914 GB/s
   8, 0, Tesla V100-PCIE-16GB, 7.0, 877, 1245, 8388608, 80, 40960, 512, 131072, 64, 5, 0.131488 ms, 765.57 GB/s
   9, 0, Tesla V100-PCIE-16GB, 7.0, 877, 1245, 8388608, 80, 81920, 1024, 131072, 64, 5, 0.15824 ms, 636.143 GB/s
  10, 0, Tesla V100-PCIE-16GB, 7.0, 877, 1245, 8388608, 80, 131072, 1638, 131072, 64, 5, 0.230496 ms, 436.725 GB/s
   0, 0, Tesla V100-PCIE-16GB, 7.0, 877, 1245, 8388608, 80, 160, 2, 65536, 128, 5, 0.2472 ms, 407.214 GB/s
   1, 0, Tesla V100-PCIE-16GB, 7.0, 877, 1245, 8388608, 80, 320, 4, 65536, 128, 5, 0.165888 ms, 606.815 GB/s
   2, 0, Tesla V100-PCIE-16GB, 7.0, 877, 1245, 8388608, 80, 640, 8, 65536, 128, 5, 0.138368 ms, 727.504 GB/s
   3, 0, Tesla V100-PCIE-16GB, 7.0, 877, 1245, 8388608, 80, 1280, 16, 65536, 128, 5, 0.132 ms, 762.601 GB/s
   4, 0, Tesla V100-PCIE-16GB, 7.0, 877, 1245, 8388608, 80, 2560, 32, 65536, 128, 5, 0.13296 ms, 757.095 GB/s
   5, 0, Tesla V100-PCIE-16GB, 7.0, 877, 1245, 8388608, 80, 5120, 64, 65536, 128, 5, 0.134336 ms, 749.34 GB/s
   6, 0, Tesla V100-PCIE-16GB, 7.0, 877, 1245, 8388608, 80, 10240, 128, 65536, 128, 5, 0.133152 ms, 756.003 GB/s
   7, 0, Tesla V100-PCIE-16GB, 7.0, 877, 1245, 8388608, 80, 20480, 256, 65536, 128, 5, 0.131648 ms, 764.64 GB/s
   8, 0, Tesla V100-PCIE-16GB, 7.0, 877, 1245, 8388608, 80, 40960, 512, 65536, 128, 5, 0.132896 ms, 757.459 GB/s
   9, 0, Tesla V100-PCIE-16GB, 7.0, 877, 1245, 8388608, 80, 65536, 819, 65536, 128, 5, 0.13232 ms, 760.756 GB/s
   0, 0, Tesla V100-PCIE-16GB, 7.0, 877, 1245, 8388608, 80, 160, 2, 32768, 256, 5, 0.165888 ms, 606.815 GB/s
   1, 0, Tesla V100-PCIE-16GB, 7.0, 877, 1245, 8388608, 80, 320, 4, 32768, 256, 5, 0.139648 ms, 720.836 GB/s
   2, 0, Tesla V100-PCIE-16GB, 7.0, 877, 1245, 8388608, 80, 640, 8, 32768, 256, 5, 0.132608 ms, 759.104 GB/s
   3, 0, Tesla V100-PCIE-16GB, 7.0, 877, 1245, 8388608, 80, 1280, 16, 32768, 256, 5, 0.133248 ms, 755.458 GB/s
   4, 0, Tesla V100-PCIE-16GB, 7.0, 877, 1245, 8388608, 80, 2560, 32, 32768, 256, 5, 0.135008 ms, 745.61 GB/s
   5, 0, Tesla V100-PCIE-16GB, 7.0, 877, 1245, 8388608, 80, 5120, 64, 32768, 256, 5, 0.13376 ms, 752.566 GB/s
   6, 0, Tesla V100-PCIE-16GB, 7.0, 877, 1245, 8388608, 80, 10240, 128, 32768, 256, 5, 0.132096 ms, 762.047 GB/s
   7, 0, Tesla V100-PCIE-16GB, 7.0, 877, 1245, 8388608, 80, 20480, 256, 32768, 256, 5, 0.132256 ms, 761.125 GB/s
   8, 0, Tesla V100-PCIE-16GB, 7.0, 877, 1245, 8388608, 80, 32768, 409, 32768, 256, 5, 0.131616 ms, 764.826 GB/s
   0, 0, Tesla V100-PCIE-16GB, 7.0, 877, 1245, 8388608, 80, 160, 2, 16384, 512, 5, 0.137696 ms, 731.055 GB/s
   1, 0, Tesla V100-PCIE-16GB, 7.0, 877, 1245, 8388608, 80, 320, 4, 16384, 512, 5, 0.132 ms, 762.601 GB/s
   2, 0, Tesla V100-PCIE-16GB, 7.0, 877, 1245, 8388608, 80, 640, 8, 16384, 512, 5, 0.13376 ms, 752.566 GB/s
   3, 0, Tesla V100-PCIE-16GB, 7.0, 877, 1245, 8388608, 80, 1280, 16, 16384, 512, 5, 0.13552 ms, 742.793 GB/s
   4, 0, Tesla V100-PCIE-16GB, 7.0, 877, 1245, 8388608, 80, 2560, 32, 16384, 512, 5, 0.13328 ms, 755.277 GB/s
   5, 0, Tesla V100-PCIE-16GB, 7.0, 877, 1245, 8388608, 80, 5120, 64, 16384, 512, 5, 0.131968 ms, 762.786 GB/s
   6, 0, Tesla V100-PCIE-16GB, 7.0, 877, 1245, 8388608, 80, 10240, 128, 16384, 512, 5, 0.132064 ms, 762.231 GB/s
   7, 0, Tesla V100-PCIE-16GB, 7.0, 877, 1245, 8388608, 80, 16384, 204, 16384, 512, 5, 0.132288 ms, 760.941 GB/s
   0, 0, Tesla V100-PCIE-16GB, 7.0, 877, 1245, 8388608, 80, 160, 2, 8192, 1024, 5, 0.132352 ms, 760.573 GB/s
   1, 0, Tesla V100-PCIE-16GB, 7.0, 877, 1245, 8388608, 80, 320, 4, 8192, 1024, 5, 0.1336 ms, 753.468 GB/s
   2, 0, Tesla V100-PCIE-16GB, 7.0, 877, 1245, 8388608, 80, 640, 8, 8192, 1024, 5, 0.133344 ms, 754.914 GB/s
   3, 0, Tesla V100-PCIE-16GB, 7.0, 877, 1245, 8388608, 80, 1280, 16, 8192, 1024, 5, 0.13392 ms, 751.667 GB/s
   4, 0, Tesla V100-PCIE-16GB, 7.0, 877, 1245, 8388608, 80, 2560, 32, 8192, 1024, 5, 0.132096 ms, 762.047 GB/s
   5, 0, Tesla V100-PCIE-16GB, 7.0, 877, 1245, 8388608, 80, 5120, 64, 8192, 1024, 5, 0.132416 ms, 760.205 GB/s
   6, 0, Tesla V100-PCIE-16GB, 7.0, 877, 1245, 8388608, 80, 8192, 102, 8192, 1024, 5, 0.132384 ms, 760.389 GB/s
   0, 0, Tesla V100-PCIE-16GB, 7.0, 877, 1245, 16777216, 80, 160, 2, 262144, 64, 5, 0.81776 ms, 246.193 GB/s
   1, 0, Tesla V100-PCIE-16GB, 7.0, 877, 1245, 16777216, 80, 320, 4, 262144, 64, 5, 0.499296 ms, 403.221 GB/s
   2, 0, Tesla V100-PCIE-16GB, 7.0, 877, 1245, 16777216, 80, 640, 8, 262144, 64, 5, 0.323616 ms, 622.116 GB/s
   3, 0, Tesla V100-PCIE-16GB, 7.0, 877, 1245, 16777216, 80, 1280, 16, 262144, 64, 5, 0.26288 ms, 765.85 GB/s
   4, 0, Tesla V100-PCIE-16GB, 7.0, 877, 1245, 16777216, 80, 2560, 32, 262144, 64, 5, 0.254624 ms, 790.682 GB/s
   5, 0, Tesla V100-PCIE-16GB, 7.0, 877, 1245, 16777216, 80, 5120, 64, 262144, 64, 5, 0.255584 ms, 787.712 GB/s
   6, 0, Tesla V100-PCIE-16GB, 7.0, 877, 1245, 16777216, 80, 10240, 128, 262144, 64, 5, 0.258336 ms, 779.321 GB/s
   7, 0, Tesla V100-PCIE-16GB, 7.0, 877, 1245, 16777216, 80, 20480, 256, 262144, 64, 5, 0.259232 ms, 776.627 GB/s
   8, 0, Tesla V100-PCIE-16GB, 7.0, 877, 1245, 16777216, 80, 40960, 512, 262144, 64, 5, 0.257216 ms, 782.714 GB/s
   9, 0, Tesla V100-PCIE-16GB, 7.0, 877, 1245, 16777216, 80, 81920, 1024, 262144, 64, 5, 0.253952 ms, 792.774 GB/s
  10, 0, Tesla V100-PCIE-16GB, 7.0, 877, 1245, 16777216, 80, 163840, 2048, 262144, 64, 5, 0.306016 ms, 657.896 GB/s
  11, 0, Tesla V100-PCIE-16GB, 7.0, 877, 1245, 16777216, 80, 262144, 3276, 262144, 64, 5, 0.456256 ms, 441.258 GB/s
   0, 0, Tesla V100-PCIE-16GB, 7.0, 877, 1245, 16777216, 80, 160, 2, 131072, 128, 5, 0.49312 ms, 408.271 GB/s
   1, 0, Tesla V100-PCIE-16GB, 7.0, 877, 1245, 16777216, 80, 320, 4, 131072, 128, 5, 0.323584 ms, 622.177 GB/s
   2, 0, Tesla V100-PCIE-16GB, 7.0, 877, 1245, 16777216, 80, 640, 8, 131072, 128, 5, 0.266272 ms, 756.094 GB/s
   3, 0, Tesla V100-PCIE-16GB, 7.0, 877, 1245, 16777216, 80, 1280, 16, 131072, 128, 5, 0.255008 ms, 789.491 GB/s
   4, 0, Tesla V100-PCIE-16GB, 7.0, 877, 1245, 16777216, 80, 2560, 32, 131072, 128, 5, 0.257472 ms, 781.936 GB/s
   5, 0, Tesla V100-PCIE-16GB, 7.0, 877, 1245, 16777216, 80, 5120, 64, 131072, 128, 5, 0.262336 ms, 767.438 GB/s
   6, 0, Tesla V100-PCIE-16GB, 7.0, 877, 1245, 16777216, 80, 10240, 128, 131072, 128, 5, 0.259968 ms, 774.428 GB/s
   7, 0, Tesla V100-PCIE-16GB, 7.0, 877, 1245, 16777216, 80, 20480, 256, 131072, 128, 5, 0.257824 ms, 780.868 GB/s
   8, 0, Tesla V100-PCIE-16GB, 7.0, 877, 1245, 16777216, 80, 40960, 512, 131072, 128, 5, 0.25664 ms, 784.471 GB/s
   9, 0, Tesla V100-PCIE-16GB, 7.0, 877, 1245, 16777216, 80, 81920, 1024, 131072, 128, 5, 0.255936 ms, 786.629 GB/s
  10, 0, Tesla V100-PCIE-16GB, 7.0, 877, 1245, 16777216, 80, 131072, 1638, 131072, 128, 5, 0.256736 ms, 784.177 GB/s
   0, 0, Tesla V100-PCIE-16GB, 7.0, 877, 1245, 16777216, 80, 160, 2, 65536, 256, 5, 0.328928 ms, 612.069 GB/s
   1, 0, Tesla V100-PCIE-16GB, 7.0, 877, 1245, 16777216, 80, 320, 4, 65536, 256, 5, 0.278688 ms, 722.409 GB/s
   2, 0, Tesla V100-PCIE-16GB, 7.0, 877, 1245, 16777216, 80, 640, 8, 65536, 256, 5, 0.260832 ms, 771.863 GB/s
   3, 0, Tesla V100-PCIE-16GB, 7.0, 877, 1245, 16777216, 80, 1280, 16, 65536, 256, 5, 0.261632 ms, 769.503 GB/s
   4, 0, Tesla V100-PCIE-16GB, 7.0, 877, 1245, 16777216, 80, 2560, 32, 65536, 256, 5, 0.268992 ms, 748.448 GB/s
   5, 0, Tesla V100-PCIE-16GB, 7.0, 877, 1245, 16777216, 80, 5120, 64, 65536, 256, 5, 0.267392 ms, 752.927 GB/s
   6, 0, Tesla V100-PCIE-16GB, 7.0, 877, 1245, 16777216, 80, 10240, 128, 65536, 256, 5, 0.263456 ms, 764.175 GB/s
   7, 0, Tesla V100-PCIE-16GB, 7.0, 877, 1245, 16777216, 80, 20480, 256, 65536, 256, 5, 0.260256 ms, 773.571 GB/s
   8, 0, Tesla V100-PCIE-16GB, 7.0, 877, 1245, 16777216, 80, 40960, 512, 65536, 256, 5, 0.25904 ms, 777.203 GB/s
   9, 0, Tesla V100-PCIE-16GB, 7.0, 877, 1245, 16777216, 80, 65536, 819, 65536, 256, 5, 0.259008 ms, 777.299 GB/s
   0, 0, Tesla V100-PCIE-16GB, 7.0, 877, 1245, 16777216, 80, 160, 2, 32768, 512, 5, 0.27136 ms, 741.917 GB/s
   1, 0, Tesla V100-PCIE-16GB, 7.0, 877, 1245, 16777216, 80, 320, 4, 32768, 512, 5, 0.258816 ms, 777.875 GB/s
   2, 0, Tesla V100-PCIE-16GB, 7.0, 877, 1245, 16777216, 80, 640, 8, 32768, 512, 5, 0.258752 ms, 778.068 GB/s
   3, 0, Tesla V100-PCIE-16GB, 7.0, 877, 1245, 16777216, 80, 1280, 16, 32768, 512, 5, 0.263936 ms, 762.786 GB/s
   4, 0, Tesla V100-PCIE-16GB, 7.0, 877, 1245, 16777216, 80, 2560, 32, 32768, 512, 5, 0.265344 ms, 758.738 GB/s
   5, 0, Tesla V100-PCIE-16GB, 7.0, 877, 1245, 16777216, 80, 5120, 64, 32768, 512, 5, 0.262048 ms, 768.281 GB/s
   6, 0, Tesla V100-PCIE-16GB, 7.0, 877, 1245, 16777216, 80, 10240, 128, 32768, 512, 5, 0.2592 ms, 776.723 GB/s
   7, 0, Tesla V100-PCIE-16GB, 7.0, 877, 1245, 16777216, 80, 20480, 256, 32768, 512, 5, 0.258208 ms, 779.707 GB/s
   8, 0, Tesla V100-PCIE-16GB, 7.0, 877, 1245, 16777216, 80, 32768, 409, 32768, 512, 5, 0.259264 ms, 776.531 GB/s
   0, 0, Tesla V100-PCIE-16GB, 7.0, 877, 1245, 16777216, 80, 160, 2, 16384, 1024, 5, 0.259968 ms, 774.428 GB/s
   1, 0, Tesla V100-PCIE-16GB, 7.0, 877, 1245, 16777216, 80, 320, 4, 16384, 1024, 5, 0.263328 ms, 764.547 GB/s
   2, 0, Tesla V100-PCIE-16GB, 7.0, 877, 1245, 16777216, 80, 640, 8, 16384, 1024, 5, 0.267136 ms, 753.648 GB/s
   3, 0, Tesla V100-PCIE-16GB, 7.0, 877, 1245, 16777216, 80, 1280, 16, 16384, 1024, 5, 0.266112 ms, 756.548 GB/s
   4, 0, Tesla V100-PCIE-16GB, 7.0, 877, 1245, 16777216, 80, 2560, 32, 16384, 1024, 5, 0.2616 ms, 769.597 GB/s
   5, 0, Tesla V100-PCIE-16GB, 7.0, 877, 1245, 16777216, 80, 5120, 64, 16384, 1024, 5, 0.26192 ms, 768.657 GB/s
   6, 0, Tesla V100-PCIE-16GB, 7.0, 877, 1245, 16777216, 80, 10240, 128, 16384, 1024, 5, 0.260672 ms, 772.337 GB/s
   7, 0, Tesla V100-PCIE-16GB, 7.0, 877, 1245, 16777216, 80, 16384, 204, 16384, 1024, 5, 0.260736 ms, 772.147 GB/s
   0, 0, Tesla V100-PCIE-16GB, 7.0, 877, 1245, 33554432, 80, 160, 2, 524288, 64, 5, 1.63798 ms, 245.822 GB/s
   1, 0, Tesla V100-PCIE-16GB, 7.0, 877, 1245, 33554432, 80, 320, 4, 524288, 64, 5, 1.00093 ms, 402.28 GB/s
   2, 0, Tesla V100-PCIE-16GB, 7.0, 877, 1245, 33554432, 80, 640, 8, 524288, 64, 5, 0.631456 ms, 637.658 GB/s
   3, 0, Tesla V100-PCIE-16GB, 7.0, 877, 1245, 33554432, 80, 1280, 16, 524288, 64, 5, 0.51952 ms, 775.049 GB/s
   4, 0, Tesla V100-PCIE-16GB, 7.0, 877, 1245, 33554432, 80, 2560, 32, 524288, 64, 5, 0.500224 ms, 804.946 GB/s
   5, 0, Tesla V100-PCIE-16GB, 7.0, 877, 1245, 33554432, 80, 5120, 64, 524288, 64, 5, 0.502944 ms, 800.593 GB/s
   6, 0, Tesla V100-PCIE-16GB, 7.0, 877, 1245, 33554432, 80, 10240, 128, 524288, 64, 5, 0.511328 ms, 787.466 GB/s
   7, 0, Tesla V100-PCIE-16GB, 7.0, 877, 1245, 33554432, 80, 20480, 256, 524288, 64, 5, 0.515232 ms, 781.499 GB/s
   8, 0, Tesla V100-PCIE-16GB, 7.0, 877, 1245, 33554432, 80, 40960, 512, 524288, 64, 5, 0.511104 ms, 787.811 GB/s
   9, 0, Tesla V100-PCIE-16GB, 7.0, 877, 1245, 33554432, 80, 81920, 1024, 524288, 64, 5, 0.505088 ms, 797.194 GB/s
  10, 0, Tesla V100-PCIE-16GB, 7.0, 877, 1245, 33554432, 80, 163840, 2048, 524288, 64, 5, 0.499104 ms, 806.752 GB/s
  11, 0, Tesla V100-PCIE-16GB, 7.0, 877, 1245, 33554432, 80, 327680, 4096, 524288, 64, 5, 0.602528 ms, 668.273 GB/s
  12, 0, Tesla V100-PCIE-16GB, 7.0, 877, 1245, 33554432, 80, 524288, 6553, 524288, 64, 5, 0.90592 ms, 444.469 GB/s
   0, 0, Tesla V100-PCIE-16GB, 7.0, 877, 1245, 33554432, 80, 160, 2, 262144, 128, 5, 0.997024 ms, 403.855 GB/s
   1, 0, Tesla V100-PCIE-16GB, 7.0, 877, 1245, 33554432, 80, 320, 4, 262144, 128, 5, 0.64048 ms, 628.674 GB/s
   2, 0, Tesla V100-PCIE-16GB, 7.0, 877, 1245, 33554432, 80, 640, 8, 262144, 128, 5, 0.527776 ms, 762.924 GB/s
   3, 0, Tesla V100-PCIE-16GB, 7.0, 877, 1245, 33554432, 80, 1280, 16, 262144, 128, 5, 0.505568 ms, 796.437 GB/s
   4, 0, Tesla V100-PCIE-16GB, 7.0, 877, 1245, 33554432, 80, 2560, 32, 262144, 128, 5, 0.508192 ms, 792.325 GB/s
   5, 0, Tesla V100-PCIE-16GB, 7.0, 877, 1245, 33554432, 80, 5120, 64, 262144, 128, 5, 0.521216 ms, 772.527 GB/s
   6, 0, Tesla V100-PCIE-16GB, 7.0, 877, 1245, 33554432, 80, 10240, 128, 262144, 128, 5, 0.525024 ms, 766.923 GB/s
   7, 0, Tesla V100-PCIE-16GB, 7.0, 877, 1245, 33554432, 80, 20480, 256, 262144, 128, 5, 0.5256 ms, 766.083 GB/s
   8, 0, Tesla V100-PCIE-16GB, 7.0, 877, 1245, 33554432, 80, 40960, 512, 262144, 128, 5, 0.516 ms, 780.336 GB/s
   9, 0, Tesla V100-PCIE-16GB, 7.0, 877, 1245, 33554432, 80, 81920, 1024, 262144, 128, 5, 0.507648 ms, 793.174 GB/s
  10, 0, Tesla V100-PCIE-16GB, 7.0, 877, 1245, 33554432, 80, 163840, 2048, 262144, 128, 5, 0.507072 ms, 794.075 GB/s
  11, 0, Tesla V100-PCIE-16GB, 7.0, 877, 1245, 33554432, 80, 262144, 3276, 262144, 128, 5, 0.5072 ms, 793.875 GB/s
   0, 0, Tesla V100-PCIE-16GB, 7.0, 877, 1245, 33554432, 80, 160, 2, 131072, 256, 5, 0.638784 ms, 630.343 GB/s
   1, 0, Tesla V100-PCIE-16GB, 7.0, 877, 1245, 33554432, 80, 320, 4, 131072, 256, 5, 0.538304 ms, 748.003 GB/s
   2, 0, Tesla V100-PCIE-16GB, 7.0, 877, 1245, 33554432, 80, 640, 8, 131072, 256, 5, 0.504576 ms, 798.003 GB/s
   3, 0, Tesla V100-PCIE-16GB, 7.0, 877, 1245, 33554432, 80, 1280, 16, 131072, 256, 5, 0.509888 ms, 789.689 GB/s
   4, 0, Tesla V100-PCIE-16GB, 7.0, 877, 1245, 33554432, 80, 2560, 32, 131072, 256, 5, 0.51776 ms, 777.683 GB/s
   5, 0, Tesla V100-PCIE-16GB, 7.0, 877, 1245, 33554432, 80, 5120, 64, 131072, 256, 5, 0.52288 ms, 770.068 GB/s
   6, 0, Tesla V100-PCIE-16GB, 7.0, 877, 1245, 33554432, 80, 10240, 128, 131072, 256, 5, 0.514528 ms, 782.568 GB/s
   7, 0, Tesla V100-PCIE-16GB, 7.0, 877, 1245, 33554432, 80, 20480, 256, 131072, 256, 5, 0.51264 ms, 785.45 GB/s
   8, 0, Tesla V100-PCIE-16GB, 7.0, 877, 1245, 33554432, 80, 40960, 512, 131072, 256, 5, 0.506304 ms, 795.279 GB/s
   9, 0, Tesla V100-PCIE-16GB, 7.0, 877, 1245, 33554432, 80, 81920, 1024, 131072, 256, 5, 0.507136 ms, 793.975 GB/s
  10, 0, Tesla V100-PCIE-16GB, 7.0, 877, 1245, 33554432, 80, 131072, 1638, 131072, 256, 5, 0.50512 ms, 797.144 GB/s
   0, 0, Tesla V100-PCIE-16GB, 7.0, 877, 1245, 33554432, 80, 160, 2, 65536, 512, 5, 0.530624 ms, 758.83 GB/s
   1, 0, Tesla V100-PCIE-16GB, 7.0, 877, 1245, 33554432, 80, 320, 4, 65536, 512, 5, 0.500768 ms, 804.071 GB/s
   2, 0, Tesla V100-PCIE-16GB, 7.0, 877, 1245, 33554432, 80, 640, 8, 65536, 512, 5, 0.502336 ms, 801.561 GB/s
   3, 0, Tesla V100-PCIE-16GB, 7.0, 877, 1245, 33554432, 80, 1280, 16, 65536, 512, 5, 0.514304 ms, 782.909 GB/s
   4, 0, Tesla V100-PCIE-16GB, 7.0, 877, 1245, 33554432, 80, 2560, 32, 65536, 512, 5, 0.521664 ms, 771.863 GB/s
   5, 0, Tesla V100-PCIE-16GB, 7.0, 877, 1245, 33554432, 80, 5120, 64, 65536, 512, 5, 0.516576 ms, 779.466 GB/s
   6, 0, Tesla V100-PCIE-16GB, 7.0, 877, 1245, 33554432, 80, 10240, 128, 65536, 512, 5, 0.509312 ms, 790.583 GB/s
   7, 0, Tesla V100-PCIE-16GB, 7.0, 877, 1245, 33554432, 80, 20480, 256, 65536, 512, 5, 0.50384 ms, 799.169 GB/s
   8, 0, Tesla V100-PCIE-16GB, 7.0, 877, 1245, 33554432, 80, 40960, 512, 65536, 512, 5, 0.50256 ms, 801.204 GB/s
   9, 0, Tesla V100-PCIE-16GB, 7.0, 877, 1245, 33554432, 80, 65536, 819, 65536, 512, 5, 0.502368 ms, 801.51 GB/s
   0, 0, Tesla V100-PCIE-16GB, 7.0, 877, 1245, 33554432, 80, 160, 2, 32768, 1024, 5, 0.498432 ms, 807.84 GB/s
   1, 0, Tesla V100-PCIE-16GB, 7.0, 877, 1245, 33554432, 80, 320, 4, 32768, 1024, 5, 0.502656 ms, 801.051 GB/s
   2, 0, Tesla V100-PCIE-16GB, 7.0, 877, 1245, 33554432, 80, 640, 8, 32768, 1024, 5, 0.507104 ms, 794.025 GB/s
   3, 0, Tesla V100-PCIE-16GB, 7.0, 877, 1245, 33554432, 80, 1280, 16, 32768, 1024, 5, 0.517792 ms, 777.635 GB/s
   4, 0, Tesla V100-PCIE-16GB, 7.0, 877, 1245, 33554432, 80, 2560, 32, 32768, 1024, 5, 0.509792 ms, 789.838 GB/s
   5, 0, Tesla V100-PCIE-16GB, 7.0, 877, 1245, 33554432, 80, 5120, 64, 32768, 1024, 5, 0.506976 ms, 794.225 GB/s
   6, 0, Tesla V100-PCIE-16GB, 7.0, 877, 1245, 33554432, 80, 10240, 128, 32768, 1024, 5, 0.5008 ms, 804.02 GB/s
   7, 0, Tesla V100-PCIE-16GB, 7.0, 877, 1245, 33554432, 80, 20480, 256, 32768, 1024, 5, 0.499296 ms, 806.442 GB/s
   8, 0, Tesla V100-PCIE-16GB, 7.0, 877, 1245, 33554432, 80, 32768, 409, 32768, 1024, 5, 0.501696 ms, 802.584 GB/s
   0, 0, Tesla V100-PCIE-16GB, 7.0, 877, 1245, 67108864, 80, 160, 2, 1048576, 64, 5, 3.29786 ms, 244.191 GB/s
   1, 0, Tesla V100-PCIE-16GB, 7.0, 877, 1245, 67108864, 80, 320, 4, 1048576, 64, 5, 2.0016 ms, 402.331 GB/s
   2, 0, Tesla V100-PCIE-16GB, 7.0, 877, 1245, 67108864, 80, 640, 8, 1048576, 64, 5, 1.23933 ms, 649.793 GB/s
   3, 0, Tesla V100-PCIE-16GB, 7.0, 877, 1245, 67108864, 80, 1280, 16, 1048576, 64, 5, 1.0335 ms, 779.2 GB/s
   4, 0, Tesla V100-PCIE-16GB, 7.0, 877, 1245, 67108864, 80, 2560, 32, 1048576, 64, 5, 0.98976 ms, 813.638 GB/s
   5, 0, Tesla V100-PCIE-16GB, 7.0, 877, 1245, 67108864, 80, 5120, 64, 1048576, 64, 5, 0.989152 ms, 814.138 GB/s
   6, 0, Tesla V100-PCIE-16GB, 7.0, 877, 1245, 67108864, 80, 10240, 128, 1048576, 64, 5, 1.01478 ms, 793.574 GB/s
   7, 0, Tesla V100-PCIE-16GB, 7.0, 877, 1245, 67108864, 80, 20480, 256, 1048576, 64, 5, 1.02429 ms, 786.211 GB/s
   8, 0, Tesla V100-PCIE-16GB, 7.0, 877, 1245, 67108864, 80, 40960, 512, 1048576, 64, 5, 1.01862 ms, 790.583 GB/s
   9, 0, Tesla V100-PCIE-16GB, 7.0, 877, 1245, 67108864, 80, 81920, 1024, 1048576, 64, 5, 1.02646 ms, 784.544 GB/s
  10, 0, Tesla V100-PCIE-16GB, 7.0, 877, 1245, 67108864, 80, 163840, 2048, 1048576, 64, 5, 1.00061 ms, 804.817 GB/s
  11, 0, Tesla V100-PCIE-16GB, 7.0, 877, 1245, 67108864, 80, 327680, 4096, 1048576, 64, 5, 0.984992 ms, 817.577 GB/s
  12, 0, Tesla V100-PCIE-16GB, 7.0, 877, 1245, 67108864, 80, 655360, 8192, 1048576, 64, 5, 1.18739 ms, 678.214 GB/s
  13, 0, Tesla V100-PCIE-16GB, 7.0, 877, 1245, 67108864, 80, 1048576, 13107, 1048576, 64, 5, 1.7961 ms, 448.365 GB/s
   0, 0, Tesla V100-PCIE-16GB, 7.0, 877, 1245, 67108864, 80, 160, 2, 524288, 128, 5, 2.01539 ms, 399.578 GB/s
   1, 0, Tesla V100-PCIE-16GB, 7.0, 877, 1245, 67108864, 80, 320, 4, 524288, 128, 5, 1.24416 ms, 647.269 GB/s
   2, 0, Tesla V100-PCIE-16GB, 7.0, 877, 1245, 67108864, 80, 640, 8, 524288, 128, 5, 1.05149 ms, 765.873 GB/s
   3, 0, Tesla V100-PCIE-16GB, 7.0, 877, 1245, 67108864, 80, 1280, 16, 524288, 128, 5, 0.992 ms, 811.801 GB/s
   4, 0, Tesla V100-PCIE-16GB, 7.0, 877, 1245, 67108864, 80, 2560, 32, 524288, 128, 5, 0.99152 ms, 812.194 GB/s
   5, 0, Tesla V100-PCIE-16GB, 7.0, 877, 1245, 67108864, 80, 5120, 64, 524288, 128, 5, 1.01277 ms, 795.154 GB/s
   6, 0, Tesla V100-PCIE-16GB, 7.0, 877, 1245, 67108864, 80, 10240, 128, 524288, 128, 5, 1.02022 ms, 789.343 GB/s
   7, 0, Tesla V100-PCIE-16GB, 7.0, 877, 1245, 67108864, 80, 20480, 256, 524288, 128, 5, 1.0193 ms, 790.061 GB/s
   8, 0, Tesla V100-PCIE-16GB, 7.0, 877, 1245, 67108864, 80, 40960, 512, 524288, 128, 5, 1.02918 ms, 782.471 GB/s
   9, 0, Tesla V100-PCIE-16GB, 7.0, 877, 1245, 67108864, 80, 81920, 1024, 524288, 128, 5, 1.00602 ms, 800.491 GB/s
  10, 0, Tesla V100-PCIE-16GB, 7.0, 877, 1245, 67108864, 80, 163840, 2048, 524288, 128, 5, 0.986368 ms, 816.436 GB/s
  11, 0, Tesla V100-PCIE-16GB, 7.0, 877, 1245, 67108864, 80, 327680, 4096, 524288, 128, 5, 0.985088 ms, 817.497 GB/s
  12, 0, Tesla V100-PCIE-16GB, 7.0, 877, 1245, 67108864, 80, 524288, 6553, 524288, 128, 5, 0.98768 ms, 815.351 GB/s
   0, 0, Tesla V100-PCIE-16GB, 7.0, 877, 1245, 67108864, 80, 160, 2, 262144, 256, 5, 1.2433 ms, 647.719 GB/s
   1, 0, Tesla V100-PCIE-16GB, 7.0, 877, 1245, 67108864, 80, 320, 4, 262144, 256, 5, 1.04205 ms, 772.811 GB/s
   2, 0, Tesla V100-PCIE-16GB, 7.0, 877, 1245, 67108864, 80, 640, 8, 262144, 256, 5, 0.985152 ms, 817.444 GB/s
   3, 0, Tesla V100-PCIE-16GB, 7.0, 877, 1245, 67108864, 80, 1280, 16, 262144, 256, 5, 0.984384 ms, 818.082 GB/s
   4, 0, Tesla V100-PCIE-16GB, 7.0, 877, 1245, 67108864, 80, 2560, 32, 262144, 256, 5, 1.00218 ms, 803.558 GB/s
   5, 0, Tesla V100-PCIE-16GB, 7.0, 877, 1245, 67108864, 80, 5120, 64, 262144, 256, 5, 1.0287 ms, 782.836 GB/s
   6, 0, Tesla V100-PCIE-16GB, 7.0, 877, 1245, 67108864, 80, 10240, 128, 262144, 256, 5, 1.02118 ms, 788.601 GB/s
   7, 0, Tesla V100-PCIE-16GB, 7.0, 877, 1245, 67108864, 80, 20480, 256, 262144, 256, 5, 1.0135 ms, 794.576 GB/s
   8, 0, Tesla V100-PCIE-16GB, 7.0, 877, 1245, 67108864, 80, 40960, 512, 262144, 256, 5, 0.991072 ms, 812.561 GB/s
   9, 0, Tesla V100-PCIE-16GB, 7.0, 877, 1245, 67108864, 80, 81920, 1024, 262144, 256, 5, 0.985696 ms, 816.993 GB/s
  10, 0, Tesla V100-PCIE-16GB, 7.0, 877, 1245, 67108864, 80, 163840, 2048, 262144, 256, 5, 0.983104 ms, 819.147 GB/s
  11, 0, Tesla V100-PCIE-16GB, 7.0, 877, 1245, 67108864, 80, 262144, 3276, 262144, 256, 5, 0.98368 ms, 818.667 GB/s
   0, 0, Tesla V100-PCIE-16GB, 7.0, 877, 1245, 67108864, 80, 160, 2, 131072, 512, 5, 1.06141 ms, 758.715 GB/s
   1, 0, Tesla V100-PCIE-16GB, 7.0, 877, 1245, 67108864, 80, 320, 4, 131072, 512, 5, 0.996192 ms, 808.385 GB/s
   2, 0, Tesla V100-PCIE-16GB, 7.0, 877, 1245, 67108864, 80, 640, 8, 131072, 512, 5, 0.994816 ms, 809.503 GB/s
   3, 0, Tesla V100-PCIE-16GB, 7.0, 877, 1245, 67108864, 80, 1280, 16, 131072, 512, 5, 1.00205 ms, 803.66 GB/s
   4, 0, Tesla V100-PCIE-16GB, 7.0, 877, 1245, 67108864, 80, 2560, 32, 131072, 512, 5, 1.01206 ms, 795.707 GB/s
   5, 0, Tesla V100-PCIE-16GB, 7.0, 877, 1245, 67108864, 80, 5120, 64, 131072, 512, 5, 1.01814 ms, 790.955 GB/s
   6, 0, Tesla V100-PCIE-16GB, 7.0, 877, 1245, 67108864, 80, 10240, 128, 131072, 512, 5, 1.01565 ms, 792.899 GB/s
   7, 0, Tesla V100-PCIE-16GB, 7.0, 877, 1245, 67108864, 80, 20480, 256, 131072, 512, 5, 0.996608 ms, 808.047 GB/s
   8, 0, Tesla V100-PCIE-16GB, 7.0, 877, 1245, 67108864, 80, 40960, 512, 131072, 512, 5, 0.987264 ms, 815.695 GB/s
   9, 0, Tesla V100-PCIE-16GB, 7.0, 877, 1245, 67108864, 80, 81920, 1024, 131072, 512, 5, 0.984832 ms, 817.709 GB/s
  10, 0, Tesla V100-PCIE-16GB, 7.0, 877, 1245, 67108864, 80, 131072, 1638, 131072, 512, 5, 0.985184 ms, 817.417 GB/s
   0, 0, Tesla V100-PCIE-16GB, 7.0, 877, 1245, 67108864, 80, 160, 2, 65536, 1024, 5, 0.99472 ms, 809.581 GB/s
   1, 0, Tesla V100-PCIE-16GB, 7.0, 877, 1245, 67108864, 80, 320, 4, 65536, 1024, 5, 0.992 ms, 811.801 GB/s
   2, 0, Tesla V100-PCIE-16GB, 7.0, 877, 1245, 67108864, 80, 640, 8, 65536, 1024, 5, 1.01117 ms, 796.412 GB/s
   3, 0, Tesla V100-PCIE-16GB, 7.0, 877, 1245, 67108864, 80, 1280, 16, 65536, 1024, 5, 1.02925 ms, 782.422 GB/s
   4, 0, Tesla V100-PCIE-16GB, 7.0, 877, 1245, 67108864, 80, 2560, 32, 65536, 1024, 5, 1.01642 ms, 792.3 GB/s
   5, 0, Tesla V100-PCIE-16GB, 7.0, 877, 1245, 67108864, 80, 5120, 64, 65536, 1024, 5, 1.02083 ms, 788.873 GB/s
   6, 0, Tesla V100-PCIE-16GB, 7.0, 877, 1245, 67108864, 80, 10240, 128, 65536, 1024, 5, 0.999008 ms, 806.106 GB/s
   7, 0, Tesla V100-PCIE-16GB, 7.0, 877, 1245, 67108864, 80, 20480, 256, 65536, 1024, 5, 0.989088 ms, 814.191 GB/s
   8, 0, Tesla V100-PCIE-16GB, 7.0, 877, 1245, 67108864, 80, 40960, 512, 65536, 1024, 5, 0.989024 ms, 814.244 GB/s
   9, 0, Tesla V100-PCIE-16GB, 7.0, 877, 1245, 67108864, 80, 65536, 819, 65536, 1024, 5, 0.988576 ms, 814.612 GB/s
   0, 0, Tesla V100-PCIE-16GB, 7.0, 877, 1245, 134217728, 80, 160, 2, 2097152, 64, 5, 6.64045 ms, 242.546 GB/s
   1, 0, Tesla V100-PCIE-16GB, 7.0, 877, 1245, 134217728, 80, 320, 4, 2097152, 64, 5, 4.04166 ms, 398.502 GB/s
   2, 0, Tesla V100-PCIE-16GB, 7.0, 877, 1245, 134217728, 80, 640, 8, 2097152, 64, 5, 2.50064 ms, 644.08 GB/s
   3, 0, Tesla V100-PCIE-16GB, 7.0, 877, 1245, 134217728, 80, 1280, 16, 2097152, 64, 5, 2.084 ms, 772.847 GB/s
   4, 0, Tesla V100-PCIE-16GB, 7.0, 877, 1245, 134217728, 80, 2560, 32, 2097152, 64, 5, 2.00531 ms, 803.173 GB/s
   5, 0, Tesla V100-PCIE-16GB, 7.0, 877, 1245, 134217728, 80, 5120, 64, 2097152, 64, 5, 1.99094 ms, 808.969 GB/s
   6, 0, Tesla V100-PCIE-16GB, 7.0, 877, 1245, 134217728, 80, 10240, 128, 2097152, 64, 5, 1.99789 ms, 806.158 GB/s
   7, 0, Tesla V100-PCIE-16GB, 7.0, 877, 1245, 134217728, 80, 20480, 256, 2097152, 64, 5, 1.99702 ms, 806.506 GB/s
   8, 0, Tesla V100-PCIE-16GB, 7.0, 877, 1245, 134217728, 80, 40960, 512, 2097152, 64, 5, 1.98848 ms, 809.972 GB/s
   9, 0, Tesla V100-PCIE-16GB, 7.0, 877, 1245, 134217728, 80, 81920, 1024, 2097152, 64, 5, 2.0175 ms, 798.319 GB/s
  10, 0, Tesla V100-PCIE-16GB, 7.0, 877, 1245, 134217728, 80, 163840, 2048, 2097152, 64, 5, 1.98403 ms, 811.788 GB/s
  11, 0, Tesla V100-PCIE-16GB, 7.0, 877, 1245, 134217728, 80, 327680, 4096, 2097152, 64, 5, 1.96067 ms, 821.46 GB/s
  12, 0, Tesla V100-PCIE-16GB, 7.0, 877, 1245, 134217728, 80, 655360, 8192, 2097152, 64, 5, 1.93901 ms, 830.638 GB/s
  13, 0, Tesla V100-PCIE-16GB, 7.0, 877, 1245, 134217728, 80, 1310720, 16384, 2097152, 64, 5, 2.3552 ms, 683.854 GB/s
  14, 0, Tesla V100-PCIE-16GB, 7.0, 877, 1245, 134217728, 80, 2097152, 26214, 2097152, 64, 5, 3.58211 ms, 449.627 GB/s
   0, 0, Tesla V100-PCIE-16GB, 7.0, 877, 1245, 134217728, 80, 160, 2, 1048576, 128, 5, 4.03069 ms, 399.588 GB/s
   1, 0, Tesla V100-PCIE-16GB, 7.0, 877, 1245, 134217728, 80, 320, 4, 1048576, 128, 5, 2.48947 ms, 646.97 GB/s
   2, 0, Tesla V100-PCIE-16GB, 7.0, 877, 1245, 134217728, 80, 640, 8, 1048576, 128, 5, 2.09472 ms, 768.892 GB/s
   3, 0, Tesla V100-PCIE-16GB, 7.0, 877, 1245, 134217728, 80, 1280, 16, 1048576, 128, 5, 1.99226 ms, 808.437 GB/s
   4, 0, Tesla V100-PCIE-16GB, 7.0, 877, 1245, 134217728, 80, 2560, 32, 1048576, 128, 5, 1.98234 ms, 812.482 GB/s
   5, 0, Tesla V100-PCIE-16GB, 7.0, 877, 1245, 134217728, 80, 5120, 64, 1048576, 128, 5, 2.00026 ms, 805.203 GB/s
   6, 0, Tesla V100-PCIE-16GB, 7.0, 877, 1245, 134217728, 80, 10240, 128, 1048576, 128, 5, 2.01331 ms, 799.982 GB/s
   7, 0, Tesla V100-PCIE-16GB, 7.0, 877, 1245, 134217728, 80, 20480, 256, 1048576, 128, 5, 1.99277 ms, 808.229 GB/s
   8, 0, Tesla V100-PCIE-16GB, 7.0, 877, 1245, 134217728, 80, 40960, 512, 1048576, 128, 5, 2.01782 ms, 798.193 GB/s
   9, 0, Tesla V100-PCIE-16GB, 7.0, 877, 1245, 134217728, 80, 81920, 1024, 1048576, 128, 5, 1.98102 ms, 813.02 GB/s
  10, 0, Tesla V100-PCIE-16GB, 7.0, 877, 1245, 134217728, 80, 163840, 2048, 1048576, 128, 5, 1.96477 ms, 819.747 GB/s
  11, 0, Tesla V100-PCIE-16GB, 7.0, 877, 1245, 134217728, 80, 327680, 4096, 1048576, 128, 5, 1.94442 ms, 828.327 GB/s
  12, 0, Tesla V100-PCIE-16GB, 7.0, 877, 1245, 134217728, 80, 655360, 8192, 1048576, 128, 5, 1.94822 ms, 826.708 GB/s
  13, 0, Tesla V100-PCIE-16GB, 7.0, 877, 1245, 134217728, 80, 1048576, 13107, 1048576, 128, 5, 1.95296 ms, 824.703 GB/s
   0, 0, Tesla V100-PCIE-16GB, 7.0, 877, 1245, 134217728, 80, 160, 2, 524288, 256, 5, 2.46912 ms, 652.302 GB/s
   1, 0, Tesla V100-PCIE-16GB, 7.0, 877, 1245, 134217728, 80, 320, 4, 524288, 256, 5, 2.09667 ms, 768.176 GB/s
   2, 0, Tesla V100-PCIE-16GB, 7.0, 877, 1245, 134217728, 80, 640, 8, 524288, 256, 5, 1.9896 ms, 809.516 GB/s
   3, 0, Tesla V100-PCIE-16GB, 7.0, 877, 1245, 134217728, 80, 1280, 16, 524288, 256, 5, 1.97939 ms, 813.691 GB/s
   4, 0, Tesla V100-PCIE-16GB, 7.0, 877, 1245, 134217728, 80, 2560, 32, 524288, 256, 5, 1.98947 ms, 809.568 GB/s
   5, 0, Tesla V100-PCIE-16GB, 7.0, 877, 1245, 134217728, 80, 5120, 64, 524288, 256, 5, 2.00586 ms, 802.955 GB/s
   6, 0, Tesla V100-PCIE-16GB, 7.0, 877, 1245, 134217728, 80, 10240, 128, 524288, 256, 5, 1.99584 ms, 806.985 GB/s
   7, 0, Tesla V100-PCIE-16GB, 7.0, 877, 1245, 134217728, 80, 20480, 256, 524288, 256, 5, 2.01808 ms, 798.092 GB/s
   8, 0, Tesla V100-PCIE-16GB, 7.0, 877, 1245, 134217728, 80, 40960, 512, 524288, 256, 5, 1.97859 ms, 814.02 GB/s
   9, 0, Tesla V100-PCIE-16GB, 7.0, 877, 1245, 134217728, 80, 81920, 1024, 524288, 256, 5, 1.9577 ms, 822.708 GB/s
  10, 0, Tesla V100-PCIE-16GB, 7.0, 877, 1245, 134217728, 80, 163840, 2048, 524288, 256, 5, 1.9481 ms, 826.762 GB/s
  11, 0, Tesla V100-PCIE-16GB, 7.0, 877, 1245, 134217728, 80, 327680, 4096, 524288, 256, 5, 1.94912 ms, 826.328 GB/s
  12, 0, Tesla V100-PCIE-16GB, 7.0, 877, 1245, 134217728, 80, 524288, 6553, 524288, 256, 5, 1.95158 ms, 825.285 GB/s
   0, 0, Tesla V100-PCIE-16GB, 7.0, 877, 1245, 134217728, 80, 160, 2, 262144, 512, 5, 2.10109 ms, 766.561 GB/s
   1, 0, Tesla V100-PCIE-16GB, 7.0, 877, 1245, 134217728, 80, 320, 4, 262144, 512, 5, 1.98909 ms, 809.724 GB/s
   2, 0, Tesla V100-PCIE-16GB, 7.0, 877, 1245, 134217728, 80, 640, 8, 262144, 512, 5, 1.97021 ms, 817.484 GB/s
   3, 0, Tesla V100-PCIE-16GB, 7.0, 877, 1245, 134217728, 80, 1280, 16, 262144, 512, 5, 2.00294 ms, 804.123 GB/s
   4, 0, Tesla V100-PCIE-16GB, 7.0, 877, 1245, 134217728, 80, 2560, 32, 262144, 512, 5, 2.02726 ms, 794.476 GB/s
   5, 0, Tesla V100-PCIE-16GB, 7.0, 877, 1245, 134217728, 80, 5120, 64, 262144, 512, 5, 2.01043 ms, 801.128 GB/s
   6, 0, Tesla V100-PCIE-16GB, 7.0, 877, 1245, 134217728, 80, 10240, 128, 262144, 512, 5, 2.03155 ms, 792.799 GB/s
   7, 0, Tesla V100-PCIE-16GB, 7.0, 877, 1245, 134217728, 80, 20480, 256, 262144, 512, 5, 1.98912 ms, 809.711 GB/s
   8, 0, Tesla V100-PCIE-16GB, 7.0, 877, 1245, 134217728, 80, 40960, 512, 262144, 512, 5, 1.95933 ms, 822.023 GB/s
   9, 0, Tesla V100-PCIE-16GB, 7.0, 877, 1245, 134217728, 80, 81920, 1024, 262144, 512, 5, 1.948 ms, 826.803 GB/s
  10, 0, Tesla V100-PCIE-16GB, 7.0, 877, 1245, 134217728, 80, 163840, 2048, 262144, 512, 5, 1.95104 ms, 825.515 GB/s
  11, 0, Tesla V100-PCIE-16GB, 7.0, 877, 1245, 134217728, 80, 262144, 3276, 262144, 512, 5, 1.95462 ms, 824.001 GB/s
   0, 0, Tesla V100-PCIE-16GB, 7.0, 877, 1245, 134217728, 80, 160, 2, 131072, 1024, 5, 1.99485 ms, 807.386 GB/s
   1, 0, Tesla V100-PCIE-16GB, 7.0, 877, 1245, 134217728, 80, 320, 4, 131072, 1024, 5, 1.97677 ms, 814.771 GB/s
   2, 0, Tesla V100-PCIE-16GB, 7.0, 877, 1245, 134217728, 80, 640, 8, 131072, 1024, 5, 1.98723 ms, 810.481 GB/s
   3, 0, Tesla V100-PCIE-16GB, 7.0, 877, 1245, 134217728, 80, 1280, 16, 131072, 1024, 5, 2.00621 ms, 802.814 GB/s
   4, 0, Tesla V100-PCIE-16GB, 7.0, 877, 1245, 134217728, 80, 2560, 32, 131072, 1024, 5, 1.99107 ms, 808.917 GB/s
   5, 0, Tesla V100-PCIE-16GB, 7.0, 877, 1245, 134217728, 80, 5120, 64, 131072, 1024, 5, 2.01037 ms, 801.153 GB/s
   6, 0, Tesla V100-PCIE-16GB, 7.0, 877, 1245, 134217728, 80, 10240, 128, 131072, 1024, 5, 1.97142 ms, 816.979 GB/s
   7, 0, Tesla V100-PCIE-16GB, 7.0, 877, 1245, 134217728, 80, 20480, 256, 131072, 1024, 5, 1.95856 ms, 822.345 GB/s
   8, 0, Tesla V100-PCIE-16GB, 7.0, 877, 1245, 134217728, 80, 40960, 512, 131072, 1024, 5, 1.94579 ms, 827.742 GB/s
   9, 0, Tesla V100-PCIE-16GB, 7.0, 877, 1245, 134217728, 80, 81920, 1024, 131072, 1024, 5, 1.94627 ms, 827.537 GB/s
  10, 0, Tesla V100-PCIE-16GB, 7.0, 877, 1245, 134217728, 80, 131072, 1638, 131072, 1024, 5, 1.95139 ms, 825.366 GB/s
   0, 0, Tesla V100-PCIE-16GB, 7.0, 877, 1245, 268435456, 80, 160, 2, 4194304, 64, 5, 13.3292 ms, 241.668 GB/s
   1, 0, Tesla V100-PCIE-16GB, 7.0, 877, 1245, 268435456, 80, 320, 4, 4194304, 64, 5, 8.13011 ms, 396.209 GB/s
   2, 0, Tesla V100-PCIE-16GB, 7.0, 877, 1245, 268435456, 80, 640, 8, 4194304, 64, 5, 5.06749 ms, 635.665 GB/s
   3, 0, Tesla V100-PCIE-16GB, 7.0, 877, 1245, 268435456, 80, 1280, 16, 4194304, 64, 5, 4.22614 ms, 762.214 GB/s
   4, 0, Tesla V100-PCIE-16GB, 7.0, 877, 1245, 268435456, 80, 2560, 32, 4194304, 64, 5, 4.08528 ms, 788.496 GB/s
   5, 0, Tesla V100-PCIE-16GB, 7.0, 877, 1245, 268435456, 80, 5120, 64, 4194304, 64, 5, 4.01155 ms, 802.987 GB/s
   6, 0, Tesla V100-PCIE-16GB, 7.0, 877, 1245, 268435456, 80, 10240, 128, 4194304, 64, 5, 4.01571 ms, 802.156 GB/s
   7, 0, Tesla V100-PCIE-16GB, 7.0, 877, 1245, 268435456, 80, 20480, 256, 4194304, 64, 5, 4.01322 ms, 802.654 GB/s
   8, 0, Tesla V100-PCIE-16GB, 7.0, 877, 1245, 268435456, 80, 40960, 512, 4194304, 64, 5, 3.95958 ms, 813.526 GB/s
   9, 0, Tesla V100-PCIE-16GB, 7.0, 877, 1245, 268435456, 80, 81920, 1024, 4194304, 64, 5, 3.95187 ms, 815.114 GB/s
  10, 0, Tesla V100-PCIE-16GB, 7.0, 877, 1245, 268435456, 80, 163840, 2048, 4194304, 64, 5, 3.91862 ms, 822.03 GB/s
  11, 0, Tesla V100-PCIE-16GB, 7.0, 877, 1245, 268435456, 80, 327680, 4096, 4194304, 64, 5, 3.88995 ms, 828.089 GB/s
  12, 0, Tesla V100-PCIE-16GB, 7.0, 877, 1245, 268435456, 80, 655360, 8192, 4194304, 64, 5, 3.85315 ms, 835.998 GB/s
  13, 0, Tesla V100-PCIE-16GB, 7.0, 877, 1245, 268435456, 80, 1310720, 16384, 4194304, 64, 5, 3.84845 ms, 837.019 GB/s
  14, 0, Tesla V100-PCIE-16GB, 7.0, 877, 1245, 268435456, 80, 2621440, 32768, 4194304, 64, 5, 4.6768 ms, 688.767 GB/s
  15, 0, Tesla V100-PCIE-16GB, 7.0, 877, 1245, 268435456, 80, 4194304, 52428, 4194304, 64, 5, 7.1465 ms, 450.742 GB/s
   0, 0, Tesla V100-PCIE-16GB, 7.0, 877, 1245, 268435456, 80, 160, 2, 2097152, 128, 5, 8.11514 ms, 396.94 GB/s
   1, 0, Tesla V100-PCIE-16GB, 7.0, 877, 1245, 268435456, 80, 320, 4, 2097152, 128, 5, 5.00371 ms, 643.767 GB/s
   2, 0, Tesla V100-PCIE-16GB, 7.0, 877, 1245, 268435456, 80, 640, 8, 2097152, 128, 5, 4.22451 ms, 762.508 GB/s
   3, 0, Tesla V100-PCIE-16GB, 7.0, 877, 1245, 268435456, 80, 1280, 16, 2097152, 128, 5, 4.05002 ms, 795.361 GB/s
   4, 0, Tesla V100-PCIE-16GB, 7.0, 877, 1245, 268435456, 80, 2560, 32, 2097152, 128, 5, 4.00534 ms, 804.232 GB/s
   5, 0, Tesla V100-PCIE-16GB, 7.0, 877, 1245, 268435456, 80, 5120, 64, 2097152, 128, 5, 3.9897 ms, 807.386 GB/s
   6, 0, Tesla V100-PCIE-16GB, 7.0, 877, 1245, 268435456, 80, 10240, 128, 2097152, 128, 5, 4.04461 ms, 796.425 GB/s
   7, 0, Tesla V100-PCIE-16GB, 7.0, 877, 1245, 268435456, 80, 20480, 256, 2097152, 128, 5, 3.98582 ms, 808.17 GB/s
   8, 0, Tesla V100-PCIE-16GB, 7.0, 877, 1245, 268435456, 80, 40960, 512, 2097152, 128, 5, 4.02438 ms, 800.427 GB/s
   9, 0, Tesla V100-PCIE-16GB, 7.0, 877, 1245, 268435456, 80, 81920, 1024, 2097152, 128, 5, 3.96189 ms, 813.053 GB/s
  10, 0, Tesla V100-PCIE-16GB, 7.0, 877, 1245, 268435456, 80, 163840, 2048, 2097152, 128, 5, 3.90298 ms, 825.325 GB/s
  11, 0, Tesla V100-PCIE-16GB, 7.0, 877, 1245, 268435456, 80, 327680, 4096, 2097152, 128, 5, 3.88451 ms, 829.248 GB/s
  12, 0, Tesla V100-PCIE-16GB, 7.0, 877, 1245, 268435456, 80, 655360, 8192, 2097152, 128, 5, 3.87059 ms, 832.231 GB/s
  13, 0, Tesla V100-PCIE-16GB, 7.0, 877, 1245, 268435456, 80, 1310720, 16384, 2097152, 128, 5, 3.87603 ms, 831.063 GB/s
  14, 0, Tesla V100-PCIE-16GB, 7.0, 877, 1245, 268435456, 80, 2097152, 26214, 2097152, 128, 5, 3.884 ms, 829.358 GB/s
   0, 0, Tesla V100-PCIE-16GB, 7.0, 877, 1245, 268435456, 80, 160, 2, 1048576, 256, 5, 4.98038 ms, 646.783 GB/s
   1, 0, Tesla V100-PCIE-16GB, 7.0, 877, 1245, 268435456, 80, 320, 4, 1048576, 256, 5, 4.21763 ms, 763.752 GB/s
   2, 0, Tesla V100-PCIE-16GB, 7.0, 877, 1245, 268435456, 80, 640, 8, 1048576, 256, 5, 4.04387 ms, 796.57 GB/s
   3, 0, Tesla V100-PCIE-16GB, 7.0, 877, 1245, 268435456, 80, 1280, 16, 1048576, 256, 5, 3.9959 ms, 806.132 GB/s
   4, 0, Tesla V100-PCIE-16GB, 7.0, 877, 1245, 268435456, 80, 2560, 32, 1048576, 256, 5, 4.00662 ms, 803.975 GB/s
   5, 0, Tesla V100-PCIE-16GB, 7.0, 877, 1245, 268435456, 80, 5120, 64, 1048576, 256, 5, 4.0376 ms, 797.807 GB/s
   6, 0, Tesla V100-PCIE-16GB, 7.0, 877, 1245, 268435456, 80, 10240, 128, 1048576, 256, 5, 4.00218 ms, 804.869 GB/s
   7, 0, Tesla V100-PCIE-16GB, 7.0, 877, 1245, 268435456, 80, 20480, 256, 1048576, 256, 5, 3.99446 ms, 806.422 GB/s
   8, 0, Tesla V100-PCIE-16GB, 7.0, 877, 1245, 268435456, 80, 40960, 512, 1048576, 256, 5, 3.94115 ms, 817.331 GB/s
   9, 0, Tesla V100-PCIE-16GB, 7.0, 877, 1245, 268435456, 80, 81920, 1024, 1048576, 256, 5, 3.9008 ms, 825.786 GB/s
  10, 0, Tesla V100-PCIE-16GB, 7.0, 877, 1245, 268435456, 80, 163840, 2048, 1048576, 256, 5, 3.88301 ms, 829.57 GB/s
  11, 0, Tesla V100-PCIE-16GB, 7.0, 877, 1245, 268435456, 80, 327680, 4096, 1048576, 256, 5, 3.87293 ms, 831.729 GB/s
  12, 0, Tesla V100-PCIE-16GB, 7.0, 877, 1245, 268435456, 80, 655360, 8192, 1048576, 256, 5, 3.88614 ms, 828.9 GB/s
  13, 0, Tesla V100-PCIE-16GB, 7.0, 877, 1245, 268435456, 80, 1048576, 13107, 1048576, 256, 5, 3.8857 ms, 828.996 GB/s
   0, 0, Tesla V100-PCIE-16GB, 7.0, 877, 1245, 268435456, 80, 160, 2, 524288, 512, 5, 4.26902 ms, 754.558 GB/s
   1, 0, Tesla V100-PCIE-16GB, 7.0, 877, 1245, 268435456, 80, 320, 4, 524288, 512, 5, 4.06611 ms, 792.213 GB/s
   2, 0, Tesla V100-PCIE-16GB, 7.0, 877, 1245, 268435456, 80, 640, 8, 524288, 512, 5, 3.98611 ms, 808.112 GB/s
   3, 0, Tesla V100-PCIE-16GB, 7.0, 877, 1245, 268435456, 80, 1280, 16, 524288, 512, 5, 4.00538 ms, 804.226 GB/s
   4, 0, Tesla V100-PCIE-16GB, 7.0, 877, 1245, 268435456, 80, 2560, 32, 524288, 512, 5, 4.04406 ms, 796.532 GB/s
   5, 0, Tesla V100-PCIE-16GB, 7.0, 877, 1245, 268435456, 80, 5120, 64, 524288, 512, 5, 3.99142 ms, 807.037 GB/s
   6, 0, Tesla V100-PCIE-16GB, 7.0, 877, 1245, 268435456, 80, 10240, 128, 524288, 512, 5, 4.04675 ms, 796.003 GB/s
   7, 0, Tesla V100-PCIE-16GB, 7.0, 877, 1245, 268435456, 80, 20480, 256, 524288, 512, 5, 4.00954 ms, 803.391 GB/s
   8, 0, Tesla V100-PCIE-16GB, 7.0, 877, 1245, 268435456, 80, 40960, 512, 524288, 512, 5, 3.94093 ms, 817.377 GB/s
   9, 0, Tesla V100-PCIE-16GB, 7.0, 877, 1245, 268435456, 80, 81920, 1024, 524288, 512, 5, 3.90566 ms, 824.757 GB/s
  10, 0, Tesla V100-PCIE-16GB, 7.0, 877, 1245, 268435456, 80, 163840, 2048, 524288, 512, 5, 3.88758 ms, 828.593 GB/s
  11, 0, Tesla V100-PCIE-16GB, 7.0, 877, 1245, 268435456, 80, 327680, 4096, 524288, 512, 5, 3.89082 ms, 827.905 GB/s
  12, 0, Tesla V100-PCIE-16GB, 7.0, 877, 1245, 268435456, 80, 524288, 6553, 524288, 512, 5, 3.8969 ms, 826.613 GB/s
   0, 0, Tesla V100-PCIE-16GB, 7.0, 877, 1245, 268435456, 80, 160, 2, 262144, 1024, 5, 4.04922 ms, 795.518 GB/s
   1, 0, Tesla V100-PCIE-16GB, 7.0, 877, 1245, 268435456, 80, 320, 4, 262144, 1024, 5, 4.02086 ms, 801.128 GB/s
   2, 0, Tesla V100-PCIE-16GB, 7.0, 877, 1245, 268435456, 80, 640, 8, 262144, 1024, 5, 4.02342 ms, 800.618 GB/s
   3, 0, Tesla V100-PCIE-16GB, 7.0, 877, 1245, 268435456, 80, 1280, 16, 262144, 1024, 5, 4.04256 ms, 796.828 GB/s
   4, 0, Tesla V100-PCIE-16GB, 7.0, 877, 1245, 268435456, 80, 2560, 32, 262144, 1024, 5, 3.98035 ms, 809.282 GB/s
   5, 0, Tesla V100-PCIE-16GB, 7.0, 877, 1245, 268435456, 80, 5120, 64, 262144, 1024, 5, 4.00477 ms, 804.348 GB/s
   6, 0, Tesla V100-PCIE-16GB, 7.0, 877, 1245, 268435456, 80, 10240, 128, 262144, 1024, 5, 3.94077 ms, 817.411 GB/s
   7, 0, Tesla V100-PCIE-16GB, 7.0, 877, 1245, 268435456, 80, 20480, 256, 262144, 1024, 5, 3.8999 ms, 825.976 GB/s
   8, 0, Tesla V100-PCIE-16GB, 7.0, 877, 1245, 268435456, 80, 40960, 512, 262144, 1024, 5, 3.88074 ms, 830.055 GB/s
   9, 0, Tesla V100-PCIE-16GB, 7.0, 877, 1245, 268435456, 80, 81920, 1024, 262144, 1024, 5, 3.87533 ms, 831.214 GB/s
  10, 0, Tesla V100-PCIE-16GB, 7.0, 877, 1245, 268435456, 80, 163840, 2048, 262144, 1024, 5, 3.89299 ms, 827.442 GB/s
  11, 0, Tesla V100-PCIE-16GB, 7.0, 877, 1245, 268435456, 80, 262144, 3276, 262144, 1024, 5, 3.89542 ms, 826.926 GB/s
   0, 0, Tesla V100-PCIE-16GB, 7.0, 877, 1245, 536870912, 80, 160, 2, 8388608, 64, 5, 26.7058 ms, 241.238 GB/s
   1, 0, Tesla V100-PCIE-16GB, 7.0, 877, 1245, 536870912, 80, 320, 4, 8388608, 64, 5, 16.3338 ms, 394.425 GB/s
   2, 0, Tesla V100-PCIE-16GB, 7.0, 877, 1245, 536870912, 80, 640, 8, 8388608, 64, 5, 10.306 ms, 625.119 GB/s
   3, 0, Tesla V100-PCIE-16GB, 7.0, 877, 1245, 536870912, 80, 1280, 16, 8388608, 64, 5, 8.6304 ms, 746.484 GB/s
   4, 0, Tesla V100-PCIE-16GB, 7.0, 877, 1245, 536870912, 80, 2560, 32, 8388608, 64, 5, 8.42675 ms, 764.524 GB/s
   5, 0, Tesla V100-PCIE-16GB, 7.0, 877, 1245, 536870912, 80, 5120, 64, 8388608, 64, 5, 8.18253 ms, 787.342 GB/s
   6, 0, Tesla V100-PCIE-16GB, 7.0, 877, 1245, 536870912, 80, 10240, 128, 8388608, 64, 5, 8.11363 ms, 794.028 GB/s
   7, 0, Tesla V100-PCIE-16GB, 7.0, 877, 1245, 536870912, 80, 20480, 256, 8388608, 64, 5, 8.13795 ms, 791.655 GB/s
   8, 0, Tesla V100-PCIE-16GB, 7.0, 877, 1245, 536870912, 80, 40960, 512, 8388608, 64, 5, 8.0447 ms, 800.831 GB/s
   9, 0, Tesla V100-PCIE-16GB, 7.0, 877, 1245, 536870912, 80, 81920, 1024, 8388608, 64, 5, 7.97379 ms, 807.953 GB/s
  10, 0, Tesla V100-PCIE-16GB, 7.0, 877, 1245, 536870912, 80, 163840, 2048, 8388608, 64, 5, 7.83597 ms, 822.164 GB/s
  11, 0, Tesla V100-PCIE-16GB, 7.0, 877, 1245, 536870912, 80, 327680, 4096, 8388608, 64, 5, 7.76618 ms, 829.553 GB/s
  12, 0, Tesla V100-PCIE-16GB, 7.0, 877, 1245, 536870912, 80, 655360, 8192, 8388608, 64, 5, 7.71059 ms, 835.533 GB/s
  13, 0, Tesla V100-PCIE-16GB, 7.0, 877, 1245, 536870912, 80, 1310720, 16384, 8388608, 64, 5, 7.66982 ms, 839.974 GB/s
  14, 0, Tesla V100-PCIE-16GB, 7.0, 877, 1245, 536870912, 80, 2621440, 32768, 8388608, 64, 5, 7.67779 ms, 839.102 GB/s
  15, 0, Tesla V100-PCIE-16GB, 7.0, 877, 1245, 536870912, 80, 5242880, 65536, 8388608, 64, 5, 9.34934 ms, 689.081 GB/s
  16, 0, Tesla V100-PCIE-16GB, 7.0, 877, 1245, 536870912, 80, 8388608, 104857, 8388608, 64, 5, 14.2709 ms, 451.438 GB/s
   0, 0, Tesla V100-PCIE-16GB, 7.0, 877, 1245, 536870912, 80, 160, 2, 4194304, 128, 5, 16.3081 ms, 395.045 GB/s
   1, 0, Tesla V100-PCIE-16GB, 7.0, 877, 1245, 536870912, 80, 320, 4, 4194304, 128, 5, 10.1679 ms, 633.605 GB/s
   2, 0, Tesla V100-PCIE-16GB, 7.0, 877, 1245, 536870912, 80, 640, 8, 4194304, 128, 5, 8.53718 ms, 754.634 GB/s
   3, 0, Tesla V100-PCIE-16GB, 7.0, 877, 1245, 536870912, 80, 1280, 16, 4194304, 128, 5, 8.30918 ms, 775.341 GB/s
   4, 0, Tesla V100-PCIE-16GB, 7.0, 877, 1245, 536870912, 80, 2560, 32, 4194304, 128, 5, 8.13568 ms, 791.876 GB/s
   5, 0, Tesla V100-PCIE-16GB, 7.0, 877, 1245, 536870912, 80, 5120, 64, 4194304, 128, 5, 8.13386 ms, 792.054 GB/s
   6, 0, Tesla V100-PCIE-16GB, 7.0, 877, 1245, 536870912, 80, 10240, 128, 4194304, 128, 5, 8.2175 ms, 783.991 GB/s
   7, 0, Tesla V100-PCIE-16GB, 7.0, 877, 1245, 536870912, 80, 20480, 256, 4194304, 128, 5, 8.05437 ms, 799.87 GB/s
   8, 0, Tesla V100-PCIE-16GB, 7.0, 877, 1245, 536870912, 80, 40960, 512, 4194304, 128, 5, 7.94861 ms, 810.513 GB/s
   9, 0, Tesla V100-PCIE-16GB, 7.0, 877, 1245, 536870912, 80, 81920, 1024, 4194304, 128, 5, 7.81933 ms, 823.914 GB/s
  10, 0, Tesla V100-PCIE-16GB, 7.0, 877, 1245, 536870912, 80, 163840, 2048, 4194304, 128, 5, 7.73955 ms, 832.406 GB/s
  11, 0, Tesla V100-PCIE-16GB, 7.0, 877, 1245, 536870912, 80, 327680, 4096, 4194304, 128, 5, 7.71715 ms, 834.822 GB/s
  12, 0, Tesla V100-PCIE-16GB, 7.0, 877, 1245, 536870912, 80, 655360, 8192, 4194304, 128, 5, 7.68438 ms, 838.382 GB/s
  13, 0, Tesla V100-PCIE-16GB, 7.0, 877, 1245, 536870912, 80, 1310720, 16384, 4194304, 128, 5, 7.72675 ms, 833.785 GB/s
  14, 0, Tesla V100-PCIE-16GB, 7.0, 877, 1245, 536870912, 80, 2621440, 32768, 4194304, 128, 5, 7.7185 ms, 834.677 GB/s
  15, 0, Tesla V100-PCIE-16GB, 7.0, 877, 1245, 536870912, 80, 4194304, 52428, 4194304, 128, 5, 7.74803 ms, 831.495 GB/s
   0, 0, Tesla V100-PCIE-16GB, 7.0, 877, 1245, 536870912, 80, 160, 2, 2097152, 256, 5, 10.1113 ms, 637.154 GB/s
   1, 0, Tesla V100-PCIE-16GB, 7.0, 877, 1245, 536870912, 80, 320, 4, 2097152, 256, 5, 8.63734 ms, 745.883 GB/s
   2, 0, Tesla V100-PCIE-16GB, 7.0, 877, 1245, 536870912, 80, 640, 8, 2097152, 256, 5, 8.27603 ms, 778.447 GB/s
   3, 0, Tesla V100-PCIE-16GB, 7.0, 877, 1245, 536870912, 80, 1280, 16, 2097152, 256, 5, 8.12307 ms, 793.105 GB/s
   4, 0, Tesla V100-PCIE-16GB, 7.0, 877, 1245, 536870912, 80, 2560, 32, 2097152, 256, 5, 8.07098 ms, 798.225 GB/s
   5, 0, Tesla V100-PCIE-16GB, 7.0, 877, 1245, 536870912, 80, 5120, 64, 2097152, 256, 5, 8.06243 ms, 799.07 GB/s
   6, 0, Tesla V100-PCIE-16GB, 7.0, 877, 1245, 536870912, 80, 10240, 128, 2097152, 256, 5, 7.99066 ms, 806.248 GB/s
   7, 0, Tesla V100-PCIE-16GB, 7.0, 877, 1245, 536870912, 80, 20480, 256, 2097152, 256, 5, 7.98317 ms, 807.004 GB/s
   8, 0, Tesla V100-PCIE-16GB, 7.0, 877, 1245, 536870912, 80, 40960, 512, 2097152, 256, 5, 7.86 ms, 819.65 GB/s
   9, 0, Tesla V100-PCIE-16GB, 7.0, 877, 1245, 536870912, 80, 81920, 1024, 2097152, 256, 5, 7.77014 ms, 829.129 GB/s
  10, 0, Tesla V100-PCIE-16GB, 7.0, 877, 1245, 536870912, 80, 163840, 2048, 2097152, 256, 5, 7.73354 ms, 833.054 GB/s
  11, 0, Tesla V100-PCIE-16GB, 7.0, 877, 1245, 536870912, 80, 327680, 4096, 2097152, 256, 5, 7.70275 ms, 836.383 GB/s
  12, 0, Tesla V100-PCIE-16GB, 7.0, 877, 1245, 536870912, 80, 655360, 8192, 2097152, 256, 5, 7.71475 ms, 835.082 GB/s
  13, 0, Tesla V100-PCIE-16GB, 7.0, 877, 1245, 536870912, 80, 1310720, 16384, 2097152, 256, 5, 7.72214 ms, 834.283 GB/s
  14, 0, Tesla V100-PCIE-16GB, 7.0, 877, 1245, 536870912, 80, 2097152, 26214, 2097152, 256, 5, 7.71859 ms, 834.667 GB/s
   0, 0, Tesla V100-PCIE-16GB, 7.0, 877, 1245, 536870912, 80, 160, 2, 1048576, 512, 5, 8.71462 ms, 739.269 GB/s
   1, 0, Tesla V100-PCIE-16GB, 7.0, 877, 1245, 536870912, 80, 320, 4, 1048576, 512, 5, 8.3832 ms, 768.495 GB/s
   2, 0, Tesla V100-PCIE-16GB, 7.0, 877, 1245, 536870912, 80, 640, 8, 1048576, 512, 5, 8.15437 ms, 790.061 GB/s
   3, 0, Tesla V100-PCIE-16GB, 7.0, 877, 1245, 536870912, 80, 1280, 16, 1048576, 512, 5, 8.09283 ms, 796.069 GB/s
   4, 0, Tesla V100-PCIE-16GB, 7.0, 877, 1245, 536870912, 80, 2560, 32, 1048576, 512, 5, 8.1201 ms, 793.396 GB/s
   5, 0, Tesla V100-PCIE-16GB, 7.0, 877, 1245, 536870912, 80, 5120, 64, 1048576, 512, 5, 7.99517 ms, 805.793 GB/s
   6, 0, Tesla V100-PCIE-16GB, 7.0, 877, 1245, 536870912, 80, 10240, 128, 1048576, 512, 5, 7.96982 ms, 808.356 GB/s
   7, 0, Tesla V100-PCIE-16GB, 7.0, 877, 1245, 536870912, 80, 20480, 256, 1048576, 512, 5, 7.83152 ms, 822.631 GB/s
   8, 0, Tesla V100-PCIE-16GB, 7.0, 877, 1245, 536870912, 80, 40960, 512, 1048576, 512, 5, 7.74826 ms, 831.471 GB/s
   9, 0, Tesla V100-PCIE-16GB, 7.0, 877, 1245, 536870912, 80, 81920, 1024, 1048576, 512, 5, 7.71523 ms, 835.03 GB/s
  10, 0, Tesla V100-PCIE-16GB, 7.0, 877, 1245, 536870912, 80, 163840, 2048, 1048576, 512, 5, 7.69888 ms, 836.804 GB/s
  11, 0, Tesla V100-PCIE-16GB, 7.0, 877, 1245, 536870912, 80, 327680, 4096, 1048576, 512, 5, 7.72576 ms, 833.892 GB/s
  12, 0, Tesla V100-PCIE-16GB, 7.0, 877, 1245, 536870912, 80, 655360, 8192, 1048576, 512, 5, 7.72314 ms, 834.175 GB/s
  13, 0, Tesla V100-PCIE-16GB, 7.0, 877, 1245, 536870912, 80, 1048576, 13107, 1048576, 512, 5, 7.73606 ms, 832.782 GB/s
   0, 0, Tesla V100-PCIE-16GB, 7.0, 877, 1245, 536870912, 80, 160, 2, 524288, 1024, 5, 8.42781 ms, 764.428 GB/s
   1, 0, Tesla V100-PCIE-16GB, 7.0, 877, 1245, 536870912, 80, 320, 4, 524288, 1024, 5, 8.13494 ms, 791.948 GB/s
   2, 0, Tesla V100-PCIE-16GB, 7.0, 877, 1245, 536870912, 80, 640, 8, 524288, 1024, 5, 8.07888 ms, 797.444 GB/s
   3, 0, Tesla V100-PCIE-16GB, 7.0, 877, 1245, 536870912, 80, 1280, 16, 524288, 1024, 5, 8.0952 ms, 795.836 GB/s
   4, 0, Tesla V100-PCIE-16GB, 7.0, 877, 1245, 536870912, 80, 2560, 32, 524288, 1024, 5, 7.97878 ms, 807.448 GB/s
   5, 0, Tesla V100-PCIE-16GB, 7.0, 877, 1245, 536870912, 80, 5120, 64, 524288, 1024, 5, 7.9488 ms, 810.494 GB/s
   6, 0, Tesla V100-PCIE-16GB, 7.0, 877, 1245, 536870912, 80, 10240, 128, 524288, 1024, 5, 7.82349 ms, 823.476 GB/s
   7, 0, Tesla V100-PCIE-16GB, 7.0, 877, 1245, 536870912, 80, 20480, 256, 524288, 1024, 5, 7.74467 ms, 831.856 GB/s
   8, 0, Tesla V100-PCIE-16GB, 7.0, 877, 1245, 536870912, 80, 40960, 512, 524288, 1024, 5, 7.72003 ms, 834.511 GB/s
   9, 0, Tesla V100-PCIE-16GB, 7.0, 877, 1245, 536870912, 80, 81920, 1024, 524288, 1024, 5, 7.69376 ms, 837.361 GB/s
  10, 0, Tesla V100-PCIE-16GB, 7.0, 877, 1245, 536870912, 80, 163840, 2048, 524288, 1024, 5, 7.70643 ms, 835.984 GB/s
  11, 0, Tesla V100-PCIE-16GB, 7.0, 877, 1245, 536870912, 80, 327680, 4096, 524288, 1024, 5, 7.72115 ms, 834.39 GB/s
  12, 0, Tesla V100-PCIE-16GB, 7.0, 877, 1245, 536870912, 80, 524288, 6553, 524288, 1024, 5, 7.72931 ms, 833.509 GB/s
   0, 0, Tesla V100-PCIE-16GB, 7.0, 877, 1245, 1073741824, 80, 160, 2, 16777216, 64, 5, 52.9092 ms, 243.529 GB/s
   1, 0, Tesla V100-PCIE-16GB, 7.0, 877, 1245, 1073741824, 80, 320, 4, 16777216, 64, 5, 32.4567 ms, 396.987 GB/s
   2, 0, Tesla V100-PCIE-16GB, 7.0, 877, 1245, 1073741824, 80, 640, 8, 16777216, 64, 5, 20.9194 ms, 615.931 GB/s
   3, 0, Tesla V100-PCIE-16GB, 7.0, 877, 1245, 1073741824, 80, 1280, 16, 16777216, 64, 5, 17.6476 ms, 730.121 GB/s
   4, 0, Tesla V100-PCIE-16GB, 7.0, 877, 1245, 1073741824, 80, 2560, 32, 16777216, 64, 5, 17.2961 ms, 744.961 GB/s
   5, 0, Tesla V100-PCIE-16GB, 7.0, 877, 1245, 1073741824, 80, 5120, 64, 16777216, 64, 5, 16.8618 ms, 764.148 GB/s
   6, 0, Tesla V100-PCIE-16GB, 7.0, 877, 1245, 1073741824, 80, 10240, 128, 16777216, 64, 5, 16.8141 ms, 766.313 GB/s
   7, 0, Tesla V100-PCIE-16GB, 7.0, 877, 1245, 1073741824, 80, 20480, 256, 16777216, 64, 5, 16.9044 ms, 762.221 GB/s
   8, 0, Tesla V100-PCIE-16GB, 7.0, 877, 1245, 1073741824, 80, 40960, 512, 16777216, 64, 5, 16.4285 ms, 784.3 GB/s
   9, 0, Tesla V100-PCIE-16GB, 7.0, 877, 1245, 1073741824, 80, 81920, 1024, 16777216, 64, 5, 16.2154 ms, 794.611 GB/s
  10, 0, Tesla V100-PCIE-16GB, 7.0, 877, 1245, 1073741824, 80, 163840, 2048, 16777216, 64, 5, 15.7679 ms, 817.158 GB/s
  11, 0, Tesla V100-PCIE-16GB, 7.0, 877, 1245, 1073741824, 80, 327680, 4096, 16777216, 64, 5, 15.5582 ms, 828.174 GB/s
  12, 0, Tesla V100-PCIE-16GB, 7.0, 877, 1245, 1073741824, 80, 655360, 8192, 16777216, 64, 5, 15.5141 ms, 830.526 GB/s
  13, 0, Tesla V100-PCIE-16GB, 7.0, 877, 1245, 1073741824, 80, 1310720, 16384, 16777216, 64, 5, 15.3415 ms, 839.87 GB/s
  14, 0, Tesla V100-PCIE-16GB, 7.0, 877, 1245, 1073741824, 80, 2621440, 32768, 16777216, 64, 5, 15.3489 ms, 839.466 GB/s
  15, 0, Tesla V100-PCIE-16GB, 7.0, 877, 1245, 1073741824, 80, 5242880, 65536, 16777216, 64, 5, 15.4046 ms, 836.432 GB/s
  16, 0, Tesla V100-PCIE-16GB, 7.0, 877, 1245, 1073741824, 80, 10485760, 131072, 16777216, 64, 5, 18.6998 ms, 689.038 GB/s
  17, 0, Tesla V100-PCIE-16GB, 7.0, 877, 1245, 1073741824, 80, 16777216, 209715, 16777216, 64, 5, 28.5198 ms, 451.788 GB/s
   0, 0, Tesla V100-PCIE-16GB, 7.0, 877, 1245, 1073741824, 80, 160, 2, 8388608, 128, 5, 32.6812 ms, 394.26 GB/s
   1, 0, Tesla V100-PCIE-16GB, 7.0, 877, 1245, 1073741824, 80, 320, 4, 8388608, 128, 5, 20.6978 ms, 622.525 GB/s
   2, 0, Tesla V100-PCIE-16GB, 7.0, 877, 1245, 1073741824, 80, 640, 8, 8388608, 128, 5, 17.4526 ms, 738.281 GB/s
   3, 0, Tesla V100-PCIE-16GB, 7.0, 877, 1245, 1073741824, 80, 1280, 16, 8388608, 128, 5, 17.109 ms, 753.107 GB/s
   4, 0, Tesla V100-PCIE-16GB, 7.0, 877, 1245, 1073741824, 80, 2560, 32, 8388608, 128, 5, 16.7048 ms, 771.328 GB/s
   5, 0, Tesla V100-PCIE-16GB, 7.0, 877, 1245, 1073741824, 80, 5120, 64, 8388608, 128, 5, 16.6739 ms, 772.758 GB/s
   6, 0, Tesla V100-PCIE-16GB, 7.0, 877, 1245, 1073741824, 80, 10240, 128, 8388608, 128, 5, 16.6155 ms, 775.474 GB/s
   7, 0, Tesla V100-PCIE-16GB, 7.0, 877, 1245, 1073741824, 80, 20480, 256, 8388608, 128, 5, 16.2803 ms, 791.442 GB/s
   8, 0, Tesla V100-PCIE-16GB, 7.0, 877, 1245, 1073741824, 80, 40960, 512, 8388608, 128, 5, 16.0126 ms, 804.672 GB/s
   9, 0, Tesla V100-PCIE-16GB, 7.0, 877, 1245, 1073741824, 80, 81920, 1024, 8388608, 128, 5, 15.6827 ms, 821.599 GB/s
  10, 0, Tesla V100-PCIE-16GB, 7.0, 877, 1245, 1073741824, 80, 163840, 2048, 8388608, 128, 5, 15.5252 ms, 829.937 GB/s
  11, 0, Tesla V100-PCIE-16GB, 7.0, 877, 1245, 1073741824, 80, 327680, 4096, 8388608, 128, 5, 15.4889 ms, 831.88 GB/s
  12, 0, Tesla V100-PCIE-16GB, 7.0, 877, 1245, 1073741824, 80, 655360, 8192, 8388608, 128, 5, 15.3464 ms, 839.602 GB/s
  13, 0, Tesla V100-PCIE-16GB, 7.0, 877, 1245, 1073741824, 80, 1310720, 16384, 8388608, 128, 5, 15.3401 ms, 839.949 GB/s
  14, 0, Tesla V100-PCIE-16GB, 7.0, 877, 1245, 1073741824, 80, 2621440, 32768, 8388608, 128, 5, 15.3746 ms, 838.063 GB/s
  15, 0, Tesla V100-PCIE-16GB, 7.0, 877, 1245, 1073741824, 80, 5242880, 65536, 8388608, 128, 5, 15.4193 ms, 835.633 GB/s
  16, 0, Tesla V100-PCIE-16GB, 7.0, 877, 1245, 1073741824, 80, 8388608, 104857, 8388608, 128, 5, 15.4692 ms, 832.937 GB/s
   0, 0, Tesla V100-PCIE-16GB, 7.0, 877, 1245, 1073741824, 80, 160, 2, 4194304, 256, 5, 20.6281 ms, 624.628 GB/s
   1, 0, Tesla V100-PCIE-16GB, 7.0, 877, 1245, 1073741824, 80, 320, 4, 4194304, 256, 5, 17.639 ms, 730.478 GB/s
   2, 0, Tesla V100-PCIE-16GB, 7.0, 877, 1245, 1073741824, 80, 640, 8, 4194304, 256, 5, 17.342 ms, 742.986 GB/s
   3, 0, Tesla V100-PCIE-16GB, 7.0, 877, 1245, 1073741824, 80, 1280, 16, 4194304, 256, 5, 16.7606 ms, 768.762 GB/s
   4, 0, Tesla V100-PCIE-16GB, 7.0, 877, 1245, 1073741824, 80, 2560, 32, 4194304, 256, 5, 16.4472 ms, 783.409 GB/s
   5, 0, Tesla V100-PCIE-16GB, 7.0, 877, 1245, 1073741824, 80, 5120, 64, 4194304, 256, 5, 16.2697 ms, 791.959 GB/s
   6, 0, Tesla V100-PCIE-16GB, 7.0, 877, 1245, 1073741824, 80, 10240, 128, 4194304, 256, 5, 16.1158 ms, 799.519 GB/s
   7, 0, Tesla V100-PCIE-16GB, 7.0, 877, 1245, 1073741824, 80, 20480, 256, 4194304, 256, 5, 15.8955 ms, 810.603 GB/s
   8, 0, Tesla V100-PCIE-16GB, 7.0, 877, 1245, 1073741824, 80, 40960, 512, 4194304, 256, 5, 15.644 ms, 823.632 GB/s
   9, 0, Tesla V100-PCIE-16GB, 7.0, 877, 1245, 1073741824, 80, 81920, 1024, 4194304, 256, 5, 15.563 ms, 827.917 GB/s
  10, 0, Tesla V100-PCIE-16GB, 7.0, 877, 1245, 1073741824, 80, 163840, 2048, 4194304, 256, 5, 15.4765 ms, 832.547 GB/s
  11, 0, Tesla V100-PCIE-16GB, 7.0, 877, 1245, 1073741824, 80, 327680, 4096, 4194304, 256, 5, 15.4332 ms, 834.883 GB/s
  12, 0, Tesla V100-PCIE-16GB, 7.0, 877, 1245, 1073741824, 80, 655360, 8192, 4194304, 256, 5, 15.4107 ms, 836.102 GB/s
  13, 0, Tesla V100-PCIE-16GB, 7.0, 877, 1245, 1073741824, 80, 1310720, 16384, 4194304, 256, 5, 15.434 ms, 834.84 GB/s
  14, 0, Tesla V100-PCIE-16GB, 7.0, 877, 1245, 1073741824, 80, 2621440, 32768, 4194304, 256, 5, 15.4315 ms, 834.976 GB/s
  15, 0, Tesla V100-PCIE-16GB, 7.0, 877, 1245, 1073741824, 80, 4194304, 52428, 4194304, 256, 5, 15.4263 ms, 835.254 GB/s
   0, 0, Tesla V100-PCIE-16GB, 7.0, 877, 1245, 1073741824, 80, 160, 2, 2097152, 512, 5, 17.8236 ms, 722.914 GB/s
   1, 0, Tesla V100-PCIE-16GB, 7.0, 877, 1245, 1073741824, 80, 320, 4, 2097152, 512, 5, 17.5559 ms, 733.934 GB/s
   2, 0, Tesla V100-PCIE-16GB, 7.0, 877, 1245, 1073741824, 80, 640, 8, 2097152, 512, 5, 16.9512 ms, 760.119 GB/s
   3, 0, Tesla V100-PCIE-16GB, 7.0, 877, 1245, 1073741824, 80, 1280, 16, 2097152, 512, 5, 16.711 ms, 771.043 GB/s
   4, 0, Tesla V100-PCIE-16GB, 7.0, 877, 1245, 1073741824, 80, 2560, 32, 2097152, 512, 5, 16.5614 ms, 778.006 GB/s
   5, 0, Tesla V100-PCIE-16GB, 7.0, 877, 1245, 1073741824, 80, 5120, 64, 2097152, 512, 5, 16.1041 ms, 800.102 GB/s
   6, 0, Tesla V100-PCIE-16GB, 7.0, 877, 1245, 1073741824, 80, 10240, 128, 2097152, 512, 5, 15.9118 ms, 809.771 GB/s
   7, 0, Tesla V100-PCIE-16GB, 7.0, 877, 1245, 1073741824, 80, 20480, 256, 2097152, 512, 5, 15.6723 ms, 822.146 GB/s
   8, 0, Tesla V100-PCIE-16GB, 7.0, 877, 1245, 1073741824, 80, 40960, 512, 2097152, 512, 5, 15.5404 ms, 829.122 GB/s
   9, 0, Tesla V100-PCIE-16GB, 7.0, 877, 1245, 1073741824, 80, 81920, 1024, 2097152, 512, 5, 15.4669 ms, 833.061 GB/s
  10, 0, Tesla V100-PCIE-16GB, 7.0, 877, 1245, 1073741824, 80, 163840, 2048, 2097152, 512, 5, 15.3725 ms, 838.176 GB/s
  11, 0, Tesla V100-PCIE-16GB, 7.0, 877, 1245, 1073741824, 80, 327680, 4096, 2097152, 512, 5, 15.3767 ms, 837.948 GB/s
  12, 0, Tesla V100-PCIE-16GB, 7.0, 877, 1245, 1073741824, 80, 655360, 8192, 2097152, 512, 5, 15.4353 ms, 834.767 GB/s
  13, 0, Tesla V100-PCIE-16GB, 7.0, 877, 1245, 1073741824, 80, 1310720, 16384, 2097152, 512, 5, 15.4509 ms, 833.927 GB/s
  14, 0, Tesla V100-PCIE-16GB, 7.0, 877, 1245, 1073741824, 80, 2097152, 26214, 2097152, 512, 5, 15.4695 ms, 832.923 GB/s
   0, 0, Tesla V100-PCIE-16GB, 7.0, 877, 1245, 1073741824, 80, 160, 2, 1048576, 1024, 5, 17.3482 ms, 742.722 GB/s
   1, 0, Tesla V100-PCIE-16GB, 7.0, 877, 1245, 1073741824, 80, 320, 4, 1048576, 1024, 5, 16.8771 ms, 763.454 GB/s
   2, 0, Tesla V100-PCIE-16GB, 7.0, 877, 1245, 1073741824, 80, 640, 8, 1048576, 1024, 5, 16.6443 ms, 774.134 GB/s
   3, 0, Tesla V100-PCIE-16GB, 7.0, 877, 1245, 1073741824, 80, 1280, 16, 1048576, 1024, 5, 16.3604 ms, 787.564 GB/s
   4, 0, Tesla V100-PCIE-16GB, 7.0, 877, 1245, 1073741824, 80, 2560, 32, 1048576, 1024, 5, 16.0646 ms, 802.069 GB/s
   5, 0, Tesla V100-PCIE-16GB, 7.0, 877, 1245, 1073741824, 80, 5120, 64, 1048576, 1024, 5, 15.8502 ms, 812.917 GB/s
   6, 0, Tesla V100-PCIE-16GB, 7.0, 877, 1245, 1073741824, 80, 10240, 128, 1048576, 1024, 5, 15.6001 ms, 825.948 GB/s
   7, 0, Tesla V100-PCIE-16GB, 7.0, 877, 1245, 1073741824, 80, 20480, 256, 1048576, 1024, 5, 15.4855 ms, 832.062 GB/s
   8, 0, Tesla V100-PCIE-16GB, 7.0, 877, 1245, 1073741824, 80, 40960, 512, 1048576, 1024, 5, 15.4369 ms, 834.682 GB/s
   9, 0, Tesla V100-PCIE-16GB, 7.0, 877, 1245, 1073741824, 80, 81920, 1024, 1048576, 1024, 5, 15.4007 ms, 836.644 GB/s
  10, 0, Tesla V100-PCIE-16GB, 7.0, 877, 1245, 1073741824, 80, 163840, 2048, 1048576, 1024, 5, 15.3924 ms, 837.098 GB/s
  11, 0, Tesla V100-PCIE-16GB, 7.0, 877, 1245, 1073741824, 80, 327680, 4096, 1048576, 1024, 5, 15.4355 ms, 834.76 GB/s
  12, 0, Tesla V100-PCIE-16GB, 7.0, 877, 1245, 1073741824, 80, 655360, 8192, 1048576, 1024, 5, 15.4418 ms, 834.419 GB/s
  13, 0, Tesla V100-PCIE-16GB, 7.0, 877, 1245, 1073741824, 80, 1048576, 13107, 1048576, 1024, 5, 15.4702 ms, 832.887 GB/s
