; reduction-grid 1048576 1073741824, Thu Aug 23 17:13:12 2018
index,dev_id,dev_name,dev_CC,dev_memClock,dev_clock,n,numSMs,blocks_i,blocks_i/numSMs,blocks_n,TBlocksize,TRuns,min_time,max_throughput
   0, 0, Quadro GV100, 7.0, 850, 1327, 1048576, 80, 160, 2, 8192, 64, 5, 0.017056 ms, 245.914 GB/s
   1, 0, Quadro GV100, 7.0, 850, 1327, 1048576, 80, 320, 4, 8192, 64, 5, 0.015808 ms, 265.328 GB/s
   2, 0, Quadro GV100, 7.0, 850, 1327, 1048576, 80, 640, 8, 8192, 64, 5, 0.014624 ms, 286.81 GB/s
   3, 0, Quadro GV100, 7.0, 850, 1327, 1048576, 80, 1280, 16, 8192, 64, 5, 0.015904 ms, 263.726 GB/s
   4, 0, Quadro GV100, 7.0, 850, 1327, 1048576, 80, 2560, 32, 8192, 64, 5, 0.017088 ms, 245.453 GB/s
   5, 0, Quadro GV100, 7.0, 850, 1327, 1048576, 80, 5120, 64, 8192, 64, 5, 0.023296 ms, 180.044 GB/s
   6, 0, Quadro GV100, 7.0, 850, 1327, 1048576, 80, 8192, 102, 8192, 64, 5, 0.030656 ms, 136.818 GB/s
   0, 0, Quadro GV100, 7.0, 850, 1327, 1048576, 80, 160, 2, 4096, 128, 5, 0.015296 ms, 274.209 GB/s
   1, 0, Quadro GV100, 7.0, 850, 1327, 1048576, 80, 320, 4, 4096, 128, 5, 0.014368 ms, 291.92 GB/s
   2, 0, Quadro GV100, 7.0, 850, 1327, 1048576, 80, 640, 8, 4096, 128, 5, 0.014784 ms, 283.706 GB/s
   3, 0, Quadro GV100, 7.0, 850, 1327, 1048576, 80, 1280, 16, 4096, 128, 5, 0.014848 ms, 282.483 GB/s
   4, 0, Quadro GV100, 7.0, 850, 1327, 1048576, 80, 2560, 32, 4096, 128, 5, 0.016544 ms, 253.524 GB/s
   5, 0, Quadro GV100, 7.0, 850, 1327, 1048576, 80, 4096, 51, 4096, 128, 5, 0.01968 ms, 213.125 GB/s
   0, 0, Quadro GV100, 7.0, 850, 1327, 1048576, 80, 160, 2, 2048, 256, 5, 0.014496 ms, 289.342 GB/s
   1, 0, Quadro GV100, 7.0, 850, 1327, 1048576, 80, 320, 4, 2048, 256, 5, 0.013984 ms, 299.936 GB/s
   2, 0, Quadro GV100, 7.0, 850, 1327, 1048576, 80, 640, 8, 2048, 256, 5, 0.014592 ms, 287.439 GB/s
   3, 0, Quadro GV100, 7.0, 850, 1327, 1048576, 80, 1280, 16, 2048, 256, 5, 0.014912 ms, 281.27 GB/s
   4, 0, Quadro GV100, 7.0, 850, 1327, 1048576, 80, 2048, 25, 2048, 256, 5, 0.017152 ms, 244.537 GB/s
   0, 0, Quadro GV100, 7.0, 850, 1327, 1048576, 80, 160, 2, 1024, 512, 5, 0.014272 ms, 293.883 GB/s
   1, 0, Quadro GV100, 7.0, 850, 1327, 1048576, 80, 320, 4, 1024, 512, 5, 0.014112 ms, 297.215 GB/s
   2, 0, Quadro GV100, 7.0, 850, 1327, 1048576, 80, 640, 8, 1024, 512, 5, 0.015648 ms, 268.041 GB/s
   3, 0, Quadro GV100, 7.0, 850, 1327, 1048576, 80, 1024, 12, 1024, 512, 5, 0.016448 ms, 255.004 GB/s
   0, 0, Quadro GV100, 7.0, 850, 1327, 1048576, 80, 160, 2, 512, 1024, 5, 0.014784 ms, 283.706 GB/s
   1, 0, Quadro GV100, 7.0, 850, 1327, 1048576, 80, 320, 4, 512, 1024, 5, 0.015904 ms, 263.726 GB/s
   2, 0, Quadro GV100, 7.0, 850, 1327, 1048576, 80, 512, 6, 512, 1024, 5, 0.019104 ms, 219.551 GB/s
   0, 0, Quadro GV100, 7.0, 850, 1327, 2097152, 80, 160, 2, 16384, 64, 5, 0.038176 ms, 219.735 GB/s
   1, 0, Quadro GV100, 7.0, 850, 1327, 2097152, 80, 320, 4, 16384, 64, 5, 0.02832 ms, 296.208 GB/s
   2, 0, Quadro GV100, 7.0, 850, 1327, 2097152, 80, 640, 8, 16384, 64, 5, 0.025056 ms, 334.794 GB/s
   3, 0, Quadro GV100, 7.0, 850, 1327, 2097152, 80, 1280, 16, 16384, 64, 5, 0.025536 ms, 328.501 GB/s
   4, 0, Quadro GV100, 7.0, 850, 1327, 2097152, 80, 2560, 32, 16384, 64, 5, 0.026464 ms, 316.982 GB/s
   5, 0, Quadro GV100, 7.0, 850, 1327, 2097152, 80, 5120, 64, 16384, 64, 5, 0.029216 ms, 287.124 GB/s
   6, 0, Quadro GV100, 7.0, 850, 1327, 2097152, 80, 10240, 128, 16384, 64, 5, 0.038048 ms, 220.474 GB/s
   7, 0, Quadro GV100, 7.0, 850, 1327, 2097152, 80, 16384, 204, 16384, 64, 5, 0.05264 ms, 159.358 GB/s
   0, 0, Quadro GV100, 7.0, 850, 1327, 2097152, 80, 160, 2, 8192, 128, 5, 0.027552 ms, 304.465 GB/s
   1, 0, Quadro GV100, 7.0, 850, 1327, 2097152, 80, 320, 4, 8192, 128, 5, 0.024512 ms, 342.225 GB/s
   2, 0, Quadro GV100, 7.0, 850, 1327, 2097152, 80, 640, 8, 8192, 128, 5, 0.023744 ms, 353.294 GB/s
   3, 0, Quadro GV100, 7.0, 850, 1327, 2097152, 80, 1280, 16, 8192, 128, 5, 0.024288 ms, 345.381 GB/s
   4, 0, Quadro GV100, 7.0, 850, 1327, 2097152, 80, 2560, 32, 8192, 128, 5, 0.026112 ms, 321.255 GB/s
   5, 0, Quadro GV100, 7.0, 850, 1327, 2097152, 80, 5120, 64, 8192, 128, 5, 0.028192 ms, 297.553 GB/s
   6, 0, Quadro GV100, 7.0, 850, 1327, 2097152, 80, 8192, 102, 8192, 128, 5, 0.03024 ms, 277.401 GB/s
   0, 0, Quadro GV100, 7.0, 850, 1327, 2097152, 80, 160, 2, 4096, 256, 5, 0.025024 ms, 335.222 GB/s
   1, 0, Quadro GV100, 7.0, 850, 1327, 2097152, 80, 320, 4, 4096, 256, 5, 0.023584 ms, 355.691 GB/s
   2, 0, Quadro GV100, 7.0, 850, 1327, 2097152, 80, 640, 8, 4096, 256, 5, 0.02432 ms, 344.926 GB/s
   3, 0, Quadro GV100, 7.0, 850, 1327, 2097152, 80, 1280, 16, 4096, 256, 5, 0.0256 ms, 327.68 GB/s
   4, 0, Quadro GV100, 7.0, 850, 1327, 2097152, 80, 2560, 32, 4096, 256, 5, 0.027264 ms, 307.681 GB/s
   5, 0, Quadro GV100, 7.0, 850, 1327, 2097152, 80, 4096, 51, 4096, 256, 5, 0.027904 ms, 300.624 GB/s
   0, 0, Quadro GV100, 7.0, 850, 1327, 2097152, 80, 160, 2, 2048, 512, 5, 0.023488 ms, 357.144 GB/s
   1, 0, Quadro GV100, 7.0, 850, 1327, 2097152, 80, 320, 4, 2048, 512, 5, 0.024448 ms, 343.12 GB/s
   2, 0, Quadro GV100, 7.0, 850, 1327, 2097152, 80, 640, 8, 2048, 512, 5, 0.025888 ms, 324.035 GB/s
   3, 0, Quadro GV100, 7.0, 850, 1327, 2097152, 80, 1280, 16, 2048, 512, 5, 0.027488 ms, 305.173 GB/s
   4, 0, Quadro GV100, 7.0, 850, 1327, 2097152, 80, 2048, 25, 2048, 512, 5, 0.029152 ms, 287.754 GB/s
   0, 0, Quadro GV100, 7.0, 850, 1327, 2097152, 80, 160, 2, 1024, 1024, 5, 0.024672 ms, 340.005 GB/s
   1, 0, Quadro GV100, 7.0, 850, 1327, 2097152, 80, 320, 4, 1024, 1024, 5, 0.0264 ms, 317.75 GB/s
   2, 0, Quadro GV100, 7.0, 850, 1327, 2097152, 80, 640, 8, 1024, 1024, 5, 0.029184 ms, 287.439 GB/s
   3, 0, Quadro GV100, 7.0, 850, 1327, 2097152, 80, 1024, 12, 1024, 1024, 5, 0.03136 ms, 267.494 GB/s
   0, 0, Quadro GV100, 7.0, 850, 1327, 4194304, 80, 160, 2, 32768, 64, 5, 0.062112 ms, 270.112 GB/s
   1, 0, Quadro GV100, 7.0, 850, 1327, 4194304, 80, 320, 4, 32768, 64, 5, 0.043456 ms, 386.074 GB/s
   2, 0, Quadro GV100, 7.0, 850, 1327, 4194304, 80, 640, 8, 32768, 64, 5, 0.037056 ms, 452.753 GB/s
   3, 0, Quadro GV100, 7.0, 850, 1327, 4194304, 80, 1280, 16, 32768, 64, 5, 0.037728 ms, 444.689 GB/s
   4, 0, Quadro GV100, 7.0, 850, 1327, 4194304, 80, 2560, 32, 32768, 64, 5, 0.038592 ms, 434.733 GB/s
   5, 0, Quadro GV100, 7.0, 850, 1327, 4194304, 80, 5120, 64, 32768, 64, 5, 0.043296 ms, 387.5 GB/s
   6, 0, Quadro GV100, 7.0, 850, 1327, 4194304, 80, 10240, 128, 32768, 64, 5, 0.049664 ms, 337.814 GB/s
   7, 0, Quadro GV100, 7.0, 850, 1327, 4194304, 80, 20480, 256, 32768, 64, 5, 0.07136 ms, 235.107 GB/s
   8, 0, Quadro GV100, 7.0, 850, 1327, 4194304, 80, 32768, 409, 32768, 64, 5, 0.105856 ms, 158.491 GB/s
   0, 0, Quadro GV100, 7.0, 850, 1327, 4194304, 80, 160, 2, 16384, 128, 5, 0.04288 ms, 391.26 GB/s
   1, 0, Quadro GV100, 7.0, 850, 1327, 4194304, 80, 320, 4, 16384, 128, 5, 0.036576 ms, 458.695 GB/s
   2, 0, Quadro GV100, 7.0, 850, 1327, 4194304, 80, 640, 8, 16384, 128, 5, 0.036192 ms, 463.561 GB/s
   3, 0, Quadro GV100, 7.0, 850, 1327, 4194304, 80, 1280, 16, 16384, 128, 5, 0.03568 ms, 470.213 GB/s
   4, 0, Quadro GV100, 7.0, 850, 1327, 4194304, 80, 2560, 32, 16384, 128, 5, 0.038304 ms, 438.002 GB/s
   5, 0, Quadro GV100, 7.0, 850, 1327, 4194304, 80, 5120, 64, 16384, 128, 5, 0.040512 ms, 414.13 GB/s
   6, 0, Quadro GV100, 7.0, 850, 1327, 4194304, 80, 10240, 128, 16384, 128, 5, 0.045792 ms, 366.379 GB/s
   7, 0, Quadro GV100, 7.0, 850, 1327, 4194304, 80, 16384, 204, 16384, 128, 5, 0.052096 ms, 322.044 GB/s
   0, 0, Quadro GV100, 7.0, 850, 1327, 4194304, 80, 160, 2, 8192, 256, 5, 0.036928 ms, 454.322 GB/s
   1, 0, Quadro GV100, 7.0, 850, 1327, 4194304, 80, 320, 4, 8192, 256, 5, 0.035392 ms, 474.04 GB/s
   2, 0, Quadro GV100, 7.0, 850, 1327, 4194304, 80, 640, 8, 8192, 256, 5, 0.03616 ms, 463.972 GB/s
   3, 0, Quadro GV100, 7.0, 850, 1327, 4194304, 80, 1280, 16, 8192, 256, 5, 0.037312 ms, 449.647 GB/s
   4, 0, Quadro GV100, 7.0, 850, 1327, 4194304, 80, 2560, 32, 8192, 256, 5, 0.038624 ms, 434.373 GB/s
   5, 0, Quadro GV100, 7.0, 850, 1327, 4194304, 80, 5120, 64, 8192, 256, 5, 0.042112 ms, 398.395 GB/s
   6, 0, Quadro GV100, 7.0, 850, 1327, 4194304, 80, 8192, 102, 8192, 256, 5, 0.04384 ms, 382.692 GB/s
   0, 0, Quadro GV100, 7.0, 850, 1327, 4194304, 80, 160, 2, 4096, 512, 5, 0.036032 ms, 465.62 GB/s
   1, 0, Quadro GV100, 7.0, 850, 1327, 4194304, 80, 320, 4, 4096, 512, 5, 0.03488 ms, 480.998 GB/s
   2, 0, Quadro GV100, 7.0, 850, 1327, 4194304, 80, 640, 8, 4096, 512, 5, 0.037824 ms, 443.56 GB/s
   3, 0, Quadro GV100, 7.0, 850, 1327, 4194304, 80, 1280, 16, 4096, 512, 5, 0.039232 ms, 427.641 GB/s
   4, 0, Quadro GV100, 7.0, 850, 1327, 4194304, 80, 2560, 32, 4096, 512, 5, 0.041792 ms, 401.446 GB/s
   5, 0, Quadro GV100, 7.0, 850, 1327, 4194304, 80, 4096, 51, 4096, 512, 5, 0.043328 ms, 387.214 GB/s
   0, 0, Quadro GV100, 7.0, 850, 1327, 4194304, 80, 160, 2, 2048, 1024, 5, 0.035968 ms, 466.448 GB/s
   1, 0, Quadro GV100, 7.0, 850, 1327, 4194304, 80, 320, 4, 2048, 1024, 5, 0.03808 ms, 440.578 GB/s
   2, 0, Quadro GV100, 7.0, 850, 1327, 4194304, 80, 640, 8, 2048, 1024, 5, 0.040928 ms, 409.92 GB/s
   3, 0, Quadro GV100, 7.0, 850, 1327, 4194304, 80, 1280, 16, 2048, 1024, 5, 0.045568 ms, 368.18 GB/s
   4, 0, Quadro GV100, 7.0, 850, 1327, 4194304, 80, 2048, 25, 2048, 1024, 5, 0.04992 ms, 336.082 GB/s
   0, 0, Quadro GV100, 7.0, 850, 1327, 8388608, 80, 160, 2, 65536, 64, 5, 0.114368 ms, 293.39 GB/s
   1, 0, Quadro GV100, 7.0, 850, 1327, 8388608, 80, 320, 4, 65536, 64, 5, 0.076224 ms, 440.208 GB/s
   2, 0, Quadro GV100, 7.0, 850, 1327, 8388608, 80, 640, 8, 65536, 64, 5, 0.06448 ms, 520.385 GB/s
   3, 0, Quadro GV100, 7.0, 850, 1327, 8388608, 80, 1280, 16, 65536, 64, 5, 0.063072 ms, 532.002 GB/s
   4, 0, Quadro GV100, 7.0, 850, 1327, 8388608, 80, 2560, 32, 65536, 64, 5, 0.064608 ms, 519.354 GB/s
   5, 0, Quadro GV100, 7.0, 850, 1327, 8388608, 80, 5120, 64, 65536, 64, 5, 0.06848 ms, 489.989 GB/s
   6, 0, Quadro GV100, 7.0, 850, 1327, 8388608, 80, 10240, 128, 65536, 64, 5, 0.076192 ms, 440.393 GB/s
   7, 0, Quadro GV100, 7.0, 850, 1327, 8388608, 80, 20480, 256, 65536, 64, 5, 0.091456 ms, 366.892 GB/s
   8, 0, Quadro GV100, 7.0, 850, 1327, 8388608, 80, 40960, 512, 65536, 64, 5, 0.13792 ms, 243.289 GB/s
   9, 0, Quadro GV100, 7.0, 850, 1327, 8388608, 80, 65536, 819, 65536, 64, 5, 0.210656 ms, 159.285 GB/s
   0, 0, Quadro GV100, 7.0, 850, 1327, 8388608, 80, 160, 2, 32768, 128, 5, 0.075264 ms, 445.823 GB/s
   1, 0, Quadro GV100, 7.0, 850, 1327, 8388608, 80, 320, 4, 32768, 128, 5, 0.063936 ms, 524.813 GB/s
   2, 0, Quadro GV100, 7.0, 850, 1327, 8388608, 80, 640, 8, 32768, 128, 5, 0.061536 ms, 545.281 GB/s
   3, 0, Quadro GV100, 7.0, 850, 1327, 8388608, 80, 1280, 16, 32768, 128, 5, 0.06128 ms, 547.559 GB/s
   4, 0, Quadro GV100, 7.0, 850, 1327, 8388608, 80, 2560, 32, 32768, 128, 5, 0.062208 ms, 539.391 GB/s
   5, 0, Quadro GV100, 7.0, 850, 1327, 8388608, 80, 5120, 64, 32768, 128, 5, 0.065184 ms, 514.765 GB/s
   6, 0, Quadro GV100, 7.0, 850, 1327, 8388608, 80, 10240, 128, 32768, 128, 5, 0.069792 ms, 480.778 GB/s
   7, 0, Quadro GV100, 7.0, 850, 1327, 8388608, 80, 20480, 256, 32768, 128, 5, 0.084 ms, 399.458 GB/s
   8, 0, Quadro GV100, 7.0, 850, 1327, 8388608, 80, 32768, 409, 32768, 128, 5, 0.097696 ms, 343.458 GB/s
   0, 0, Quadro GV100, 7.0, 850, 1327, 8388608, 80, 160, 2, 16384, 256, 5, 0.064672 ms, 518.84 GB/s
   1, 0, Quadro GV100, 7.0, 850, 1327, 8388608, 80, 320, 4, 16384, 256, 5, 0.06064 ms, 553.338 GB/s
   2, 0, Quadro GV100, 7.0, 850, 1327, 8388608, 80, 640, 8, 16384, 256, 5, 0.061664 ms, 544.149 GB/s
   3, 0, Quadro GV100, 7.0, 850, 1327, 8388608, 80, 1280, 16, 16384, 256, 5, 0.062912 ms, 533.355 GB/s
   4, 0, Quadro GV100, 7.0, 850, 1327, 8388608, 80, 2560, 32, 16384, 256, 5, 0.063072 ms, 532.002 GB/s
   5, 0, Quadro GV100, 7.0, 850, 1327, 8388608, 80, 5120, 64, 16384, 256, 5, 0.065728 ms, 510.504 GB/s
   6, 0, Quadro GV100, 7.0, 850, 1327, 8388608, 80, 10240, 128, 16384, 256, 5, 0.073728 ms, 455.111 GB/s
   7, 0, Quadro GV100, 7.0, 850, 1327, 8388608, 80, 16384, 204, 16384, 256, 5, 0.080096 ms, 418.928 GB/s
   0, 0, Quadro GV100, 7.0, 850, 1327, 8388608, 80, 160, 2, 8192, 512, 5, 0.06192 ms, 541.9 GB/s
   1, 0, Quadro GV100, 7.0, 850, 1327, 8388608, 80, 320, 4, 8192, 512, 5, 0.061248 ms, 547.845 GB/s
   2, 0, Quadro GV100, 7.0, 850, 1327, 8388608, 80, 640, 8, 8192, 512, 5, 0.063168 ms, 531.194 GB/s
   3, 0, Quadro GV100, 7.0, 850, 1327, 8388608, 80, 1280, 16, 8192, 512, 5, 0.063136 ms, 531.463 GB/s
   4, 0, Quadro GV100, 7.0, 850, 1327, 8388608, 80, 2560, 32, 8192, 512, 5, 0.064128 ms, 523.242 GB/s
   5, 0, Quadro GV100, 7.0, 850, 1327, 8388608, 80, 5120, 64, 8192, 512, 5, 0.072896 ms, 460.306 GB/s
   6, 0, Quadro GV100, 7.0, 850, 1327, 8388608, 80, 8192, 102, 8192, 512, 5, 0.08048 ms, 416.929 GB/s
   0, 0, Quadro GV100, 7.0, 850, 1327, 8388608, 80, 160, 2, 4096, 1024, 5, 0.062112 ms, 540.225 GB/s
   1, 0, Quadro GV100, 7.0, 850, 1327, 8388608, 80, 320, 4, 4096, 1024, 5, 0.063712 ms, 526.658 GB/s
   2, 0, Quadro GV100, 7.0, 850, 1327, 8388608, 80, 640, 8, 4096, 1024, 5, 0.063808 ms, 525.866 GB/s
   3, 0, Quadro GV100, 7.0, 850, 1327, 8388608, 80, 1280, 16, 4096, 1024, 5, 0.067456 ms, 497.427 GB/s
   4, 0, Quadro GV100, 7.0, 850, 1327, 8388608, 80, 2560, 32, 4096, 1024, 5, 0.0776 ms, 432.402 GB/s
   5, 0, Quadro GV100, 7.0, 850, 1327, 8388608, 80, 4096, 51, 4096, 1024, 5, 0.090656 ms, 370.129 GB/s
   0, 0, Quadro GV100, 7.0, 850, 1327, 16777216, 80, 160, 2, 131072, 64, 5, 0.218528 ms, 307.095 GB/s
   1, 0, Quadro GV100, 7.0, 850, 1327, 16777216, 80, 320, 4, 131072, 64, 5, 0.142272 ms, 471.694 GB/s
   2, 0, Quadro GV100, 7.0, 850, 1327, 16777216, 80, 640, 8, 131072, 64, 5, 0.117344 ms, 571.899 GB/s
   3, 0, Quadro GV100, 7.0, 850, 1327, 16777216, 80, 1280, 16, 131072, 64, 5, 0.11408 ms, 588.261 GB/s
   4, 0, Quadro GV100, 7.0, 850, 1327, 16777216, 80, 2560, 32, 131072, 64, 5, 0.1144 ms, 586.616 GB/s
   5, 0, Quadro GV100, 7.0, 850, 1327, 16777216, 80, 5120, 64, 131072, 64, 5, 0.1192 ms, 562.994 GB/s
   6, 0, Quadro GV100, 7.0, 850, 1327, 16777216, 80, 10240, 128, 131072, 64, 5, 0.127392 ms, 526.79 GB/s
   7, 0, Quadro GV100, 7.0, 850, 1327, 16777216, 80, 20480, 256, 131072, 64, 5, 0.143488 ms, 467.697 GB/s
   8, 0, Quadro GV100, 7.0, 850, 1327, 16777216, 80, 40960, 512, 131072, 64, 5, 0.178144 ms, 376.711 GB/s
   9, 0, Quadro GV100, 7.0, 850, 1327, 16777216, 80, 81920, 1024, 131072, 64, 5, 0.271616 ms, 247.073 GB/s
  10, 0, Quadro GV100, 7.0, 850, 1327, 16777216, 80, 131072, 1638, 131072, 64, 5, 0.42352 ms, 158.455 GB/s
   0, 0, Quadro GV100, 7.0, 850, 1327, 16777216, 80, 160, 2, 65536, 128, 5, 0.141888 ms, 472.971 GB/s
   1, 0, Quadro GV100, 7.0, 850, 1327, 16777216, 80, 320, 4, 65536, 128, 5, 0.116448 ms, 576.299 GB/s
   2, 0, Quadro GV100, 7.0, 850, 1327, 16777216, 80, 640, 8, 65536, 128, 5, 0.112672 ms, 595.613 GB/s
   3, 0, Quadro GV100, 7.0, 850, 1327, 16777216, 80, 1280, 16, 65536, 128, 5, 0.111904 ms, 599.7 GB/s
   4, 0, Quadro GV100, 7.0, 850, 1327, 16777216, 80, 2560, 32, 65536, 128, 5, 0.114848 ms, 584.328 GB/s
   5, 0, Quadro GV100, 7.0, 850, 1327, 16777216, 80, 5120, 64, 65536, 128, 5, 0.117088 ms, 573.149 GB/s
   6, 0, Quadro GV100, 7.0, 850, 1327, 16777216, 80, 10240, 128, 65536, 128, 5, 0.120352 ms, 557.605 GB/s
   7, 0, Quadro GV100, 7.0, 850, 1327, 16777216, 80, 20480, 256, 65536, 128, 5, 0.13152 ms, 510.256 GB/s
   8, 0, Quadro GV100, 7.0, 850, 1327, 16777216, 80, 40960, 512, 65536, 128, 5, 0.159808 ms, 419.934 GB/s
   9, 0, Quadro GV100, 7.0, 850, 1327, 16777216, 80, 65536, 819, 65536, 128, 5, 0.185696 ms, 361.391 GB/s
   0, 0, Quadro GV100, 7.0, 850, 1327, 16777216, 80, 160, 2, 32768, 256, 5, 0.119744 ms, 560.436 GB/s
   1, 0, Quadro GV100, 7.0, 850, 1327, 16777216, 80, 320, 4, 32768, 256, 5, 0.112256 ms, 597.82 GB/s
   2, 0, Quadro GV100, 7.0, 850, 1327, 16777216, 80, 640, 8, 32768, 256, 5, 0.111872 ms, 599.872 GB/s
   3, 0, Quadro GV100, 7.0, 850, 1327, 16777216, 80, 1280, 16, 32768, 256, 5, 0.11296 ms, 594.094 GB/s
   4, 0, Quadro GV100, 7.0, 850, 1327, 16777216, 80, 2560, 32, 32768, 256, 5, 0.113376 ms, 591.914 GB/s
   5, 0, Quadro GV100, 7.0, 850, 1327, 16777216, 80, 5120, 64, 32768, 256, 5, 0.11408 ms, 588.261 GB/s
   6, 0, Quadro GV100, 7.0, 850, 1327, 16777216, 80, 10240, 128, 32768, 256, 5, 0.117536 ms, 570.964 GB/s
   7, 0, Quadro GV100, 7.0, 850, 1327, 16777216, 80, 20480, 256, 32768, 256, 5, 0.134816 ms, 497.781 GB/s
   8, 0, Quadro GV100, 7.0, 850, 1327, 16777216, 80, 32768, 409, 32768, 256, 5, 0.150176 ms, 446.868 GB/s
   0, 0, Quadro GV100, 7.0, 850, 1327, 16777216, 80, 160, 2, 16384, 512, 5, 0.112576 ms, 596.121 GB/s
   1, 0, Quadro GV100, 7.0, 850, 1327, 16777216, 80, 320, 4, 16384, 512, 5, 0.11152 ms, 601.765 GB/s
   2, 0, Quadro GV100, 7.0, 850, 1327, 16777216, 80, 640, 8, 16384, 512, 5, 0.114176 ms, 587.767 GB/s
   3, 0, Quadro GV100, 7.0, 850, 1327, 16777216, 80, 1280, 16, 16384, 512, 5, 0.113696 ms, 590.248 GB/s
   4, 0, Quadro GV100, 7.0, 850, 1327, 16777216, 80, 2560, 32, 16384, 512, 5, 0.114144 ms, 587.932 GB/s
   5, 0, Quadro GV100, 7.0, 850, 1327, 16777216, 80, 5120, 64, 16384, 512, 5, 0.11792 ms, 569.105 GB/s
   6, 0, Quadro GV100, 7.0, 850, 1327, 16777216, 80, 10240, 128, 16384, 512, 5, 0.133472 ms, 502.794 GB/s
   7, 0, Quadro GV100, 7.0, 850, 1327, 16777216, 80, 16384, 204, 16384, 512, 5, 0.14512 ms, 462.437 GB/s
   0, 0, Quadro GV100, 7.0, 850, 1327, 16777216, 80, 160, 2, 8192, 1024, 5, 0.112288 ms, 597.649 GB/s
   1, 0, Quadro GV100, 7.0, 850, 1327, 16777216, 80, 320, 4, 8192, 1024, 5, 0.114656 ms, 585.306 GB/s
   2, 0, Quadro GV100, 7.0, 850, 1327, 16777216, 80, 640, 8, 8192, 1024, 5, 0.115104 ms, 583.028 GB/s
   3, 0, Quadro GV100, 7.0, 850, 1327, 16777216, 80, 1280, 16, 8192, 1024, 5, 0.115008 ms, 583.515 GB/s
   4, 0, Quadro GV100, 7.0, 850, 1327, 16777216, 80, 2560, 32, 8192, 1024, 5, 0.119552 ms, 561.336 GB/s
   5, 0, Quadro GV100, 7.0, 850, 1327, 16777216, 80, 5120, 64, 8192, 1024, 5, 0.139296 ms, 481.772 GB/s
   6, 0, Quadro GV100, 7.0, 850, 1327, 16777216, 80, 8192, 102, 8192, 1024, 5, 0.170432 ms, 393.757 GB/s
   0, 0, Quadro GV100, 7.0, 850, 1327, 33554432, 80, 160, 2, 262144, 64, 5, 0.427264 ms, 314.133 GB/s
   1, 0, Quadro GV100, 7.0, 850, 1327, 33554432, 80, 320, 4, 262144, 64, 5, 0.27632 ms, 485.733 GB/s
   2, 0, Quadro GV100, 7.0, 850, 1327, 33554432, 80, 640, 8, 262144, 64, 5, 0.22704 ms, 591.163 GB/s
   3, 0, Quadro GV100, 7.0, 850, 1327, 33554432, 80, 1280, 16, 262144, 64, 5, 0.216192 ms, 620.826 GB/s
   4, 0, Quadro GV100, 7.0, 850, 1327, 33554432, 80, 2560, 32, 262144, 64, 5, 0.215168 ms, 623.781 GB/s
   5, 0, Quadro GV100, 7.0, 850, 1327, 33554432, 80, 5120, 64, 262144, 64, 5, 0.222176 ms, 604.105 GB/s
   6, 0, Quadro GV100, 7.0, 850, 1327, 33554432, 80, 10240, 128, 262144, 64, 5, 0.229824 ms, 584.002 GB/s
   7, 0, Quadro GV100, 7.0, 850, 1327, 33554432, 80, 20480, 256, 262144, 64, 5, 0.245216 ms, 547.345 GB/s
   8, 0, Quadro GV100, 7.0, 850, 1327, 33554432, 80, 40960, 512, 262144, 64, 5, 0.281024 ms, 477.602 GB/s
   9, 0, Quadro GV100, 7.0, 850, 1327, 33554432, 80, 81920, 1024, 262144, 64, 5, 0.350304 ms, 383.146 GB/s
  10, 0, Quadro GV100, 7.0, 850, 1327, 33554432, 80, 163840, 2048, 262144, 64, 5, 0.540448 ms, 248.345 GB/s
  11, 0, Quadro GV100, 7.0, 850, 1327, 33554432, 80, 262144, 3276, 262144, 64, 5, 0.847552 ms, 158.359 GB/s
   0, 0, Quadro GV100, 7.0, 850, 1327, 33554432, 80, 160, 2, 131072, 128, 5, 0.276448 ms, 485.508 GB/s
   1, 0, Quadro GV100, 7.0, 850, 1327, 33554432, 80, 320, 4, 131072, 128, 5, 0.228832 ms, 586.534 GB/s
   2, 0, Quadro GV100, 7.0, 850, 1327, 33554432, 80, 640, 8, 131072, 128, 5, 0.214368 ms, 626.109 GB/s
   3, 0, Quadro GV100, 7.0, 850, 1327, 33554432, 80, 1280, 16, 131072, 128, 5, 0.212128 ms, 632.72 GB/s
   4, 0, Quadro GV100, 7.0, 850, 1327, 33554432, 80, 2560, 32, 131072, 128, 5, 0.215392 ms, 623.132 GB/s
   5, 0, Quadro GV100, 7.0, 850, 1327, 33554432, 80, 5120, 64, 131072, 128, 5, 0.218688 ms, 613.741 GB/s
   6, 0, Quadro GV100, 7.0, 850, 1327, 33554432, 80, 10240, 128, 131072, 128, 5, 0.22048 ms, 608.752 GB/s
   7, 0, Quadro GV100, 7.0, 850, 1327, 33554432, 80, 20480, 256, 131072, 128, 5, 0.23312 ms, 575.745 GB/s
   8, 0, Quadro GV100, 7.0, 850, 1327, 33554432, 80, 40960, 512, 131072, 128, 5, 0.253152 ms, 530.186 GB/s
   9, 0, Quadro GV100, 7.0, 850, 1327, 33554432, 80, 81920, 1024, 131072, 128, 5, 0.30944 ms, 433.744 GB/s
  10, 0, Quadro GV100, 7.0, 850, 1327, 33554432, 80, 131072, 1638, 131072, 128, 5, 0.367488 ms, 365.23 GB/s
   0, 0, Quadro GV100, 7.0, 850, 1327, 33554432, 80, 160, 2, 65536, 256, 5, 0.233408 ms, 575.035 GB/s
   1, 0, Quadro GV100, 7.0, 850, 1327, 33554432, 80, 320, 4, 65536, 256, 5, 0.214624 ms, 625.362 GB/s
   2, 0, Quadro GV100, 7.0, 850, 1327, 33554432, 80, 640, 8, 65536, 256, 5, 0.212736 ms, 630.912 GB/s
   3, 0, Quadro GV100, 7.0, 850, 1327, 33554432, 80, 1280, 16, 65536, 256, 5, 0.213408 ms, 628.926 GB/s
   4, 0, Quadro GV100, 7.0, 850, 1327, 33554432, 80, 2560, 32, 65536, 256, 5, 0.215456 ms, 622.947 GB/s
   5, 0, Quadro GV100, 7.0, 850, 1327, 33554432, 80, 5120, 64, 65536, 256, 5, 0.216096 ms, 621.102 GB/s
   6, 0, Quadro GV100, 7.0, 850, 1327, 33554432, 80, 10240, 128, 65536, 256, 5, 0.220672 ms, 608.223 GB/s
   7, 0, Quadro GV100, 7.0, 850, 1327, 33554432, 80, 20480, 256, 65536, 256, 5, 0.228256 ms, 588.014 GB/s
   8, 0, Quadro GV100, 7.0, 850, 1327, 33554432, 80, 40960, 512, 65536, 256, 5, 0.26096 ms, 514.323 GB/s
   9, 0, Quadro GV100, 7.0, 850, 1327, 33554432, 80, 65536, 819, 65536, 256, 5, 0.283616 ms, 473.238 GB/s
   0, 0, Quadro GV100, 7.0, 850, 1327, 33554432, 80, 160, 2, 32768, 512, 5, 0.214784 ms, 624.896 GB/s
   1, 0, Quadro GV100, 7.0, 850, 1327, 33554432, 80, 320, 4, 32768, 512, 5, 0.212704 ms, 631.007 GB/s
   2, 0, Quadro GV100, 7.0, 850, 1327, 33554432, 80, 640, 8, 32768, 512, 5, 0.213984 ms, 627.233 GB/s
   3, 0, Quadro GV100, 7.0, 850, 1327, 33554432, 80, 1280, 16, 32768, 512, 5, 0.215264 ms, 623.503 GB/s
   4, 0, Quadro GV100, 7.0, 850, 1327, 33554432, 80, 2560, 32, 32768, 512, 5, 0.215648 ms, 622.393 GB/s
   5, 0, Quadro GV100, 7.0, 850, 1327, 33554432, 80, 5120, 64, 32768, 512, 5, 0.21808 ms, 615.452 GB/s
   6, 0, Quadro GV100, 7.0, 850, 1327, 33554432, 80, 10240, 128, 32768, 512, 5, 0.223488 ms, 600.559 GB/s
   7, 0, Quadro GV100, 7.0, 850, 1327, 33554432, 80, 20480, 256, 32768, 512, 5, 0.254432 ms, 527.519 GB/s
   8, 0, Quadro GV100, 7.0, 850, 1327, 33554432, 80, 32768, 409, 32768, 512, 5, 0.283808 ms, 472.917 GB/s
   0, 0, Quadro GV100, 7.0, 850, 1327, 33554432, 80, 160, 2, 16384, 1024, 5, 0.212416 ms, 631.863 GB/s
   1, 0, Quadro GV100, 7.0, 850, 1327, 33554432, 80, 320, 4, 16384, 1024, 5, 0.214464 ms, 625.829 GB/s
   2, 0, Quadro GV100, 7.0, 850, 1327, 33554432, 80, 640, 8, 16384, 1024, 5, 0.21648 ms, 620.001 GB/s
   3, 0, Quadro GV100, 7.0, 850, 1327, 33554432, 80, 1280, 16, 16384, 1024, 5, 0.2168 ms, 619.085 GB/s
   4, 0, Quadro GV100, 7.0, 850, 1327, 33554432, 80, 2560, 32, 16384, 1024, 5, 0.219424 ms, 611.682 GB/s
   5, 0, Quadro GV100, 7.0, 850, 1327, 33554432, 80, 5120, 64, 16384, 1024, 5, 0.22688 ms, 591.58 GB/s
   6, 0, Quadro GV100, 7.0, 850, 1327, 33554432, 80, 10240, 128, 16384, 1024, 5, 0.271456 ms, 494.436 GB/s
   7, 0, Quadro GV100, 7.0, 850, 1327, 33554432, 80, 16384, 204, 16384, 1024, 5, 0.315328 ms, 425.645 GB/s
   0, 0, Quadro GV100, 7.0, 850, 1327, 67108864, 80, 160, 2, 524288, 64, 5, 0.85136 ms, 315.302 GB/s
   1, 0, Quadro GV100, 7.0, 850, 1327, 67108864, 80, 320, 4, 524288, 64, 5, 0.548928 ms, 489.018 GB/s
   2, 0, Quadro GV100, 7.0, 850, 1327, 67108864, 80, 640, 8, 524288, 64, 5, 0.457024 ms, 587.355 GB/s
   3, 0, Quadro GV100, 7.0, 850, 1327, 67108864, 80, 1280, 16, 524288, 64, 5, 0.423648 ms, 633.629 GB/s
   4, 0, Quadro GV100, 7.0, 850, 1327, 67108864, 80, 2560, 32, 524288, 64, 5, 0.42128 ms, 637.19 GB/s
   5, 0, Quadro GV100, 7.0, 850, 1327, 67108864, 80, 5120, 64, 524288, 64, 5, 0.425408 ms, 631.007 GB/s
   6, 0, Quadro GV100, 7.0, 850, 1327, 67108864, 80, 10240, 128, 524288, 64, 5, 0.434528 ms, 617.763 GB/s
   7, 0, Quadro GV100, 7.0, 850, 1327, 67108864, 80, 20480, 256, 524288, 64, 5, 0.450016 ms, 596.502 GB/s
   8, 0, Quadro GV100, 7.0, 850, 1327, 67108864, 80, 40960, 512, 524288, 64, 5, 0.487744 ms, 550.361 GB/s
   9, 0, Quadro GV100, 7.0, 850, 1327, 67108864, 80, 81920, 1024, 524288, 64, 5, 0.5576 ms, 481.412 GB/s
  10, 0, Quadro GV100, 7.0, 850, 1327, 67108864, 80, 163840, 2048, 524288, 64, 5, 0.699296 ms, 383.865 GB/s
  11, 0, Quadro GV100, 7.0, 850, 1327, 67108864, 80, 327680, 4096, 524288, 64, 5, 1.07398 ms, 249.944 GB/s
  12, 0, Quadro GV100, 7.0, 850, 1327, 67108864, 80, 524288, 6553, 524288, 64, 5, 1.69773 ms, 158.115 GB/s
   0, 0, Quadro GV100, 7.0, 850, 1327, 67108864, 80, 160, 2, 262144, 128, 5, 0.548672 ms, 489.246 GB/s
   1, 0, Quadro GV100, 7.0, 850, 1327, 67108864, 80, 320, 4, 262144, 128, 5, 0.457216 ms, 587.109 GB/s
   2, 0, Quadro GV100, 7.0, 850, 1327, 67108864, 80, 640, 8, 262144, 128, 5, 0.427936 ms, 627.279 GB/s
   3, 0, Quadro GV100, 7.0, 850, 1327, 67108864, 80, 1280, 16, 262144, 128, 5, 0.41664 ms, 644.286 GB/s
   4, 0, Quadro GV100, 7.0, 850, 1327, 67108864, 80, 2560, 32, 262144, 128, 5, 0.420864 ms, 637.82 GB/s
   5, 0, Quadro GV100, 7.0, 850, 1327, 67108864, 80, 5120, 64, 262144, 128, 5, 0.42208 ms, 635.982 GB/s
   6, 0, Quadro GV100, 7.0, 850, 1327, 67108864, 80, 10240, 128, 262144, 128, 5, 0.424832 ms, 631.863 GB/s
   7, 0, Quadro GV100, 7.0, 850, 1327, 67108864, 80, 20480, 256, 262144, 128, 5, 0.433952 ms, 618.583 GB/s
   8, 0, Quadro GV100, 7.0, 850, 1327, 67108864, 80, 40960, 512, 262144, 128, 5, 0.454976 ms, 589.999 GB/s
   9, 0, Quadro GV100, 7.0, 850, 1327, 67108864, 80, 81920, 1024, 262144, 128, 5, 0.4928 ms, 544.715 GB/s
  10, 0, Quadro GV100, 7.0, 850, 1327, 67108864, 80, 163840, 2048, 262144, 128, 5, 0.610528 ms, 439.678 GB/s
  11, 0, Quadro GV100, 7.0, 850, 1327, 67108864, 80, 262144, 3276, 262144, 128, 5, 0.723776 ms, 370.882 GB/s
   0, 0, Quadro GV100, 7.0, 850, 1327, 67108864, 80, 160, 2, 131072, 256, 5, 0.462144 ms, 580.848 GB/s
   1, 0, Quadro GV100, 7.0, 850, 1327, 67108864, 80, 320, 4, 131072, 256, 5, 0.421344 ms, 637.093 GB/s
   2, 0, Quadro GV100, 7.0, 850, 1327, 67108864, 80, 640, 8, 131072, 256, 5, 0.415584 ms, 645.923 GB/s
   3, 0, Quadro GV100, 7.0, 850, 1327, 67108864, 80, 1280, 16, 131072, 256, 5, 0.416672 ms, 644.237 GB/s
   4, 0, Quadro GV100, 7.0, 850, 1327, 67108864, 80, 2560, 32, 131072, 256, 5, 0.41728 ms, 643.298 GB/s
   5, 0, Quadro GV100, 7.0, 850, 1327, 67108864, 80, 5120, 64, 131072, 256, 5, 0.419296 ms, 640.205 GB/s
   6, 0, Quadro GV100, 7.0, 850, 1327, 67108864, 80, 10240, 128, 131072, 256, 5, 0.423168 ms, 634.347 GB/s
   7, 0, Quadro GV100, 7.0, 850, 1327, 67108864, 80, 20480, 256, 131072, 256, 5, 0.428864 ms, 625.922 GB/s
   8, 0, Quadro GV100, 7.0, 850, 1327, 67108864, 80, 40960, 512, 131072, 256, 5, 0.442912 ms, 606.07 GB/s
   9, 0, Quadro GV100, 7.0, 850, 1327, 67108864, 80, 81920, 1024, 131072, 256, 5, 0.509152 ms, 527.221 GB/s
  10, 0, Quadro GV100, 7.0, 850, 1327, 67108864, 80, 131072, 1638, 131072, 256, 5, 0.554336 ms, 484.247 GB/s
   0, 0, Quadro GV100, 7.0, 850, 1327, 67108864, 80, 160, 2, 65536, 512, 5, 0.425056 ms, 631.53 GB/s
   1, 0, Quadro GV100, 7.0, 850, 1327, 67108864, 80, 320, 4, 65536, 512, 5, 0.414528 ms, 647.569 GB/s
   2, 0, Quadro GV100, 7.0, 850, 1327, 67108864, 80, 640, 8, 65536, 512, 5, 0.416064 ms, 645.178 GB/s
   3, 0, Quadro GV100, 7.0, 850, 1327, 67108864, 80, 1280, 16, 65536, 512, 5, 0.41824 ms, 641.822 GB/s
   4, 0, Quadro GV100, 7.0, 850, 1327, 67108864, 80, 2560, 32, 65536, 512, 5, 0.417408 ms, 643.101 GB/s
   5, 0, Quadro GV100, 7.0, 850, 1327, 67108864, 80, 5120, 64, 65536, 512, 5, 0.420928 ms, 637.723 GB/s
   6, 0, Quadro GV100, 7.0, 850, 1327, 67108864, 80, 10240, 128, 65536, 512, 5, 0.42304 ms, 634.539 GB/s
   7, 0, Quadro GV100, 7.0, 850, 1327, 67108864, 80, 20480, 256, 65536, 512, 5, 0.432896 ms, 620.092 GB/s
   8, 0, Quadro GV100, 7.0, 850, 1327, 67108864, 80, 40960, 512, 65536, 512, 5, 0.497536 ms, 539.53 GB/s
   9, 0, Quadro GV100, 7.0, 850, 1327, 67108864, 80, 65536, 819, 65536, 512, 5, 0.5424 ms, 494.903 GB/s
   0, 0, Quadro GV100, 7.0, 850, 1327, 67108864, 80, 160, 2, 32768, 1024, 5, 0.413856 ms, 648.62 GB/s
   1, 0, Quadro GV100, 7.0, 850, 1327, 67108864, 80, 320, 4, 32768, 1024, 5, 0.419104 ms, 640.498 GB/s
   2, 0, Quadro GV100, 7.0, 850, 1327, 67108864, 80, 640, 8, 32768, 1024, 5, 0.42112 ms, 637.432 GB/s
   3, 0, Quadro GV100, 7.0, 850, 1327, 67108864, 80, 1280, 16, 32768, 1024, 5, 0.423168 ms, 634.347 GB/s
   4, 0, Quadro GV100, 7.0, 850, 1327, 67108864, 80, 2560, 32, 32768, 1024, 5, 0.424096 ms, 632.959 GB/s
   5, 0, Quadro GV100, 7.0, 850, 1327, 67108864, 80, 5120, 64, 32768, 1024, 5, 0.42608 ms, 630.012 GB/s
   6, 0, Quadro GV100, 7.0, 850, 1327, 67108864, 80, 10240, 128, 32768, 1024, 5, 0.442976 ms, 605.982 GB/s
   7, 0, Quadro GV100, 7.0, 850, 1327, 67108864, 80, 20480, 256, 32768, 1024, 5, 0.529024 ms, 507.416 GB/s
   8, 0, Quadro GV100, 7.0, 850, 1327, 67108864, 80, 32768, 409, 32768, 1024, 5, 0.615552 ms, 436.089 GB/s
   0, 0, Quadro GV100, 7.0, 850, 1327, 134217728, 80, 160, 2, 1048576, 64, 5, 1.6993 ms, 315.937 GB/s
   1, 0, Quadro GV100, 7.0, 850, 1327, 134217728, 80, 320, 4, 1048576, 64, 5, 1.09702 ms, 489.389 GB/s
   2, 0, Quadro GV100, 7.0, 850, 1327, 134217728, 80, 640, 8, 1048576, 64, 5, 0.920128 ms, 583.474 GB/s
   3, 0, Quadro GV100, 7.0, 850, 1327, 134217728, 80, 1280, 16, 1048576, 64, 5, 0.859168 ms, 624.873 GB/s
   4, 0, Quadro GV100, 7.0, 850, 1327, 134217728, 80, 2560, 32, 1048576, 64, 5, 0.851392 ms, 630.58 GB/s
   5, 0, Quadro GV100, 7.0, 850, 1327, 134217728, 80, 5120, 64, 1048576, 64, 5, 0.848288 ms, 632.888 GB/s
   6, 0, Quadro GV100, 7.0, 850, 1327, 134217728, 80, 10240, 128, 1048576, 64, 5, 0.843904 ms, 636.175 GB/s
   7, 0, Quadro GV100, 7.0, 850, 1327, 134217728, 80, 20480, 256, 1048576, 64, 5, 0.857408 ms, 626.156 GB/s
   8, 0, Quadro GV100, 7.0, 850, 1327, 134217728, 80, 40960, 512, 1048576, 64, 5, 0.895136 ms, 599.765 GB/s
   9, 0, Quadro GV100, 7.0, 850, 1327, 134217728, 80, 81920, 1024, 1048576, 64, 5, 0.95904 ms, 559.8 GB/s
  10, 0, Quadro GV100, 7.0, 850, 1327, 134217728, 80, 163840, 2048, 1048576, 64, 5, 1.0945 ms, 490.519 GB/s
  11, 0, Quadro GV100, 7.0, 850, 1327, 134217728, 80, 327680, 4096, 1048576, 64, 5, 1.37197 ms, 391.314 GB/s
  12, 0, Quadro GV100, 7.0, 850, 1327, 134217728, 80, 655360, 8192, 1048576, 64, 5, 2.13712 ms, 251.212 GB/s
  13, 0, Quadro GV100, 7.0, 850, 1327, 134217728, 80, 1048576, 13107, 1048576, 64, 5, 3.40109 ms, 157.853 GB/s
   0, 0, Quadro GV100, 7.0, 850, 1327, 134217728, 80, 160, 2, 524288, 128, 5, 1.10419 ms, 486.212 GB/s
   1, 0, Quadro GV100, 7.0, 850, 1327, 134217728, 80, 320, 4, 524288, 128, 5, 0.92592 ms, 579.824 GB/s
   2, 0, Quadro GV100, 7.0, 850, 1327, 134217728, 80, 640, 8, 524288, 128, 5, 0.847744 ms, 633.294 GB/s
   3, 0, Quadro GV100, 7.0, 850, 1327, 134217728, 80, 1280, 16, 524288, 128, 5, 0.826912 ms, 649.248 GB/s
   4, 0, Quadro GV100, 7.0, 850, 1327, 134217728, 80, 2560, 32, 524288, 128, 5, 0.83216 ms, 645.153 GB/s
   5, 0, Quadro GV100, 7.0, 850, 1327, 134217728, 80, 5120, 64, 524288, 128, 5, 0.830464 ms, 646.471 GB/s
   6, 0, Quadro GV100, 7.0, 850, 1327, 134217728, 80, 10240, 128, 524288, 128, 5, 0.831552 ms, 645.625 GB/s
   7, 0, Quadro GV100, 7.0, 850, 1327, 134217728, 80, 20480, 256, 524288, 128, 5, 0.851552 ms, 630.462 GB/s
   8, 0, Quadro GV100, 7.0, 850, 1327, 134217728, 80, 40960, 512, 524288, 128, 5, 0.872576 ms, 615.271 GB/s
   9, 0, Quadro GV100, 7.0, 850, 1327, 134217728, 80, 81920, 1024, 524288, 128, 5, 0.912 ms, 588.674 GB/s
  10, 0, Quadro GV100, 7.0, 850, 1327, 134217728, 80, 163840, 2048, 524288, 128, 5, 0.980288 ms, 547.666 GB/s
  11, 0, Quadro GV100, 7.0, 850, 1327, 134217728, 80, 327680, 4096, 524288, 128, 5, 1.22378 ms, 438.7 GB/s
  12, 0, Quadro GV100, 7.0, 850, 1327, 134217728, 80, 524288, 6553, 524288, 128, 5, 1.46106 ms, 367.454 GB/s
   0, 0, Quadro GV100, 7.0, 850, 1327, 134217728, 80, 160, 2, 262144, 256, 5, 0.930112 ms, 577.211 GB/s
   1, 0, Quadro GV100, 7.0, 850, 1327, 134217728, 80, 320, 4, 262144, 256, 5, 0.845152 ms, 635.236 GB/s
   2, 0, Quadro GV100, 7.0, 850, 1327, 134217728, 80, 640, 8, 262144, 256, 5, 0.82128 ms, 653.7 GB/s
   3, 0, Quadro GV100, 7.0, 850, 1327, 134217728, 80, 1280, 16, 262144, 256, 5, 0.825152 ms, 650.633 GB/s
   4, 0, Quadro GV100, 7.0, 850, 1327, 134217728, 80, 2560, 32, 262144, 256, 5, 0.825152 ms, 650.633 GB/s
   5, 0, Quadro GV100, 7.0, 850, 1327, 134217728, 80, 5120, 64, 262144, 256, 5, 0.823008 ms, 652.328 GB/s
   6, 0, Quadro GV100, 7.0, 850, 1327, 134217728, 80, 10240, 128, 262144, 256, 5, 0.833056 ms, 644.46 GB/s
   7, 0, Quadro GV100, 7.0, 850, 1327, 134217728, 80, 20480, 256, 262144, 256, 5, 0.839232 ms, 639.717 GB/s
   8, 0, Quadro GV100, 7.0, 850, 1327, 134217728, 80, 40960, 512, 262144, 256, 5, 0.852256 ms, 629.941 GB/s
   9, 0, Quadro GV100, 7.0, 850, 1327, 134217728, 80, 81920, 1024, 262144, 256, 5, 0.87376 ms, 614.438 GB/s
  10, 0, Quadro GV100, 7.0, 850, 1327, 134217728, 80, 163840, 2048, 262144, 256, 5, 1.01942 ms, 526.641 GB/s
  11, 0, Quadro GV100, 7.0, 850, 1327, 134217728, 80, 262144, 3276, 262144, 256, 5, 1.12496 ms, 477.236 GB/s
   0, 0, Quadro GV100, 7.0, 850, 1327, 134217728, 80, 160, 2, 131072, 512, 5, 0.847904 ms, 633.174 GB/s
   1, 0, Quadro GV100, 7.0, 850, 1327, 134217728, 80, 320, 4, 131072, 512, 5, 0.822976 ms, 652.353 GB/s
   2, 0, Quadro GV100, 7.0, 850, 1327, 134217728, 80, 640, 8, 131072, 512, 5, 0.825024 ms, 650.734 GB/s
   3, 0, Quadro GV100, 7.0, 850, 1327, 134217728, 80, 1280, 16, 131072, 512, 5, 0.82496 ms, 650.784 GB/s
   4, 0, Quadro GV100, 7.0, 850, 1327, 134217728, 80, 2560, 32, 131072, 512, 5, 0.822208 ms, 652.962 GB/s
   5, 0, Quadro GV100, 7.0, 850, 1327, 134217728, 80, 5120, 64, 131072, 512, 5, 0.82976 ms, 647.02 GB/s
   6, 0, Quadro GV100, 7.0, 850, 1327, 134217728, 80, 10240, 128, 131072, 512, 5, 0.82976 ms, 647.02 GB/s
   7, 0, Quadro GV100, 7.0, 850, 1327, 134217728, 80, 20480, 256, 131072, 512, 5, 0.830592 ms, 646.371 GB/s
   8, 0, Quadro GV100, 7.0, 850, 1327, 134217728, 80, 40960, 512, 131072, 512, 5, 0.848384 ms, 632.816 GB/s
   9, 0, Quadro GV100, 7.0, 850, 1327, 134217728, 80, 81920, 1024, 131072, 512, 5, 0.97504 ms, 550.614 GB/s
  10, 0, Quadro GV100, 7.0, 850, 1327, 134217728, 80, 131072, 1638, 131072, 512, 5, 1.10998 ms, 483.674 GB/s
   0, 0, Quadro GV100, 7.0, 850, 1327, 134217728, 80, 160, 2, 65536, 1024, 5, 0.819104 ms, 655.437 GB/s
   1, 0, Quadro GV100, 7.0, 850, 1327, 134217728, 80, 320, 4, 65536, 1024, 5, 0.826112 ms, 649.877 GB/s
   2, 0, Quadro GV100, 7.0, 850, 1327, 134217728, 80, 640, 8, 65536, 1024, 5, 0.825312 ms, 650.507 GB/s
   3, 0, Quadro GV100, 7.0, 850, 1327, 134217728, 80, 1280, 16, 65536, 1024, 5, 0.823328 ms, 652.074 GB/s
   4, 0, Quadro GV100, 7.0, 850, 1327, 134217728, 80, 2560, 32, 65536, 1024, 5, 0.83216 ms, 645.153 GB/s
   5, 0, Quadro GV100, 7.0, 850, 1327, 134217728, 80, 5120, 64, 65536, 1024, 5, 0.83248 ms, 644.905 GB/s
   6, 0, Quadro GV100, 7.0, 850, 1327, 134217728, 80, 10240, 128, 65536, 1024, 5, 0.840576 ms, 638.694 GB/s
   7, 0, Quadro GV100, 7.0, 850, 1327, 134217728, 80, 20480, 256, 65536, 1024, 5, 0.861376 ms, 623.271 GB/s
   8, 0, Quadro GV100, 7.0, 850, 1327, 134217728, 80, 40960, 512, 65536, 1024, 5, 1.05408 ms, 509.327 GB/s
   9, 0, Quadro GV100, 7.0, 850, 1327, 134217728, 80, 65536, 819, 65536, 1024, 5, 1.26813 ms, 423.357 GB/s
   0, 0, Quadro GV100, 7.0, 850, 1327, 268435456, 80, 160, 2, 2097152, 64, 5, 3.38998 ms, 316.74 GB/s
   1, 0, Quadro GV100, 7.0, 850, 1327, 268435456, 80, 320, 4, 2097152, 64, 5, 2.20317 ms, 487.363 GB/s
   2, 0, Quadro GV100, 7.0, 850, 1327, 268435456, 80, 640, 8, 2097152, 64, 5, 1.86499 ms, 575.735 GB/s
   3, 0, Quadro GV100, 7.0, 850, 1327, 268435456, 80, 1280, 16, 2097152, 64, 5, 1.76317 ms, 608.984 GB/s
   4, 0, Quadro GV100, 7.0, 850, 1327, 268435456, 80, 2560, 32, 2097152, 64, 5, 1.71238 ms, 627.045 GB/s
   5, 0, Quadro GV100, 7.0, 850, 1327, 268435456, 80, 5120, 64, 2097152, 64, 5, 1.70288 ms, 630.545 GB/s
   6, 0, Quadro GV100, 7.0, 850, 1327, 268435456, 80, 10240, 128, 2097152, 64, 5, 1.67702 ms, 640.266 GB/s
   7, 0, Quadro GV100, 7.0, 850, 1327, 268435456, 80, 20480, 256, 2097152, 64, 5, 1.68186 ms, 638.427 GB/s
   8, 0, Quadro GV100, 7.0, 850, 1327, 268435456, 80, 40960, 512, 2097152, 64, 5, 1.72282 ms, 623.248 GB/s
   9, 0, Quadro GV100, 7.0, 850, 1327, 268435456, 80, 81920, 1024, 2097152, 64, 5, 1.7936 ms, 598.652 GB/s
  10, 0, Quadro GV100, 7.0, 850, 1327, 268435456, 80, 163840, 2048, 2097152, 64, 5, 1.91859 ms, 559.651 GB/s
  11, 0, Quadro GV100, 7.0, 850, 1327, 268435456, 80, 327680, 4096, 2097152, 64, 5, 2.17741 ms, 493.128 GB/s
  12, 0, Quadro GV100, 7.0, 850, 1327, 268435456, 80, 655360, 8192, 2097152, 64, 5, 2.73968 ms, 391.922 GB/s
  13, 0, Quadro GV100, 7.0, 850, 1327, 268435456, 80, 1310720, 16384, 2097152, 64, 5, 4.28822 ms, 250.393 GB/s
  14, 0, Quadro GV100, 7.0, 850, 1327, 268435456, 80, 2097152, 26214, 2097152, 64, 5, 6.79424 ms, 158.037 GB/s
   0, 0, Quadro GV100, 7.0, 850, 1327, 268435456, 80, 160, 2, 1048576, 128, 5, 2.20064 ms, 487.923 GB/s
   1, 0, Quadro GV100, 7.0, 850, 1327, 268435456, 80, 320, 4, 1048576, 128, 5, 1.91664 ms, 560.221 GB/s
   2, 0, Quadro GV100, 7.0, 850, 1327, 268435456, 80, 640, 8, 1048576, 128, 5, 1.77603 ms, 604.574 GB/s
   3, 0, Quadro GV100, 7.0, 850, 1327, 268435456, 80, 1280, 16, 1048576, 128, 5, 1.66682 ms, 644.187 GB/s
   4, 0, Quadro GV100, 7.0, 850, 1327, 268435456, 80, 2560, 32, 1048576, 128, 5, 1.69536 ms, 633.342 GB/s
   5, 0, Quadro GV100, 7.0, 850, 1327, 268435456, 80, 5120, 64, 1048576, 128, 5, 1.65414 ms, 649.122 GB/s
   6, 0, Quadro GV100, 7.0, 850, 1327, 268435456, 80, 10240, 128, 1048576, 128, 5, 1.64976 ms, 650.847 GB/s
   7, 0, Quadro GV100, 7.0, 850, 1327, 268435456, 80, 20480, 256, 1048576, 128, 5, 1.67184 ms, 642.252 GB/s
   8, 0, Quadro GV100, 7.0, 850, 1327, 268435456, 80, 40960, 512, 1048576, 128, 5, 1.69795 ms, 632.375 GB/s
   9, 0, Quadro GV100, 7.0, 850, 1327, 268435456, 80, 81920, 1024, 1048576, 128, 5, 1.7248 ms, 622.531 GB/s
  10, 0, Quadro GV100, 7.0, 850, 1327, 268435456, 80, 163840, 2048, 1048576, 128, 5, 1.77818 ms, 603.845 GB/s
  11, 0, Quadro GV100, 7.0, 850, 1327, 268435456, 80, 327680, 4096, 1048576, 128, 5, 1.93622 ms, 554.555 GB/s
  12, 0, Quadro GV100, 7.0, 850, 1327, 268435456, 80, 655360, 8192, 1048576, 128, 5, 2.4079 ms, 445.924 GB/s
  13, 0, Quadro GV100, 7.0, 850, 1327, 268435456, 80, 1048576, 13107, 1048576, 128, 5, 2.94227 ms, 364.936 GB/s
   0, 0, Quadro GV100, 7.0, 850, 1327, 268435456, 80, 160, 2, 524288, 256, 5, 1.86534 ms, 575.627 GB/s
   1, 0, Quadro GV100, 7.0, 850, 1327, 268435456, 80, 320, 4, 524288, 256, 5, 1.76202 ms, 609.383 GB/s
   2, 0, Quadro GV100, 7.0, 850, 1327, 268435456, 80, 640, 8, 524288, 256, 5, 1.65955 ms, 647.007 GB/s
   3, 0, Quadro GV100, 7.0, 850, 1327, 268435456, 80, 1280, 16, 524288, 256, 5, 1.6593 ms, 647.107 GB/s
   4, 0, Quadro GV100, 7.0, 850, 1327, 268435456, 80, 2560, 32, 524288, 256, 5, 1.64698 ms, 651.947 GB/s
   5, 0, Quadro GV100, 7.0, 850, 1327, 268435456, 80, 5120, 64, 524288, 256, 5, 1.63904 ms, 655.104 GB/s
   6, 0, Quadro GV100, 7.0, 850, 1327, 268435456, 80, 10240, 128, 524288, 256, 5, 1.64483 ms, 652.797 GB/s
   7, 0, Quadro GV100, 7.0, 850, 1327, 268435456, 80, 20480, 256, 524288, 256, 5, 1.6479 ms, 651.58 GB/s
   8, 0, Quadro GV100, 7.0, 850, 1327, 268435456, 80, 40960, 512, 524288, 256, 5, 1.64938 ms, 650.999 GB/s
   9, 0, Quadro GV100, 7.0, 850, 1327, 268435456, 80, 81920, 1024, 524288, 256, 5, 1.67126 ms, 642.473 GB/s
  10, 0, Quadro GV100, 7.0, 850, 1327, 268435456, 80, 163840, 2048, 524288, 256, 5, 1.72634 ms, 621.977 GB/s
  11, 0, Quadro GV100, 7.0, 850, 1327, 268435456, 80, 327680, 4096, 524288, 256, 5, 1.98941 ms, 539.729 GB/s
  12, 0, Quadro GV100, 7.0, 850, 1327, 268435456, 80, 524288, 6553, 524288, 256, 5, 2.18858 ms, 490.612 GB/s
   0, 0, Quadro GV100, 7.0, 850, 1327, 268435456, 80, 160, 2, 262144, 512, 5, 1.72435 ms, 622.693 GB/s
   1, 0, Quadro GV100, 7.0, 850, 1327, 268435456, 80, 320, 4, 262144, 512, 5, 1.64016 ms, 654.657 GB/s
   2, 0, Quadro GV100, 7.0, 850, 1327, 268435456, 80, 640, 8, 262144, 512, 5, 1.66374 ms, 645.377 GB/s
   3, 0, Quadro GV100, 7.0, 850, 1327, 268435456, 80, 1280, 16, 262144, 512, 5, 1.64838 ms, 651.391 GB/s
   4, 0, Quadro GV100, 7.0, 850, 1327, 268435456, 80, 2560, 32, 262144, 512, 5, 1.63674 ms, 656.026 GB/s
   5, 0, Quadro GV100, 7.0, 850, 1327, 268435456, 80, 5120, 64, 262144, 512, 5, 1.6489 ms, 651.188 GB/s
   6, 0, Quadro GV100, 7.0, 850, 1327, 268435456, 80, 10240, 128, 262144, 512, 5, 1.65827 ms, 647.506 GB/s
   7, 0, Quadro GV100, 7.0, 850, 1327, 268435456, 80, 20480, 256, 262144, 512, 5, 1.65091 ms, 650.393 GB/s
   8, 0, Quadro GV100, 7.0, 850, 1327, 268435456, 80, 40960, 512, 262144, 512, 5, 1.6425 ms, 653.726 GB/s
   9, 0, Quadro GV100, 7.0, 850, 1327, 268435456, 80, 81920, 1024, 262144, 512, 5, 1.67411 ms, 641.38 GB/s
  10, 0, Quadro GV100, 7.0, 850, 1327, 268435456, 80, 163840, 2048, 262144, 512, 5, 1.92195 ms, 558.673 GB/s
  11, 0, Quadro GV100, 7.0, 850, 1327, 268435456, 80, 262144, 3276, 262144, 512, 5, 2.27648 ms, 471.668 GB/s
   0, 0, Quadro GV100, 7.0, 850, 1327, 268435456, 80, 160, 2, 131072, 1024, 5, 1.63341 ms, 657.363 GB/s
   1, 0, Quadro GV100, 7.0, 850, 1327, 268435456, 80, 320, 4, 131072, 1024, 5, 1.66627 ms, 644.398 GB/s
   2, 0, Quadro GV100, 7.0, 850, 1327, 268435456, 80, 640, 8, 131072, 1024, 5, 1.65043 ms, 650.582 GB/s
   3, 0, Quadro GV100, 7.0, 850, 1327, 268435456, 80, 1280, 16, 131072, 1024, 5, 1.6375 ms, 655.719 GB/s
   4, 0, Quadro GV100, 7.0, 850, 1327, 268435456, 80, 2560, 32, 131072, 1024, 5, 1.64342 ms, 653.357 GB/s
   5, 0, Quadro GV100, 7.0, 850, 1327, 268435456, 80, 5120, 64, 131072, 1024, 5, 1.64144 ms, 654.146 GB/s
   6, 0, Quadro GV100, 7.0, 850, 1327, 268435456, 80, 10240, 128, 131072, 1024, 5, 1.64304 ms, 653.509 GB/s
   7, 0, Quadro GV100, 7.0, 850, 1327, 268435456, 80, 20480, 256, 131072, 1024, 5, 1.65011 ms, 650.708 GB/s
   8, 0, Quadro GV100, 7.0, 850, 1327, 268435456, 80, 40960, 512, 131072, 1024, 5, 1.70186 ms, 630.924 GB/s
   9, 0, Quadro GV100, 7.0, 850, 1327, 268435456, 80, 81920, 1024, 131072, 1024, 5, 2.05293 ms, 523.029 GB/s
  10, 0, Quadro GV100, 7.0, 850, 1327, 268435456, 80, 131072, 1638, 131072, 1024, 5, 2.44038 ms, 439.989 GB/s
   0, 0, Quadro GV100, 7.0, 850, 1327, 536870912, 80, 160, 2, 4194304, 64, 5, 6.80061 ms, 315.778 GB/s
   1, 0, Quadro GV100, 7.0, 850, 1327, 536870912, 80, 320, 4, 4194304, 64, 5, 4.41155 ms, 486.786 GB/s
   2, 0, Quadro GV100, 7.0, 850, 1327, 536870912, 80, 640, 8, 4194304, 64, 5, 3.79219 ms, 566.291 GB/s
   3, 0, Quadro GV100, 7.0, 850, 1327, 536870912, 80, 1280, 16, 4194304, 64, 5, 3.57341 ms, 600.962 GB/s
   4, 0, Quadro GV100, 7.0, 850, 1327, 536870912, 80, 2560, 32, 4194304, 64, 5, 3.47475 ms, 618.025 GB/s
   5, 0, Quadro GV100, 7.0, 850, 1327, 536870912, 80, 5120, 64, 4194304, 64, 5, 3.48701 ms, 615.853 GB/s
   6, 0, Quadro GV100, 7.0, 850, 1327, 536870912, 80, 10240, 128, 4194304, 64, 5, 3.4039 ms, 630.888 GB/s
   7, 0, Quadro GV100, 7.0, 850, 1327, 536870912, 80, 20480, 256, 4194304, 64, 5, 3.34621 ms, 641.766 GB/s
   8, 0, Quadro GV100, 7.0, 850, 1327, 536870912, 80, 40960, 512, 4194304, 64, 5, 3.39738 ms, 632.101 GB/s
   9, 0, Quadro GV100, 7.0, 850, 1327, 536870912, 80, 81920, 1024, 4194304, 64, 5, 3.444 ms, 623.543 GB/s
  10, 0, Quadro GV100, 7.0, 850, 1327, 536870912, 80, 163840, 2048, 4194304, 64, 5, 3.54586 ms, 605.632 GB/s
  11, 0, Quadro GV100, 7.0, 850, 1327, 536870912, 80, 327680, 4096, 4194304, 64, 5, 3.7808 ms, 567.997 GB/s
  12, 0, Quadro GV100, 7.0, 850, 1327, 536870912, 80, 655360, 8192, 4194304, 64, 5, 4.31773 ms, 497.364 GB/s
  13, 0, Quadro GV100, 7.0, 850, 1327, 536870912, 80, 1310720, 16384, 4194304, 64, 5, 5.41037 ms, 396.92 GB/s
  14, 0, Quadro GV100, 7.0, 850, 1327, 536870912, 80, 2621440, 32768, 4194304, 64, 5, 8.55773 ms, 250.941 GB/s
  15, 0, Quadro GV100, 7.0, 850, 1327, 536870912, 80, 4194304, 52428, 4194304, 64, 5, 13.572 ms, 158.229 GB/s
   0, 0, Quadro GV100, 7.0, 850, 1327, 536870912, 80, 160, 2, 2097152, 128, 5, 4.41901 ms, 485.965 GB/s
   1, 0, Quadro GV100, 7.0, 850, 1327, 536870912, 80, 320, 4, 2097152, 128, 5, 3.79046 ms, 566.549 GB/s
   2, 0, Quadro GV100, 7.0, 850, 1327, 536870912, 80, 640, 8, 2097152, 128, 5, 3.59965 ms, 596.582 GB/s
   3, 0, Quadro GV100, 7.0, 850, 1327, 536870912, 80, 1280, 16, 2097152, 128, 5, 3.39456 ms, 632.625 GB/s
   4, 0, Quadro GV100, 7.0, 850, 1327, 536870912, 80, 2560, 32, 2097152, 128, 5, 3.4441 ms, 623.526 GB/s
   5, 0, Quadro GV100, 7.0, 850, 1327, 536870912, 80, 5120, 64, 2097152, 128, 5, 3.36285 ms, 638.591 GB/s
   6, 0, Quadro GV100, 7.0, 850, 1327, 536870912, 80, 10240, 128, 2097152, 128, 5, 3.30064 ms, 650.626 GB/s
   7, 0, Quadro GV100, 7.0, 850, 1327, 536870912, 80, 20480, 256, 2097152, 128, 5, 3.33325 ms, 644.262 GB/s
   8, 0, Quadro GV100, 7.0, 850, 1327, 536870912, 80, 40960, 512, 2097152, 128, 5, 3.33597 ms, 643.736 GB/s
   9, 0, Quadro GV100, 7.0, 850, 1327, 536870912, 80, 81920, 1024, 2097152, 128, 5, 3.35926 ms, 639.272 GB/s
  10, 0, Quadro GV100, 7.0, 850, 1327, 536870912, 80, 163840, 2048, 2097152, 128, 5, 3.40115 ms, 631.399 GB/s
  11, 0, Quadro GV100, 7.0, 850, 1327, 536870912, 80, 327680, 4096, 2097152, 128, 5, 3.55507 ms, 604.062 GB/s
  12, 0, Quadro GV100, 7.0, 850, 1327, 536870912, 80, 655360, 8192, 2097152, 128, 5, 3.86342 ms, 555.85 GB/s
  13, 0, Quadro GV100, 7.0, 850, 1327, 536870912, 80, 1310720, 16384, 2097152, 128, 5, 4.84826 ms, 442.939 GB/s
  14, 0, Quadro GV100, 7.0, 850, 1327, 536870912, 80, 2097152, 26214, 2097152, 128, 5, 5.70243 ms, 376.591 GB/s
   0, 0, Quadro GV100, 7.0, 850, 1327, 536870912, 80, 160, 2, 1048576, 256, 5, 3.84458 ms, 558.575 GB/s
   1, 0, Quadro GV100, 7.0, 850, 1327, 536870912, 80, 320, 4, 1048576, 256, 5, 3.53709 ms, 607.133 GB/s
   2, 0, Quadro GV100, 7.0, 850, 1327, 536870912, 80, 640, 8, 1048576, 256, 5, 3.3232 ms, 646.21 GB/s
   3, 0, Quadro GV100, 7.0, 850, 1327, 536870912, 80, 1280, 16, 1048576, 256, 5, 3.37734 ms, 635.85 GB/s
   4, 0, Quadro GV100, 7.0, 850, 1327, 536870912, 80, 2560, 32, 1048576, 256, 5, 3.3215 ms, 646.54 GB/s
   5, 0, Quadro GV100, 7.0, 850, 1327, 536870912, 80, 5120, 64, 1048576, 256, 5, 3.27418 ms, 655.885 GB/s
   6, 0, Quadro GV100, 7.0, 850, 1327, 536870912, 80, 10240, 128, 1048576, 256, 5, 3.2967 ms, 651.403 GB/s
   7, 0, Quadro GV100, 7.0, 850, 1327, 536870912, 80, 20480, 256, 1048576, 256, 5, 3.28851 ms, 653.026 GB/s
   8, 0, Quadro GV100, 7.0, 850, 1327, 536870912, 80, 40960, 512, 1048576, 256, 5, 3.27309 ms, 656.103 GB/s
   9, 0, Quadro GV100, 7.0, 850, 1327, 536870912, 80, 81920, 1024, 1048576, 256, 5, 3.26541 ms, 657.646 GB/s
  10, 0, Quadro GV100, 7.0, 850, 1327, 536870912, 80, 163840, 2048, 1048576, 256, 5, 3.30522 ms, 649.726 GB/s
  11, 0, Quadro GV100, 7.0, 850, 1327, 536870912, 80, 327680, 4096, 1048576, 256, 5, 3.40083 ms, 631.458 GB/s
  12, 0, Quadro GV100, 7.0, 850, 1327, 536870912, 80, 655360, 8192, 1048576, 256, 5, 3.91181 ms, 548.975 GB/s
  13, 0, Quadro GV100, 7.0, 850, 1327, 536870912, 80, 1048576, 13107, 1048576, 256, 5, 4.39677 ms, 488.423 GB/s
   0, 0, Quadro GV100, 7.0, 850, 1327, 536870912, 80, 160, 2, 524288, 512, 5, 3.48195 ms, 616.747 GB/s
   1, 0, Quadro GV100, 7.0, 850, 1327, 536870912, 80, 320, 4, 524288, 512, 5, 3.30803 ms, 649.173 GB/s
   2, 0, Quadro GV100, 7.0, 850, 1327, 536870912, 80, 640, 8, 524288, 512, 5, 3.38874 ms, 633.712 GB/s
   3, 0, Quadro GV100, 7.0, 850, 1327, 536870912, 80, 1280, 16, 524288, 512, 5, 3.32326 ms, 646.197 GB/s
   4, 0, Quadro GV100, 7.0, 850, 1327, 536870912, 80, 2560, 32, 524288, 512, 5, 3.27318 ms, 656.084 GB/s
   5, 0, Quadro GV100, 7.0, 850, 1327, 536870912, 80, 5120, 64, 524288, 512, 5, 3.29187 ms, 652.359 GB/s
   6, 0, Quadro GV100, 7.0, 850, 1327, 536870912, 80, 10240, 128, 524288, 512, 5, 3.28 ms, 654.721 GB/s
   7, 0, Quadro GV100, 7.0, 850, 1327, 536870912, 80, 20480, 256, 524288, 512, 5, 3.28291 ms, 654.14 GB/s
   8, 0, Quadro GV100, 7.0, 850, 1327, 536870912, 80, 40960, 512, 524288, 512, 5, 3.25981 ms, 658.776 GB/s
   9, 0, Quadro GV100, 7.0, 850, 1327, 536870912, 80, 81920, 1024, 524288, 512, 5, 3.27674 ms, 655.373 GB/s
  10, 0, Quadro GV100, 7.0, 850, 1327, 536870912, 80, 163840, 2048, 524288, 512, 5, 3.34301 ms, 642.381 GB/s
  11, 0, Quadro GV100, 7.0, 850, 1327, 536870912, 80, 327680, 4096, 524288, 512, 5, 3.8369 ms, 559.693 GB/s
  12, 0, Quadro GV100, 7.0, 850, 1327, 536870912, 80, 524288, 6553, 524288, 512, 5, 4.31312 ms, 497.896 GB/s
   0, 0, Quadro GV100, 7.0, 850, 1327, 536870912, 80, 160, 2, 262144, 1024, 5, 3.29792 ms, 651.163 GB/s
   1, 0, Quadro GV100, 7.0, 850, 1327, 536870912, 80, 320, 4, 262144, 1024, 5, 3.39994 ms, 631.625 GB/s
   2, 0, Quadro GV100, 7.0, 850, 1327, 536870912, 80, 640, 8, 262144, 1024, 5, 3.3271 ms, 645.451 GB/s
   3, 0, Quadro GV100, 7.0, 850, 1327, 536870912, 80, 1280, 16, 262144, 1024, 5, 3.28614 ms, 653.497 GB/s
   4, 0, Quadro GV100, 7.0, 850, 1327, 536870912, 80, 2560, 32, 262144, 1024, 5, 3.28995 ms, 652.74 GB/s
   5, 0, Quadro GV100, 7.0, 850, 1327, 536870912, 80, 5120, 64, 262144, 1024, 5, 3.26752 ms, 657.221 GB/s
   6, 0, Quadro GV100, 7.0, 850, 1327, 536870912, 80, 10240, 128, 262144, 1024, 5, 3.25597 ms, 659.553 GB/s
   7, 0, Quadro GV100, 7.0, 850, 1327, 536870912, 80, 20480, 256, 262144, 1024, 5, 3.23718 ms, 663.38 GB/s
   8, 0, Quadro GV100, 7.0, 850, 1327, 536870912, 80, 40960, 512, 262144, 1024, 5, 3.24682 ms, 661.412 GB/s
   9, 0, Quadro GV100, 7.0, 850, 1327, 536870912, 80, 81920, 1024, 262144, 1024, 5, 3.32291 ms, 646.266 GB/s
  10, 0, Quadro GV100, 7.0, 850, 1327, 536870912, 80, 163840, 2048, 262144, 1024, 5, 4.01088 ms, 535.415 GB/s
  11, 0, Quadro GV100, 7.0, 850, 1327, 536870912, 80, 262144, 3276, 262144, 1024, 5, 4.88922 ms, 439.229 GB/s
   0, 0, Quadro GV100, 7.0, 850, 1327, 1073741824, 80, 160, 2, 8388608, 64, 5, 13.6289 ms, 315.138 GB/s
   1, 0, Quadro GV100, 7.0, 850, 1327, 1073741824, 80, 320, 4, 8388608, 64, 5, 8.91792 ms, 481.611 GB/s
   2, 0, Quadro GV100, 7.0, 850, 1327, 1073741824, 80, 640, 8, 8388608, 64, 5, 7.63523 ms, 562.52 GB/s
   3, 0, Quadro GV100, 7.0, 850, 1327, 1073741824, 80, 1280, 16, 8388608, 64, 5, 7.12883 ms, 602.478 GB/s
   4, 0, Quadro GV100, 7.0, 850, 1327, 1073741824, 80, 2560, 32, 8388608, 64, 5, 7.03315 ms, 610.675 GB/s
   5, 0, Quadro GV100, 7.0, 850, 1327, 1073741824, 80, 5120, 64, 8388608, 64, 5, 7.14624 ms, 601.011 GB/s
   6, 0, Quadro GV100, 7.0, 850, 1327, 1073741824, 80, 10240, 128, 8388608, 64, 5, 6.9719 ms, 616.039 GB/s
   7, 0, Quadro GV100, 7.0, 850, 1327, 1073741824, 80, 20480, 256, 8388608, 64, 5, 6.76646 ms, 634.743 GB/s
   8, 0, Quadro GV100, 7.0, 850, 1327, 1073741824, 80, 40960, 512, 8388608, 64, 5, 6.83965 ms, 627.952 GB/s
   9, 0, Quadro GV100, 7.0, 850, 1327, 1073741824, 80, 81920, 1024, 8388608, 64, 5, 6.79741 ms, 631.854 GB/s
  10, 0, Quadro GV100, 7.0, 850, 1327, 1073741824, 80, 163840, 2048, 8388608, 64, 5, 6.83843 ms, 628.063 GB/s
  11, 0, Quadro GV100, 7.0, 850, 1327, 1073741824, 80, 327680, 4096, 8388608, 64, 5, 7.02707 ms, 611.203 GB/s
  12, 0, Quadro GV100, 7.0, 850, 1327, 1073741824, 80, 655360, 8192, 8388608, 64, 5, 7.52656 ms, 570.641 GB/s
  13, 0, Quadro GV100, 7.0, 850, 1327, 1073741824, 80, 1310720, 16384, 8388608, 64, 5, 8.62995 ms, 497.681 GB/s
  14, 0, Quadro GV100, 7.0, 850, 1327, 1073741824, 80, 2621440, 32768, 8388608, 64, 5, 10.8545 ms, 395.686 GB/s
  15, 0, Quadro GV100, 7.0, 850, 1327, 1073741824, 80, 5242880, 65536, 8388608, 64, 5, 17.104 ms, 251.108 GB/s
  16, 0, Quadro GV100, 7.0, 850, 1327, 1073741824, 80, 8388608, 104857, 8388608, 64, 5, 27.1218 ms, 158.359 GB/s
   0, 0, Quadro GV100, 7.0, 850, 1327, 1073741824, 80, 160, 2, 4194304, 128, 5, 8.84374 ms, 485.65 GB/s
   1, 0, Quadro GV100, 7.0, 850, 1327, 1073741824, 80, 320, 4, 4194304, 128, 5, 7.69514 ms, 558.141 GB/s
   2, 0, Quadro GV100, 7.0, 850, 1327, 1073741824, 80, 640, 8, 4194304, 128, 5, 7.3559 ms, 583.88 GB/s
   3, 0, Quadro GV100, 7.0, 850, 1327, 1073741824, 80, 1280, 16, 4194304, 128, 5, 6.98074 ms, 615.26 GB/s
   4, 0, Quadro GV100, 7.0, 850, 1327, 1073741824, 80, 2560, 32, 4194304, 128, 5, 7.14422 ms, 601.18 GB/s
   5, 0, Quadro GV100, 7.0, 850, 1327, 1073741824, 80, 5120, 64, 4194304, 128, 5, 6.91501 ms, 621.108 GB/s
   6, 0, Quadro GV100, 7.0, 850, 1327, 1073741824, 80, 10240, 128, 4194304, 128, 5, 6.67632 ms, 643.314 GB/s
   7, 0, Quadro GV100, 7.0, 850, 1327, 1073741824, 80, 20480, 256, 4194304, 128, 5, 6.69242 ms, 641.766 GB/s
   8, 0, Quadro GV100, 7.0, 850, 1327, 1073741824, 80, 40960, 512, 4194304, 128, 5, 6.63779 ms, 647.048 GB/s
   9, 0, Quadro GV100, 7.0, 850, 1327, 1073741824, 80, 81920, 1024, 4194304, 128, 5, 6.60134 ms, 650.62 GB/s
  10, 0, Quadro GV100, 7.0, 850, 1327, 1073741824, 80, 163840, 2048, 4194304, 128, 5, 6.64163 ms, 646.673 GB/s
  11, 0, Quadro GV100, 7.0, 850, 1327, 1073741824, 80, 327680, 4096, 4194304, 128, 5, 6.72858 ms, 638.317 GB/s
  12, 0, Quadro GV100, 7.0, 850, 1327, 1073741824, 80, 655360, 8192, 4194304, 128, 5, 7.00307 ms, 613.298 GB/s
  13, 0, Quadro GV100, 7.0, 850, 1327, 1073741824, 80, 1310720, 16384, 4194304, 128, 5, 7.59507 ms, 565.494 GB/s
  14, 0, Quadro GV100, 7.0, 850, 1327, 1073741824, 80, 2621440, 32768, 4194304, 128, 5, 9.48538 ms, 452.799 GB/s
  15, 0, Quadro GV100, 7.0, 850, 1327, 1073741824, 80, 4194304, 52428, 4194304, 128, 5, 11.6719 ms, 367.974 GB/s
   0, 0, Quadro GV100, 7.0, 850, 1327, 1073741824, 80, 160, 2, 2097152, 256, 5, 7.7175 ms, 556.523 GB/s
   1, 0, Quadro GV100, 7.0, 850, 1327, 1073741824, 80, 320, 4, 2097152, 256, 5, 7.32442 ms, 586.39 GB/s
   2, 0, Quadro GV100, 7.0, 850, 1327, 1073741824, 80, 640, 8, 2097152, 256, 5, 6.92256 ms, 620.43 GB/s
   3, 0, Quadro GV100, 7.0, 850, 1327, 1073741824, 80, 1280, 16, 2097152, 256, 5, 6.97946 ms, 615.373 GB/s
   4, 0, Quadro GV100, 7.0, 850, 1327, 1073741824, 80, 2560, 32, 2097152, 256, 5, 6.75574 ms, 635.75 GB/s
   5, 0, Quadro GV100, 7.0, 850, 1327, 1073741824, 80, 5120, 64, 2097152, 256, 5, 6.60918 ms, 649.848 GB/s
   6, 0, Quadro GV100, 7.0, 850, 1327, 1073741824, 80, 10240, 128, 2097152, 256, 5, 6.61498 ms, 649.279 GB/s
   7, 0, Quadro GV100, 7.0, 850, 1327, 1073741824, 80, 20480, 256, 2097152, 256, 5, 6.57082 ms, 653.643 GB/s
   8, 0, Quadro GV100, 7.0, 850, 1327, 1073741824, 80, 40960, 512, 2097152, 256, 5, 6.54717 ms, 656.004 GB/s
   9, 0, Quadro GV100, 7.0, 850, 1327, 1073741824, 80, 81920, 1024, 2097152, 256, 5, 6.5104 ms, 659.709 GB/s
  10, 0, Quadro GV100, 7.0, 850, 1327, 1073741824, 80, 163840, 2048, 2097152, 256, 5, 6.51894 ms, 658.844 GB/s
  11, 0, Quadro GV100, 7.0, 850, 1327, 1073741824, 80, 327680, 4096, 2097152, 256, 5, 6.58915 ms, 651.824 GB/s
  12, 0, Quadro GV100, 7.0, 850, 1327, 1073741824, 80, 655360, 8192, 2097152, 256, 5, 6.82765 ms, 629.055 GB/s
  13, 0, Quadro GV100, 7.0, 850, 1327, 1073741824, 80, 1310720, 16384, 2097152, 256, 5, 7.91142 ms, 542.882 GB/s
  14, 0, Quadro GV100, 7.0, 850, 1327, 1073741824, 80, 2097152, 26214, 2097152, 256, 5, 8.77965 ms, 489.196 GB/s
   0, 0, Quadro GV100, 7.0, 850, 1327, 1073741824, 80, 160, 2, 1048576, 512, 5, 7.2313 ms, 593.942 GB/s
   1, 0, Quadro GV100, 7.0, 850, 1327, 1073741824, 80, 320, 4, 1048576, 512, 5, 6.7969 ms, 631.901 GB/s
   2, 0, Quadro GV100, 7.0, 850, 1327, 1073741824, 80, 640, 8, 1048576, 512, 5, 7.0073 ms, 612.928 GB/s
   3, 0, Quadro GV100, 7.0, 850, 1327, 1073741824, 80, 1280, 16, 1048576, 512, 5, 6.78515 ms, 632.995 GB/s
   4, 0, Quadro GV100, 7.0, 850, 1327, 1073741824, 80, 2560, 32, 1048576, 512, 5, 6.61341 ms, 649.433 GB/s
   5, 0, Quadro GV100, 7.0, 850, 1327, 1073741824, 80, 5120, 64, 1048576, 512, 5, 6.6152 ms, 649.257 GB/s
   6, 0, Quadro GV100, 7.0, 850, 1327, 1073741824, 80, 10240, 128, 1048576, 512, 5, 6.56621 ms, 654.102 GB/s
   7, 0, Quadro GV100, 7.0, 850, 1327, 1073741824, 80, 20480, 256, 1048576, 512, 5, 6.53875 ms, 656.848 GB/s
   8, 0, Quadro GV100, 7.0, 850, 1327, 1073741824, 80, 40960, 512, 1048576, 512, 5, 6.50595 ms, 660.16 GB/s
   9, 0, Quadro GV100, 7.0, 850, 1327, 1073741824, 80, 81920, 1024, 1048576, 512, 5, 6.49341 ms, 661.435 GB/s
  10, 0, Quadro GV100, 7.0, 850, 1327, 1073741824, 80, 163840, 2048, 1048576, 512, 5, 6.50102 ms, 660.66 GB/s
  11, 0, Quadro GV100, 7.0, 850, 1327, 1073741824, 80, 327680, 4096, 1048576, 512, 5, 6.65552 ms, 645.324 GB/s
  12, 0, Quadro GV100, 7.0, 850, 1327, 1073741824, 80, 655360, 8192, 1048576, 512, 5, 7.62637 ms, 563.173 GB/s
  13, 0, Quadro GV100, 7.0, 850, 1327, 1073741824, 80, 1048576, 13107, 1048576, 512, 5, 8.73578 ms, 491.653 GB/s
   0, 0, Quadro GV100, 7.0, 850, 1327, 1073741824, 80, 160, 2, 524288, 1024, 5, 6.76742 ms, 634.653 GB/s
   1, 0, Quadro GV100, 7.0, 850, 1327, 1073741824, 80, 320, 4, 524288, 1024, 5, 7.01226 ms, 612.494 GB/s
   2, 0, Quadro GV100, 7.0, 850, 1327, 1073741824, 80, 640, 8, 524288, 1024, 5, 6.82368 ms, 629.421 GB/s
   3, 0, Quadro GV100, 7.0, 850, 1327, 1073741824, 80, 1280, 16, 524288, 1024, 5, 6.63517 ms, 647.303 GB/s
   4, 0, Quadro GV100, 7.0, 850, 1327, 1073741824, 80, 2560, 32, 524288, 1024, 5, 6.61299 ms, 649.474 GB/s
   5, 0, Quadro GV100, 7.0, 850, 1327, 1073741824, 80, 5120, 64, 524288, 1024, 5, 6.55302 ms, 655.418 GB/s
   6, 0, Quadro GV100, 7.0, 850, 1327, 1073741824, 80, 10240, 128, 524288, 1024, 5, 6.50346 ms, 660.413 GB/s
   7, 0, Quadro GV100, 7.0, 850, 1327, 1073741824, 80, 20480, 256, 524288, 1024, 5, 6.46989 ms, 663.839 GB/s
   8, 0, Quadro GV100, 7.0, 850, 1327, 1073741824, 80, 40960, 512, 524288, 1024, 5, 6.45491 ms, 665.38 GB/s
   9, 0, Quadro GV100, 7.0, 850, 1327, 1073741824, 80, 81920, 1024, 524288, 1024, 5, 6.49107 ms, 661.673 GB/s
  10, 0, Quadro GV100, 7.0, 850, 1327, 1073741824, 80, 163840, 2048, 524288, 1024, 5, 6.72099 ms, 639.038 GB/s
  11, 0, Quadro GV100, 7.0, 850, 1327, 1073741824, 80, 327680, 4096, 524288, 1024, 5, 8.14717 ms, 527.173 GB/s
  12, 0, Quadro GV100, 7.0, 850, 1327, 1073741824, 80, 524288, 6553, 524288, 1024, 5, 9.83136 ms, 436.864 GB/s
