; saxpy-grid 1048576 1073741824, Thu Aug 23 16:36:13 2018
index,dev_id,dev_name,dev_CC,dev_memClock,dev_clock,n,numSMs,blocks_i,blocks_i/numSMs,blocks_n,TBlocksize,TRuns,min_time,max_throughput
   0, 0, Quadro GV100, 7.0, 850, 1327, 1048576, 80, 160, 2, 16384, 64, 5, 0.06224 ms, 202.168 GB/s
   1, 0, Quadro GV100, 7.0, 850, 1327, 1048576, 80, 320, 4, 16384, 64, 5, 0.041952 ms, 299.936 GB/s
   2, 0, Quadro GV100, 7.0, 850, 1327, 1048576, 80, 640, 8, 16384, 64, 5, 0.030464 ms, 413.042 GB/s
   3, 0, Quadro GV100, 7.0, 850, 1327, 1048576, 80, 1280, 16, 16384, 64, 5, 0.0264 ms, 476.625 GB/s
   4, 0, Quadro GV100, 7.0, 850, 1327, 1048576, 80, 2560, 32, 16384, 64, 5, 0.023168 ms, 543.116 GB/s
   5, 0, Quadro GV100, 7.0, 850, 1327, 1048576, 80, 5120, 64, 16384, 64, 5, 0.022752 ms, 553.046 GB/s
   6, 0, Quadro GV100, 7.0, 850, 1327, 1048576, 80, 10240, 128, 16384, 64, 5, 0.02512 ms, 500.912 GB/s
   7, 0, Quadro GV100, 7.0, 850, 1327, 1048576, 80, 16384, 204, 16384, 64, 5, 0.034272 ms, 367.148 GB/s
   0, 0, Quadro GV100, 7.0, 850, 1327, 1048576, 80, 160, 2, 8192, 128, 5, 0.040224 ms, 312.821 GB/s
   1, 0, Quadro GV100, 7.0, 850, 1327, 1048576, 80, 320, 4, 8192, 128, 5, 0.029856 ms, 421.453 GB/s
   2, 0, Quadro GV100, 7.0, 850, 1327, 1048576, 80, 640, 8, 8192, 128, 5, 0.025024 ms, 502.834 GB/s
   3, 0, Quadro GV100, 7.0, 850, 1327, 1048576, 80, 1280, 16, 8192, 128, 5, 0.02272 ms, 553.825 GB/s
   4, 0, Quadro GV100, 7.0, 850, 1327, 1048576, 80, 2560, 32, 8192, 128, 5, 0.021568 ms, 583.407 GB/s
   5, 0, Quadro GV100, 7.0, 850, 1327, 1048576, 80, 5120, 64, 8192, 128, 5, 0.020576 ms, 611.533 GB/s
   6, 0, Quadro GV100, 7.0, 850, 1327, 1048576, 80, 8192, 102, 8192, 128, 5, 0.023072 ms, 545.376 GB/s
   0, 0, Quadro GV100, 7.0, 850, 1327, 1048576, 80, 160, 2, 4096, 256, 5, 0.030144 ms, 417.427 GB/s
   1, 0, Quadro GV100, 7.0, 850, 1327, 1048576, 80, 320, 4, 4096, 256, 5, 0.025056 ms, 502.192 GB/s
   2, 0, Quadro GV100, 7.0, 850, 1327, 1048576, 80, 640, 8, 4096, 256, 5, 0.022848 ms, 550.723 GB/s
   3, 0, Quadro GV100, 7.0, 850, 1327, 1048576, 80, 1280, 16, 4096, 256, 5, 0.021856 ms, 575.719 GB/s
   4, 0, Quadro GV100, 7.0, 850, 1327, 1048576, 80, 2560, 32, 4096, 256, 5, 0.020416 ms, 616.326 GB/s
   5, 0, Quadro GV100, 7.0, 850, 1327, 1048576, 80, 4096, 51, 4096, 256, 5, 0.022752 ms, 553.046 GB/s
   0, 0, Quadro GV100, 7.0, 850, 1327, 1048576, 80, 160, 2, 2048, 512, 5, 0.025472 ms, 493.99 GB/s
   1, 0, Quadro GV100, 7.0, 850, 1327, 1048576, 80, 320, 4, 2048, 512, 5, 0.022624 ms, 556.175 GB/s
   2, 0, Quadro GV100, 7.0, 850, 1327, 1048576, 80, 640, 8, 2048, 512, 5, 0.021696 ms, 579.965 GB/s
   3, 0, Quadro GV100, 7.0, 850, 1327, 1048576, 80, 1280, 16, 2048, 512, 5, 0.021088 ms, 596.686 GB/s
   4, 0, Quadro GV100, 7.0, 850, 1327, 1048576, 80, 2048, 25, 2048, 512, 5, 0.022752 ms, 553.046 GB/s
   0, 0, Quadro GV100, 7.0, 850, 1327, 1048576, 80, 160, 2, 1024, 1024, 5, 0.02288 ms, 549.952 GB/s
   1, 0, Quadro GV100, 7.0, 850, 1327, 1048576, 80, 320, 4, 1024, 1024, 5, 0.022112 ms, 569.054 GB/s
   2, 0, Quadro GV100, 7.0, 850, 1327, 1048576, 80, 640, 8, 1024, 1024, 5, 0.020768 ms, 605.88 GB/s
   3, 0, Quadro GV100, 7.0, 850, 1327, 1048576, 80, 1024, 12, 1024, 1024, 5, 0.022528 ms, 558.545 GB/s
   0, 0, Quadro GV100, 7.0, 850, 1327, 2097152, 80, 160, 2, 32768, 64, 5, 0.116832 ms, 215.402 GB/s
   1, 0, Quadro GV100, 7.0, 850, 1327, 2097152, 80, 320, 4, 32768, 64, 5, 0.076352 ms, 329.603 GB/s
   2, 0, Quadro GV100, 7.0, 850, 1327, 2097152, 80, 640, 8, 32768, 64, 5, 0.056576 ms, 444.814 GB/s
   3, 0, Quadro GV100, 7.0, 850, 1327, 2097152, 80, 1280, 16, 32768, 64, 5, 0.050144 ms, 501.871 GB/s
   4, 0, Quadro GV100, 7.0, 850, 1327, 2097152, 80, 2560, 32, 32768, 64, 5, 0.04976 ms, 505.744 GB/s
   5, 0, Quadro GV100, 7.0, 850, 1327, 2097152, 80, 5120, 64, 32768, 64, 5, 0.049472 ms, 508.688 GB/s
   6, 0, Quadro GV100, 7.0, 850, 1327, 2097152, 80, 10240, 128, 32768, 64, 5, 0.04816 ms, 522.546 GB/s
   7, 0, Quadro GV100, 7.0, 850, 1327, 2097152, 80, 20480, 256, 32768, 64, 5, 0.051712 ms, 486.653 GB/s
   8, 0, Quadro GV100, 7.0, 850, 1327, 2097152, 80, 32768, 409, 32768, 64, 5, 0.06064 ms, 415.004 GB/s
   0, 0, Quadro GV100, 7.0, 850, 1327, 2097152, 80, 160, 2, 16384, 128, 5, 0.07584 ms, 331.828 GB/s
   1, 0, Quadro GV100, 7.0, 850, 1327, 2097152, 80, 320, 4, 16384, 128, 5, 0.05728 ms, 439.347 GB/s
   2, 0, Quadro GV100, 7.0, 850, 1327, 2097152, 80, 640, 8, 16384, 128, 5, 0.049824 ms, 505.094 GB/s
   3, 0, Quadro GV100, 7.0, 850, 1327, 2097152, 80, 1280, 16, 16384, 128, 5, 0.049696 ms, 506.395 GB/s
   4, 0, Quadro GV100, 7.0, 850, 1327, 2097152, 80, 2560, 32, 16384, 128, 5, 0.050496 ms, 498.373 GB/s
   5, 0, Quadro GV100, 7.0, 850, 1327, 2097152, 80, 5120, 64, 16384, 128, 5, 0.048224 ms, 521.853 GB/s
   6, 0, Quadro GV100, 7.0, 850, 1327, 2097152, 80, 10240, 128, 16384, 128, 5, 0.04816 ms, 522.546 GB/s
   7, 0, Quadro GV100, 7.0, 850, 1327, 2097152, 80, 16384, 204, 16384, 128, 5, 0.049728 ms, 506.07 GB/s
   0, 0, Quadro GV100, 7.0, 850, 1327, 2097152, 80, 160, 2, 8192, 256, 5, 0.056448 ms, 445.823 GB/s
   1, 0, Quadro GV100, 7.0, 850, 1327, 2097152, 80, 320, 4, 8192, 256, 5, 0.050176 ms, 501.551 GB/s
   2, 0, Quadro GV100, 7.0, 850, 1327, 2097152, 80, 640, 8, 8192, 256, 5, 0.050208 ms, 501.231 GB/s
   3, 0, Quadro GV100, 7.0, 850, 1327, 2097152, 80, 1280, 16, 8192, 256, 5, 0.050144 ms, 501.871 GB/s
   4, 0, Quadro GV100, 7.0, 850, 1327, 2097152, 80, 2560, 32, 8192, 256, 5, 0.048224 ms, 521.853 GB/s
   5, 0, Quadro GV100, 7.0, 850, 1327, 2097152, 80, 5120, 64, 8192, 256, 5, 0.048064 ms, 523.59 GB/s
   6, 0, Quadro GV100, 7.0, 850, 1327, 2097152, 80, 8192, 102, 8192, 256, 5, 0.049632 ms, 507.048 GB/s
   0, 0, Quadro GV100, 7.0, 850, 1327, 2097152, 80, 160, 2, 4096, 512, 5, 0.050752 ms, 495.859 GB/s
   1, 0, Quadro GV100, 7.0, 850, 1327, 2097152, 80, 320, 4, 4096, 512, 5, 0.049984 ms, 503.478 GB/s
   2, 0, Quadro GV100, 7.0, 850, 1327, 2097152, 80, 640, 8, 4096, 512, 5, 0.050112 ms, 502.192 GB/s
   3, 0, Quadro GV100, 7.0, 850, 1327, 2097152, 80, 1280, 16, 4096, 512, 5, 0.04816 ms, 522.546 GB/s
   4, 0, Quadro GV100, 7.0, 850, 1327, 2097152, 80, 2560, 32, 4096, 512, 5, 0.047744 ms, 527.099 GB/s
   5, 0, Quadro GV100, 7.0, 850, 1327, 2097152, 80, 4096, 51, 4096, 512, 5, 0.049248 ms, 511.002 GB/s
   0, 0, Quadro GV100, 7.0, 850, 1327, 2097152, 80, 160, 2, 2048, 1024, 5, 0.05008 ms, 502.512 GB/s
   1, 0, Quadro GV100, 7.0, 850, 1327, 2097152, 80, 320, 4, 2048, 1024, 5, 0.049952 ms, 503.8 GB/s
   2, 0, Quadro GV100, 7.0, 850, 1327, 2097152, 80, 640, 8, 2048, 1024, 5, 0.048288 ms, 521.161 GB/s
   3, 0, Quadro GV100, 7.0, 850, 1327, 2097152, 80, 1280, 16, 2048, 1024, 5, 0.048064 ms, 523.59 GB/s
   4, 0, Quadro GV100, 7.0, 850, 1327, 2097152, 80, 2048, 25, 2048, 1024, 5, 0.049728 ms, 506.07 GB/s
   0, 0, Quadro GV100, 7.0, 850, 1327, 4194304, 80, 160, 2, 65536, 64, 5, 0.228864 ms, 219.919 GB/s
   1, 0, Quadro GV100, 7.0, 850, 1327, 4194304, 80, 320, 4, 65536, 64, 5, 0.146304 ms, 344.021 GB/s
   2, 0, Quadro GV100, 7.0, 850, 1327, 4194304, 80, 640, 8, 65536, 64, 5, 0.107104 ms, 469.932 GB/s
   3, 0, Quadro GV100, 7.0, 850, 1327, 4194304, 80, 1280, 16, 65536, 64, 5, 0.093568 ms, 537.915 GB/s
   4, 0, Quadro GV100, 7.0, 850, 1327, 4194304, 80, 2560, 32, 65536, 64, 5, 0.091104 ms, 552.464 GB/s
   5, 0, Quadro GV100, 7.0, 850, 1327, 4194304, 80, 5120, 64, 65536, 64, 5, 0.0936 ms, 537.731 GB/s
   6, 0, Quadro GV100, 7.0, 850, 1327, 4194304, 80, 10240, 128, 65536, 64, 5, 0.092704 ms, 542.929 GB/s
   7, 0, Quadro GV100, 7.0, 850, 1327, 4194304, 80, 20480, 256, 65536, 64, 5, 0.090208 ms, 557.951 GB/s
   8, 0, Quadro GV100, 7.0, 850, 1327, 4194304, 80, 40960, 512, 65536, 64, 5, 0.097216 ms, 517.73 GB/s
   9, 0, Quadro GV100, 7.0, 850, 1327, 4194304, 80, 65536, 819, 65536, 64, 5, 0.113952 ms, 441.692 GB/s
   0, 0, Quadro GV100, 7.0, 850, 1327, 4194304, 80, 160, 2, 32768, 128, 5, 0.146944 ms, 342.523 GB/s
   1, 0, Quadro GV100, 7.0, 850, 1327, 4194304, 80, 320, 4, 32768, 128, 5, 0.108064 ms, 465.758 GB/s
   2, 0, Quadro GV100, 7.0, 850, 1327, 4194304, 80, 640, 8, 32768, 128, 5, 0.093728 ms, 536.997 GB/s
   3, 0, Quadro GV100, 7.0, 850, 1327, 4194304, 80, 1280, 16, 32768, 128, 5, 0.089824 ms, 560.336 GB/s
   4, 0, Quadro GV100, 7.0, 850, 1327, 4194304, 80, 2560, 32, 32768, 128, 5, 0.09184 ms, 548.036 GB/s
   5, 0, Quadro GV100, 7.0, 850, 1327, 4194304, 80, 5120, 64, 32768, 128, 5, 0.09136 ms, 550.916 GB/s
   6, 0, Quadro GV100, 7.0, 850, 1327, 4194304, 80, 10240, 128, 32768, 128, 5, 0.088768 ms, 567.002 GB/s
   7, 0, Quadro GV100, 7.0, 850, 1327, 4194304, 80, 20480, 256, 32768, 128, 5, 0.089664 ms, 561.336 GB/s
   8, 0, Quadro GV100, 7.0, 850, 1327, 4194304, 80, 32768, 409, 32768, 128, 5, 0.090112 ms, 558.545 GB/s
   0, 0, Quadro GV100, 7.0, 850, 1327, 4194304, 80, 160, 2, 16384, 256, 5, 0.107584 ms, 467.836 GB/s
   1, 0, Quadro GV100, 7.0, 850, 1327, 4194304, 80, 320, 4, 16384, 256, 5, 0.094112 ms, 534.806 GB/s
   2, 0, Quadro GV100, 7.0, 850, 1327, 4194304, 80, 640, 8, 16384, 256, 5, 0.090624 ms, 555.39 GB/s
   3, 0, Quadro GV100, 7.0, 850, 1327, 4194304, 80, 1280, 16, 16384, 256, 5, 0.09184 ms, 548.036 GB/s
   4, 0, Quadro GV100, 7.0, 850, 1327, 4194304, 80, 2560, 32, 16384, 256, 5, 0.09152 ms, 549.952 GB/s
   5, 0, Quadro GV100, 7.0, 850, 1327, 4194304, 80, 5120, 64, 16384, 256, 5, 0.088896 ms, 566.186 GB/s
   6, 0, Quadro GV100, 7.0, 850, 1327, 4194304, 80, 10240, 128, 16384, 256, 5, 0.089344 ms, 563.347 GB/s
   7, 0, Quadro GV100, 7.0, 850, 1327, 4194304, 80, 16384, 204, 16384, 256, 5, 0.089632 ms, 561.537 GB/s
   0, 0, Quadro GV100, 7.0, 850, 1327, 4194304, 80, 160, 2, 8192, 512, 5, 0.093856 ms, 536.265 GB/s
   1, 0, Quadro GV100, 7.0, 850, 1327, 4194304, 80, 320, 4, 8192, 512, 5, 0.090784 ms, 554.411 GB/s
   2, 0, Quadro GV100, 7.0, 850, 1327, 4194304, 80, 640, 8, 8192, 512, 5, 0.091104 ms, 552.464 GB/s
   3, 0, Quadro GV100, 7.0, 850, 1327, 4194304, 80, 1280, 16, 8192, 512, 5, 0.091616 ms, 549.376 GB/s
   4, 0, Quadro GV100, 7.0, 850, 1327, 4194304, 80, 2560, 32, 8192, 512, 5, 0.088096 ms, 571.327 GB/s
   5, 0, Quadro GV100, 7.0, 850, 1327, 4194304, 80, 5120, 64, 8192, 512, 5, 0.089632 ms, 561.537 GB/s
   6, 0, Quadro GV100, 7.0, 850, 1327, 4194304, 80, 8192, 102, 8192, 512, 5, 0.08928 ms, 563.751 GB/s
   0, 0, Quadro GV100, 7.0, 850, 1327, 4194304, 80, 160, 2, 4096, 1024, 5, 0.090624 ms, 555.39 GB/s
   1, 0, Quadro GV100, 7.0, 850, 1327, 4194304, 80, 320, 4, 4096, 1024, 5, 0.091328 ms, 551.109 GB/s
   2, 0, Quadro GV100, 7.0, 850, 1327, 4194304, 80, 640, 8, 4096, 1024, 5, 0.091328 ms, 551.109 GB/s
   3, 0, Quadro GV100, 7.0, 850, 1327, 4194304, 80, 1280, 16, 4096, 1024, 5, 0.08816 ms, 570.913 GB/s
   4, 0, Quadro GV100, 7.0, 850, 1327, 4194304, 80, 2560, 32, 4096, 1024, 5, 0.089696 ms, 561.136 GB/s
   5, 0, Quadro GV100, 7.0, 850, 1327, 4194304, 80, 4096, 51, 4096, 1024, 5, 0.089504 ms, 562.34 GB/s
   0, 0, Quadro GV100, 7.0, 850, 1327, 8388608, 80, 160, 2, 131072, 64, 5, 0.447584 ms, 224.904 GB/s
   1, 0, Quadro GV100, 7.0, 850, 1327, 8388608, 80, 320, 4, 131072, 64, 5, 0.284192 ms, 354.209 GB/s
   2, 0, Quadro GV100, 7.0, 850, 1327, 8388608, 80, 640, 8, 131072, 64, 5, 0.211008 ms, 477.059 GB/s
   3, 0, Quadro GV100, 7.0, 850, 1327, 8388608, 80, 1280, 16, 131072, 64, 5, 0.1832 ms, 549.472 GB/s
   4, 0, Quadro GV100, 7.0, 850, 1327, 8388608, 80, 2560, 32, 131072, 64, 5, 0.178208 ms, 564.864 GB/s
   5, 0, Quadro GV100, 7.0, 850, 1327, 8388608, 80, 5120, 64, 131072, 64, 5, 0.180352 ms, 558.149 GB/s
   6, 0, Quadro GV100, 7.0, 850, 1327, 8388608, 80, 10240, 128, 131072, 64, 5, 0.181952 ms, 553.241 GB/s
   7, 0, Quadro GV100, 7.0, 850, 1327, 8388608, 80, 20480, 256, 131072, 64, 5, 0.180576 ms, 557.457 GB/s
   8, 0, Quadro GV100, 7.0, 850, 1327, 8388608, 80, 40960, 512, 131072, 64, 5, 0.179872 ms, 559.638 GB/s
   9, 0, Quadro GV100, 7.0, 850, 1327, 8388608, 80, 81920, 1024, 131072, 64, 5, 0.191136 ms, 526.658 GB/s
  10, 0, Quadro GV100, 7.0, 850, 1327, 8388608, 80, 131072, 1638, 131072, 64, 5, 0.225664 ms, 446.076 GB/s
   0, 0, Quadro GV100, 7.0, 850, 1327, 8388608, 80, 160, 2, 65536, 128, 5, 0.283584 ms, 354.968 GB/s
   1, 0, Quadro GV100, 7.0, 850, 1327, 8388608, 80, 320, 4, 65536, 128, 5, 0.211104 ms, 476.842 GB/s
   2, 0, Quadro GV100, 7.0, 850, 1327, 8388608, 80, 640, 8, 65536, 128, 5, 0.184448 ms, 545.754 GB/s
   3, 0, Quadro GV100, 7.0, 850, 1327, 8388608, 80, 1280, 16, 65536, 128, 5, 0.178016 ms, 565.473 GB/s
   4, 0, Quadro GV100, 7.0, 850, 1327, 8388608, 80, 2560, 32, 65536, 128, 5, 0.181792 ms, 553.728 GB/s
   5, 0, Quadro GV100, 7.0, 850, 1327, 8388608, 80, 5120, 64, 65536, 128, 5, 0.18176 ms, 553.825 GB/s
   6, 0, Quadro GV100, 7.0, 850, 1327, 8388608, 80, 10240, 128, 65536, 128, 5, 0.179552 ms, 560.636 GB/s
   7, 0, Quadro GV100, 7.0, 850, 1327, 8388608, 80, 20480, 256, 65536, 128, 5, 0.179616 ms, 560.436 GB/s
   8, 0, Quadro GV100, 7.0, 850, 1327, 8388608, 80, 40960, 512, 65536, 128, 5, 0.17968 ms, 560.236 GB/s
   9, 0, Quadro GV100, 7.0, 850, 1327, 8388608, 80, 65536, 819, 65536, 128, 5, 0.178016 ms, 565.473 GB/s
   0, 0, Quadro GV100, 7.0, 850, 1327, 8388608, 80, 160, 2, 32768, 256, 5, 0.211616 ms, 475.689 GB/s
   1, 0, Quadro GV100, 7.0, 850, 1327, 8388608, 80, 320, 4, 32768, 256, 5, 0.185248 ms, 543.397 GB/s
   2, 0, Quadro GV100, 7.0, 850, 1327, 8388608, 80, 640, 8, 32768, 256, 5, 0.180256 ms, 558.446 GB/s
   3, 0, Quadro GV100, 7.0, 850, 1327, 8388608, 80, 1280, 16, 32768, 256, 5, 0.182432 ms, 551.785 GB/s
   4, 0, Quadro GV100, 7.0, 850, 1327, 8388608, 80, 2560, 32, 32768, 256, 5, 0.183744 ms, 547.845 GB/s
   5, 0, Quadro GV100, 7.0, 850, 1327, 8388608, 80, 5120, 64, 32768, 256, 5, 0.181152 ms, 555.684 GB/s
   6, 0, Quadro GV100, 7.0, 850, 1327, 8388608, 80, 10240, 128, 32768, 256, 5, 0.179456 ms, 560.936 GB/s
   7, 0, Quadro GV100, 7.0, 850, 1327, 8388608, 80, 20480, 256, 32768, 256, 5, 0.179328 ms, 561.336 GB/s
   8, 0, Quadro GV100, 7.0, 850, 1327, 8388608, 80, 32768, 409, 32768, 256, 5, 0.179424 ms, 561.036 GB/s
   0, 0, Quadro GV100, 7.0, 850, 1327, 8388608, 80, 160, 2, 16384, 512, 5, 0.186208 ms, 540.596 GB/s
   1, 0, Quadro GV100, 7.0, 850, 1327, 8388608, 80, 320, 4, 16384, 512, 5, 0.17856 ms, 563.751 GB/s
   2, 0, Quadro GV100, 7.0, 850, 1327, 8388608, 80, 640, 8, 16384, 512, 5, 0.182304 ms, 552.173 GB/s
   3, 0, Quadro GV100, 7.0, 850, 1327, 8388608, 80, 1280, 16, 16384, 512, 5, 0.1848 ms, 544.715 GB/s
   4, 0, Quadro GV100, 7.0, 850, 1327, 8388608, 80, 2560, 32, 16384, 512, 5, 0.180832 ms, 556.668 GB/s
   5, 0, Quadro GV100, 7.0, 850, 1327, 8388608, 80, 5120, 64, 16384, 512, 5, 0.180032 ms, 559.141 GB/s
   6, 0, Quadro GV100, 7.0, 850, 1327, 8388608, 80, 10240, 128, 16384, 512, 5, 0.178752 ms, 563.145 GB/s
   7, 0, Quadro GV100, 7.0, 850, 1327, 8388608, 80, 16384, 204, 16384, 512, 5, 0.179072 ms, 562.139 GB/s
   0, 0, Quadro GV100, 7.0, 850, 1327, 8388608, 80, 160, 2, 8192, 1024, 5, 0.17968 ms, 560.236 GB/s
   1, 0, Quadro GV100, 7.0, 850, 1327, 8388608, 80, 320, 4, 8192, 1024, 5, 0.181472 ms, 554.704 GB/s
   2, 0, Quadro GV100, 7.0, 850, 1327, 8388608, 80, 640, 8, 8192, 1024, 5, 0.181824 ms, 553.63 GB/s
   3, 0, Quadro GV100, 7.0, 850, 1327, 8388608, 80, 1280, 16, 8192, 1024, 5, 0.181056 ms, 555.979 GB/s
   4, 0, Quadro GV100, 7.0, 850, 1327, 8388608, 80, 2560, 32, 8192, 1024, 5, 0.179424 ms, 561.036 GB/s
   5, 0, Quadro GV100, 7.0, 850, 1327, 8388608, 80, 5120, 64, 8192, 1024, 5, 0.178848 ms, 562.843 GB/s
   6, 0, Quadro GV100, 7.0, 850, 1327, 8388608, 80, 8192, 102, 8192, 1024, 5, 0.179456 ms, 560.936 GB/s
   0, 0, Quadro GV100, 7.0, 850, 1327, 16777216, 80, 160, 2, 262144, 64, 5, 0.875424 ms, 229.976 GB/s
   1, 0, Quadro GV100, 7.0, 850, 1327, 16777216, 80, 320, 4, 262144, 64, 5, 0.546272 ms, 368.546 GB/s
   2, 0, Quadro GV100, 7.0, 850, 1327, 16777216, 80, 640, 8, 262144, 64, 5, 0.396128 ms, 508.236 GB/s
   3, 0, Quadro GV100, 7.0, 850, 1327, 16777216, 80, 1280, 16, 262144, 64, 5, 0.34896 ms, 576.933 GB/s
   4, 0, Quadro GV100, 7.0, 850, 1327, 16777216, 80, 2560, 32, 262144, 64, 5, 0.340768 ms, 590.802 GB/s
   5, 0, Quadro GV100, 7.0, 850, 1327, 16777216, 80, 5120, 64, 262144, 64, 5, 0.351808 ms, 572.263 GB/s
   6, 0, Quadro GV100, 7.0, 850, 1327, 16777216, 80, 10240, 128, 262144, 64, 5, 0.353952 ms, 568.796 GB/s
   7, 0, Quadro GV100, 7.0, 850, 1327, 16777216, 80, 20480, 256, 262144, 64, 5, 0.349408 ms, 576.193 GB/s
   8, 0, Quadro GV100, 7.0, 850, 1327, 16777216, 80, 40960, 512, 262144, 64, 5, 0.3568 ms, 564.256 GB/s
   9, 0, Quadro GV100, 7.0, 850, 1327, 16777216, 80, 81920, 1024, 262144, 64, 5, 0.351392 ms, 572.94 GB/s
  10, 0, Quadro GV100, 7.0, 850, 1327, 16777216, 80, 163840, 2048, 262144, 64, 5, 0.370496 ms, 543.397 GB/s
  11, 0, Quadro GV100, 7.0, 850, 1327, 16777216, 80, 262144, 3276, 262144, 64, 5, 0.437152 ms, 460.541 GB/s
   0, 0, Quadro GV100, 7.0, 850, 1327, 16777216, 80, 160, 2, 131072, 128, 5, 0.55072 ms, 365.57 GB/s
   1, 0, Quadro GV100, 7.0, 850, 1327, 16777216, 80, 320, 4, 131072, 128, 5, 0.394784 ms, 509.966 GB/s
   2, 0, Quadro GV100, 7.0, 850, 1327, 16777216, 80, 640, 8, 131072, 128, 5, 0.34784 ms, 578.791 GB/s
   3, 0, Quadro GV100, 7.0, 850, 1327, 16777216, 80, 1280, 16, 131072, 128, 5, 0.340096 ms, 591.97 GB/s
   4, 0, Quadro GV100, 7.0, 850, 1327, 16777216, 80, 2560, 32, 131072, 128, 5, 0.350752 ms, 573.986 GB/s
   5, 0, Quadro GV100, 7.0, 850, 1327, 16777216, 80, 5120, 64, 131072, 128, 5, 0.35392 ms, 568.848 GB/s
   6, 0, Quadro GV100, 7.0, 850, 1327, 16777216, 80, 10240, 128, 131072, 128, 5, 0.348 ms, 578.525 GB/s
   7, 0, Quadro GV100, 7.0, 850, 1327, 16777216, 80, 20480, 256, 131072, 128, 5, 0.353248 ms, 569.93 GB/s
   8, 0, Quadro GV100, 7.0, 850, 1327, 16777216, 80, 40960, 512, 131072, 128, 5, 0.350016 ms, 575.193 GB/s
   9, 0, Quadro GV100, 7.0, 850, 1327, 16777216, 80, 81920, 1024, 131072, 128, 5, 0.346496 ms, 581.036 GB/s
  10, 0, Quadro GV100, 7.0, 850, 1327, 16777216, 80, 131072, 1638, 131072, 128, 5, 0.345376 ms, 582.92 GB/s
   0, 0, Quadro GV100, 7.0, 850, 1327, 16777216, 80, 160, 2, 65536, 256, 5, 0.396992 ms, 507.13 GB/s
   1, 0, Quadro GV100, 7.0, 850, 1327, 16777216, 80, 320, 4, 65536, 256, 5, 0.35072 ms, 574.038 GB/s
   2, 0, Quadro GV100, 7.0, 850, 1327, 16777216, 80, 640, 8, 65536, 256, 5, 0.342464 ms, 587.877 GB/s
   3, 0, Quadro GV100, 7.0, 850, 1327, 16777216, 80, 1280, 16, 65536, 256, 5, 0.352768 ms, 570.705 GB/s
   4, 0, Quadro GV100, 7.0, 850, 1327, 16777216, 80, 2560, 32, 65536, 256, 5, 0.354944 ms, 567.207 GB/s
   5, 0, Quadro GV100, 7.0, 850, 1327, 16777216, 80, 5120, 64, 65536, 256, 5, 0.351584 ms, 572.627 GB/s
   6, 0, Quadro GV100, 7.0, 850, 1327, 16777216, 80, 10240, 128, 65536, 256, 5, 0.35392 ms, 568.848 GB/s
   7, 0, Quadro GV100, 7.0, 850, 1327, 16777216, 80, 20480, 256, 65536, 256, 5, 0.350208 ms, 574.877 GB/s
   8, 0, Quadro GV100, 7.0, 850, 1327, 16777216, 80, 40960, 512, 65536, 256, 5, 0.345632 ms, 582.488 GB/s
   9, 0, Quadro GV100, 7.0, 850, 1327, 16777216, 80, 65536, 819, 65536, 256, 5, 0.345504 ms, 582.704 GB/s
   0, 0, Quadro GV100, 7.0, 850, 1327, 16777216, 80, 160, 2, 32768, 512, 5, 0.352384 ms, 571.327 GB/s
   1, 0, Quadro GV100, 7.0, 850, 1327, 16777216, 80, 320, 4, 32768, 512, 5, 0.343648 ms, 585.851 GB/s
   2, 0, Quadro GV100, 7.0, 850, 1327, 16777216, 80, 640, 8, 32768, 512, 5, 0.349984 ms, 575.245 GB/s
   3, 0, Quadro GV100, 7.0, 850, 1327, 16777216, 80, 1280, 16, 32768, 512, 5, 0.3544 ms, 568.077 GB/s
   4, 0, Quadro GV100, 7.0, 850, 1327, 16777216, 80, 2560, 32, 32768, 512, 5, 0.349536 ms, 575.982 GB/s
   5, 0, Quadro GV100, 7.0, 850, 1327, 16777216, 80, 5120, 64, 32768, 512, 5, 0.353952 ms, 568.796 GB/s
   6, 0, Quadro GV100, 7.0, 850, 1327, 16777216, 80, 10240, 128, 32768, 512, 5, 0.3504 ms, 574.562 GB/s
   7, 0, Quadro GV100, 7.0, 850, 1327, 16777216, 80, 20480, 256, 32768, 512, 5, 0.346784 ms, 580.553 GB/s
   8, 0, Quadro GV100, 7.0, 850, 1327, 16777216, 80, 32768, 409, 32768, 512, 5, 0.344992 ms, 583.569 GB/s
   0, 0, Quadro GV100, 7.0, 850, 1327, 16777216, 80, 160, 2, 16384, 1024, 5, 0.3456 ms, 582.542 GB/s
   1, 0, Quadro GV100, 7.0, 850, 1327, 16777216, 80, 320, 4, 16384, 1024, 5, 0.352128 ms, 571.743 GB/s
   2, 0, Quadro GV100, 7.0, 850, 1327, 16777216, 80, 640, 8, 16384, 1024, 5, 0.350912 ms, 573.724 GB/s
   3, 0, Quadro GV100, 7.0, 850, 1327, 16777216, 80, 1280, 16, 16384, 1024, 5, 0.350368 ms, 574.615 GB/s
   4, 0, Quadro GV100, 7.0, 850, 1327, 16777216, 80, 2560, 32, 16384, 1024, 5, 0.353664 ms, 569.259 GB/s
   5, 0, Quadro GV100, 7.0, 850, 1327, 16777216, 80, 5120, 64, 16384, 1024, 5, 0.349152 ms, 576.616 GB/s
   6, 0, Quadro GV100, 7.0, 850, 1327, 16777216, 80, 10240, 128, 16384, 1024, 5, 0.346336 ms, 581.304 GB/s
   7, 0, Quadro GV100, 7.0, 850, 1327, 16777216, 80, 16384, 204, 16384, 1024, 5, 0.345664 ms, 582.434 GB/s
   0, 0, Quadro GV100, 7.0, 850, 1327, 33554432, 80, 160, 2, 524288, 64, 5, 1.75981 ms, 228.805 GB/s
   1, 0, Quadro GV100, 7.0, 850, 1327, 33554432, 80, 320, 4, 524288, 64, 5, 1.09712 ms, 367.009 GB/s
   2, 0, Quadro GV100, 7.0, 850, 1327, 33554432, 80, 640, 8, 524288, 64, 5, 0.793536 ms, 507.416 GB/s
   3, 0, Quadro GV100, 7.0, 850, 1327, 33554432, 80, 1280, 16, 524288, 64, 5, 0.700512 ms, 574.798 GB/s
   4, 0, Quadro GV100, 7.0, 850, 1327, 33554432, 80, 2560, 32, 524288, 64, 5, 0.670624 ms, 600.416 GB/s
   5, 0, Quadro GV100, 7.0, 850, 1327, 33554432, 80, 5120, 64, 524288, 64, 5, 0.676896 ms, 594.852 GB/s
   6, 0, Quadro GV100, 7.0, 850, 1327, 33554432, 80, 10240, 128, 524288, 64, 5, 0.678304 ms, 593.618 GB/s
   7, 0, Quadro GV100, 7.0, 850, 1327, 33554432, 80, 20480, 256, 524288, 64, 5, 0.678592 ms, 593.366 GB/s
   8, 0, Quadro GV100, 7.0, 850, 1327, 33554432, 80, 40960, 512, 524288, 64, 5, 0.702112 ms, 573.489 GB/s
   9, 0, Quadro GV100, 7.0, 850, 1327, 33554432, 80, 81920, 1024, 524288, 64, 5, 0.68976 ms, 583.758 GB/s
  10, 0, Quadro GV100, 7.0, 850, 1327, 33554432, 80, 163840, 2048, 524288, 64, 5, 0.67872 ms, 593.254 GB/s
  11, 0, Quadro GV100, 7.0, 850, 1327, 33554432, 80, 327680, 4096, 524288, 64, 5, 0.722688 ms, 557.16 GB/s
  12, 0, Quadro GV100, 7.0, 850, 1327, 33554432, 80, 524288, 6553, 524288, 64, 5, 0.860896 ms, 467.714 GB/s
   0, 0, Quadro GV100, 7.0, 850, 1327, 33554432, 80, 160, 2, 262144, 128, 5, 1.09194 ms, 368.752 GB/s
   1, 0, Quadro GV100, 7.0, 850, 1327, 33554432, 80, 320, 4, 262144, 128, 5, 0.794944 ms, 506.518 GB/s
   2, 0, Quadro GV100, 7.0, 850, 1327, 33554432, 80, 640, 8, 262144, 128, 5, 0.702592 ms, 573.097 GB/s
   3, 0, Quadro GV100, 7.0, 850, 1327, 33554432, 80, 1280, 16, 262144, 128, 5, 0.67056 ms, 600.473 GB/s
   4, 0, Quadro GV100, 7.0, 850, 1327, 33554432, 80, 2560, 32, 262144, 128, 5, 0.68256 ms, 589.916 GB/s
   5, 0, Quadro GV100, 7.0, 850, 1327, 33554432, 80, 5120, 64, 262144, 128, 5, 0.684736 ms, 588.041 GB/s
   6, 0, Quadro GV100, 7.0, 850, 1327, 33554432, 80, 10240, 128, 262144, 128, 5, 0.680704 ms, 591.525 GB/s
   7, 0, Quadro GV100, 7.0, 850, 1327, 33554432, 80, 20480, 256, 262144, 128, 5, 0.715648 ms, 562.641 GB/s
   8, 0, Quadro GV100, 7.0, 850, 1327, 33554432, 80, 40960, 512, 262144, 128, 5, 0.686208 ms, 586.78 GB/s
   9, 0, Quadro GV100, 7.0, 850, 1327, 33554432, 80, 81920, 1024, 262144, 128, 5, 0.677088 ms, 594.684 GB/s
  10, 0, Quadro GV100, 7.0, 850, 1327, 33554432, 80, 163840, 2048, 262144, 128, 5, 0.671456 ms, 599.672 GB/s
  11, 0, Quadro GV100, 7.0, 850, 1327, 33554432, 80, 262144, 3276, 262144, 128, 5, 0.670176 ms, 600.817 GB/s
   0, 0, Quadro GV100, 7.0, 850, 1327, 33554432, 80, 160, 2, 131072, 256, 5, 0.796576 ms, 505.48 GB/s
   1, 0, Quadro GV100, 7.0, 850, 1327, 33554432, 80, 320, 4, 131072, 256, 5, 0.706368 ms, 570.033 GB/s
   2, 0, Quadro GV100, 7.0, 850, 1327, 33554432, 80, 640, 8, 131072, 256, 5, 0.674144 ms, 597.281 GB/s
   3, 0, Quadro GV100, 7.0, 850, 1327, 33554432, 80, 1280, 16, 131072, 256, 5, 0.680416 ms, 591.775 GB/s
   4, 0, Quadro GV100, 7.0, 850, 1327, 33554432, 80, 2560, 32, 131072, 256, 5, 0.685344 ms, 587.52 GB/s
   5, 0, Quadro GV100, 7.0, 850, 1327, 33554432, 80, 5120, 64, 131072, 256, 5, 0.68416 ms, 588.537 GB/s
   6, 0, Quadro GV100, 7.0, 850, 1327, 33554432, 80, 10240, 128, 131072, 256, 5, 0.692448 ms, 581.492 GB/s
   7, 0, Quadro GV100, 7.0, 850, 1327, 33554432, 80, 20480, 256, 131072, 256, 5, 0.68352 ms, 589.088 GB/s
   8, 0, Quadro GV100, 7.0, 850, 1327, 33554432, 80, 40960, 512, 131072, 256, 5, 0.675648 ms, 595.951 GB/s
   9, 0, Quadro GV100, 7.0, 850, 1327, 33554432, 80, 81920, 1024, 131072, 256, 5, 0.67488 ms, 596.629 GB/s
  10, 0, Quadro GV100, 7.0, 850, 1327, 33554432, 80, 131072, 1638, 131072, 256, 5, 0.671136 ms, 599.958 GB/s
   0, 0, Quadro GV100, 7.0, 850, 1327, 33554432, 80, 160, 2, 65536, 512, 5, 0.717056 ms, 561.537 GB/s
   1, 0, Quadro GV100, 7.0, 850, 1327, 33554432, 80, 320, 4, 65536, 512, 5, 0.672928 ms, 598.36 GB/s
   2, 0, Quadro GV100, 7.0, 850, 1327, 33554432, 80, 640, 8, 65536, 512, 5, 0.677632 ms, 594.206 GB/s
   3, 0, Quadro GV100, 7.0, 850, 1327, 33554432, 80, 1280, 16, 65536, 512, 5, 0.68128 ms, 591.025 GB/s
   4, 0, Quadro GV100, 7.0, 850, 1327, 33554432, 80, 2560, 32, 65536, 512, 5, 0.682176 ms, 590.248 GB/s
   5, 0, Quadro GV100, 7.0, 850, 1327, 33554432, 80, 5120, 64, 65536, 512, 5, 0.70128 ms, 574.169 GB/s
   6, 0, Quadro GV100, 7.0, 850, 1327, 33554432, 80, 10240, 128, 65536, 512, 5, 0.68784 ms, 585.388 GB/s
   7, 0, Quadro GV100, 7.0, 850, 1327, 33554432, 80, 20480, 256, 65536, 512, 5, 0.681696 ms, 590.664 GB/s
   8, 0, Quadro GV100, 7.0, 850, 1327, 33554432, 80, 40960, 512, 65536, 512, 5, 0.681312 ms, 590.997 GB/s
   9, 0, Quadro GV100, 7.0, 850, 1327, 33554432, 80, 65536, 819, 65536, 512, 5, 0.676832 ms, 594.909 GB/s
   0, 0, Quadro GV100, 7.0, 850, 1327, 33554432, 80, 160, 2, 32768, 1024, 5, 0.674752 ms, 596.742 GB/s
   1, 0, Quadro GV100, 7.0, 850, 1327, 33554432, 80, 320, 4, 32768, 1024, 5, 0.693152 ms, 580.902 GB/s
   2, 0, Quadro GV100, 7.0, 850, 1327, 33554432, 80, 640, 8, 32768, 1024, 5, 0.687296 ms, 585.851 GB/s
   3, 0, Quadro GV100, 7.0, 850, 1327, 33554432, 80, 1280, 16, 32768, 1024, 5, 0.6848 ms, 587.986 GB/s
   4, 0, Quadro GV100, 7.0, 850, 1327, 33554432, 80, 2560, 32, 32768, 1024, 5, 0.710048 ms, 567.079 GB/s
   5, 0, Quadro GV100, 7.0, 850, 1327, 33554432, 80, 5120, 64, 32768, 1024, 5, 0.689984 ms, 583.569 GB/s
   6, 0, Quadro GV100, 7.0, 850, 1327, 33554432, 80, 10240, 128, 32768, 1024, 5, 0.68 ms, 592.137 GB/s
   7, 0, Quadro GV100, 7.0, 850, 1327, 33554432, 80, 20480, 256, 32768, 1024, 5, 0.676576 ms, 595.134 GB/s
   8, 0, Quadro GV100, 7.0, 850, 1327, 33554432, 80, 32768, 409, 32768, 1024, 5, 0.67456 ms, 596.912 GB/s
   0, 0, Quadro GV100, 7.0, 850, 1327, 67108864, 80, 160, 2, 1048576, 64, 5, 3.52707 ms, 228.322 GB/s
   1, 0, Quadro GV100, 7.0, 850, 1327, 67108864, 80, 320, 4, 1048576, 64, 5, 2.22077 ms, 362.625 GB/s
   2, 0, Quadro GV100, 7.0, 850, 1327, 67108864, 80, 640, 8, 1048576, 64, 5, 1.59258 ms, 505.663 GB/s
   3, 0, Quadro GV100, 7.0, 850, 1327, 67108864, 80, 1280, 16, 1048576, 64, 5, 1.42406 ms, 565.499 GB/s
   4, 0, Quadro GV100, 7.0, 850, 1327, 67108864, 80, 2560, 32, 1048576, 64, 5, 1.38506 ms, 581.425 GB/s
   5, 0, Quadro GV100, 7.0, 850, 1327, 67108864, 80, 5120, 64, 1048576, 64, 5, 1.38781 ms, 580.272 GB/s
   6, 0, Quadro GV100, 7.0, 850, 1327, 67108864, 80, 10240, 128, 1048576, 64, 5, 1.37885 ms, 584.043 GB/s
   7, 0, Quadro GV100, 7.0, 850, 1327, 67108864, 80, 20480, 256, 1048576, 64, 5, 1.35891 ms, 592.611 GB/s
   8, 0, Quadro GV100, 7.0, 850, 1327, 67108864, 80, 40960, 512, 1048576, 64, 5, 1.47322 ms, 546.632 GB/s
   9, 0, Quadro GV100, 7.0, 850, 1327, 67108864, 80, 81920, 1024, 1048576, 64, 5, 1.4497 ms, 555.5 GB/s
  10, 0, Quadro GV100, 7.0, 850, 1327, 67108864, 80, 163840, 2048, 1048576, 64, 5, 1.36813 ms, 588.619 GB/s
  11, 0, Quadro GV100, 7.0, 850, 1327, 67108864, 80, 327680, 4096, 1048576, 64, 5, 1.33866 ms, 601.578 GB/s
  12, 0, Quadro GV100, 7.0, 850, 1327, 67108864, 80, 655360, 8192, 1048576, 64, 5, 1.42752 ms, 564.13 GB/s
  13, 0, Quadro GV100, 7.0, 850, 1327, 67108864, 80, 1048576, 13107, 1048576, 64, 5, 1.70826 ms, 471.42 GB/s
   0, 0, Quadro GV100, 7.0, 850, 1327, 67108864, 80, 160, 2, 524288, 128, 5, 2.21664 ms, 363.3 GB/s
   1, 0, Quadro GV100, 7.0, 850, 1327, 67108864, 80, 320, 4, 524288, 128, 5, 1.60022 ms, 503.246 GB/s
   2, 0, Quadro GV100, 7.0, 850, 1327, 67108864, 80, 640, 8, 524288, 128, 5, 1.41728 ms, 568.206 GB/s
   3, 0, Quadro GV100, 7.0, 850, 1327, 67108864, 80, 1280, 16, 524288, 128, 5, 1.36653 ms, 589.308 GB/s
   4, 0, Quadro GV100, 7.0, 850, 1327, 67108864, 80, 2560, 32, 524288, 128, 5, 1.38451 ms, 581.654 GB/s
   5, 0, Quadro GV100, 7.0, 850, 1327, 67108864, 80, 5120, 64, 524288, 128, 5, 1.3833 ms, 582.165 GB/s
   6, 0, Quadro GV100, 7.0, 850, 1327, 67108864, 80, 10240, 128, 524288, 128, 5, 1.36717 ms, 589.033 GB/s
   7, 0, Quadro GV100, 7.0, 850, 1327, 67108864, 80, 20480, 256, 524288, 128, 5, 1.46096 ms, 551.217 GB/s
   8, 0, Quadro GV100, 7.0, 850, 1327, 67108864, 80, 40960, 512, 524288, 128, 5, 1.45062 ms, 555.145 GB/s
   9, 0, Quadro GV100, 7.0, 850, 1327, 67108864, 80, 81920, 1024, 524288, 128, 5, 1.37011 ms, 587.767 GB/s
  10, 0, Quadro GV100, 7.0, 850, 1327, 67108864, 80, 163840, 2048, 524288, 128, 5, 1.34685 ms, 597.919 GB/s
  11, 0, Quadro GV100, 7.0, 850, 1327, 67108864, 80, 327680, 4096, 524288, 128, 5, 1.33597 ms, 602.789 GB/s
  12, 0, Quadro GV100, 7.0, 850, 1327, 67108864, 80, 524288, 6553, 524288, 128, 5, 1.33114 ms, 604.977 GB/s
   0, 0, Quadro GV100, 7.0, 850, 1327, 67108864, 80, 160, 2, 262144, 256, 5, 1.59946 ms, 503.488 GB/s
   1, 0, Quadro GV100, 7.0, 850, 1327, 67108864, 80, 320, 4, 262144, 256, 5, 1.42106 ms, 566.696 GB/s
   2, 0, Quadro GV100, 7.0, 850, 1327, 67108864, 80, 640, 8, 262144, 256, 5, 1.34483 ms, 598.816 GB/s
   3, 0, Quadro GV100, 7.0, 850, 1327, 67108864, 80, 1280, 16, 262144, 256, 5, 1.38563 ms, 581.183 GB/s
   4, 0, Quadro GV100, 7.0, 850, 1327, 67108864, 80, 2560, 32, 262144, 256, 5, 1.37581 ms, 585.333 GB/s
   5, 0, Quadro GV100, 7.0, 850, 1327, 67108864, 80, 5120, 64, 262144, 256, 5, 1.36589 ms, 589.585 GB/s
   6, 0, Quadro GV100, 7.0, 850, 1327, 67108864, 80, 10240, 128, 262144, 256, 5, 1.46102 ms, 551.193 GB/s
   7, 0, Quadro GV100, 7.0, 850, 1327, 67108864, 80, 20480, 256, 262144, 256, 5, 1.42256 ms, 566.097 GB/s
   8, 0, Quadro GV100, 7.0, 850, 1327, 67108864, 80, 40960, 512, 262144, 256, 5, 1.37504 ms, 585.66 GB/s
   9, 0, Quadro GV100, 7.0, 850, 1327, 67108864, 80, 81920, 1024, 262144, 256, 5, 1.34816 ms, 597.337 GB/s
  10, 0, Quadro GV100, 7.0, 850, 1327, 67108864, 80, 163840, 2048, 262144, 256, 5, 1.33696 ms, 602.341 GB/s
  11, 0, Quadro GV100, 7.0, 850, 1327, 67108864, 80, 262144, 3276, 262144, 256, 5, 1.32963 ms, 605.661 GB/s
   0, 0, Quadro GV100, 7.0, 850, 1327, 67108864, 80, 160, 2, 131072, 512, 5, 1.42781 ms, 564.016 GB/s
   1, 0, Quadro GV100, 7.0, 850, 1327, 67108864, 80, 320, 4, 131072, 512, 5, 1.35104 ms, 596.064 GB/s
   2, 0, Quadro GV100, 7.0, 850, 1327, 67108864, 80, 640, 8, 131072, 512, 5, 1.37082 ms, 587.465 GB/s
   3, 0, Quadro GV100, 7.0, 850, 1327, 67108864, 80, 1280, 16, 131072, 512, 5, 1.36922 ms, 588.151 GB/s
   4, 0, Quadro GV100, 7.0, 850, 1327, 67108864, 80, 2560, 32, 131072, 512, 5, 1.35562 ms, 594.052 GB/s
   5, 0, Quadro GV100, 7.0, 850, 1327, 67108864, 80, 5120, 64, 131072, 512, 5, 1.42819 ms, 563.864 GB/s
   6, 0, Quadro GV100, 7.0, 850, 1327, 67108864, 80, 10240, 128, 131072, 512, 5, 1.41526 ms, 569.015 GB/s
   7, 0, Quadro GV100, 7.0, 850, 1327, 67108864, 80, 20480, 256, 131072, 512, 5, 1.36458 ms, 590.151 GB/s
   8, 0, Quadro GV100, 7.0, 850, 1327, 67108864, 80, 40960, 512, 131072, 512, 5, 1.34317 ms, 599.557 GB/s
   9, 0, Quadro GV100, 7.0, 850, 1327, 67108864, 80, 81920, 1024, 131072, 512, 5, 1.33523 ms, 603.121 GB/s
  10, 0, Quadro GV100, 7.0, 850, 1327, 67108864, 80, 131072, 1638, 131072, 512, 5, 1.32592 ms, 607.357 GB/s
   0, 0, Quadro GV100, 7.0, 850, 1327, 67108864, 80, 160, 2, 65536, 1024, 5, 1.348 ms, 597.408 GB/s
   1, 0, Quadro GV100, 7.0, 850, 1327, 67108864, 80, 320, 4, 65536, 1024, 5, 1.38579 ms, 581.116 GB/s
   2, 0, Quadro GV100, 7.0, 850, 1327, 67108864, 80, 640, 8, 65536, 1024, 5, 1.37373 ms, 586.22 GB/s
   3, 0, Quadro GV100, 7.0, 850, 1327, 67108864, 80, 1280, 16, 65536, 1024, 5, 1.35827 ms, 592.89 GB/s
   4, 0, Quadro GV100, 7.0, 850, 1327, 67108864, 80, 2560, 32, 65536, 1024, 5, 1.42944 ms, 563.372 GB/s
   5, 0, Quadro GV100, 7.0, 850, 1327, 67108864, 80, 5120, 64, 65536, 1024, 5, 1.41744 ms, 568.141 GB/s
   6, 0, Quadro GV100, 7.0, 850, 1327, 67108864, 80, 10240, 128, 65536, 1024, 5, 1.3737 ms, 586.233 GB/s
   7, 0, Quadro GV100, 7.0, 850, 1327, 67108864, 80, 20480, 256, 65536, 1024, 5, 1.348 ms, 597.408 GB/s
   8, 0, Quadro GV100, 7.0, 850, 1327, 67108864, 80, 40960, 512, 65536, 1024, 5, 1.33878 ms, 601.521 GB/s
   9, 0, Quadro GV100, 7.0, 850, 1327, 67108864, 80, 65536, 819, 65536, 1024, 5, 1.33229 ms, 604.454 GB/s
   0, 0, Quadro GV100, 7.0, 850, 1327, 134217728, 80, 160, 2, 2097152, 64, 5, 7.0687 ms, 227.851 GB/s
   1, 0, Quadro GV100, 7.0, 850, 1327, 134217728, 80, 320, 4, 2097152, 64, 5, 4.47235 ms, 360.127 GB/s
   2, 0, Quadro GV100, 7.0, 850, 1327, 134217728, 80, 640, 8, 2097152, 64, 5, 3.1737 ms, 507.488 GB/s
   3, 0, Quadro GV100, 7.0, 850, 1327, 134217728, 80, 1280, 16, 2097152, 64, 5, 2.86531 ms, 562.107 GB/s
   4, 0, Quadro GV100, 7.0, 850, 1327, 134217728, 80, 2560, 32, 2097152, 64, 5, 2.76883 ms, 581.694 GB/s
   5, 0, Quadro GV100, 7.0, 850, 1327, 134217728, 80, 5120, 64, 2097152, 64, 5, 2.81571 ms, 572.009 GB/s
   6, 0, Quadro GV100, 7.0, 850, 1327, 134217728, 80, 10240, 128, 2097152, 64, 5, 2.77261 ms, 580.902 GB/s
   7, 0, Quadro GV100, 7.0, 850, 1327, 134217728, 80, 20480, 256, 2097152, 64, 5, 2.73898 ms, 588.035 GB/s
   8, 0, Quadro GV100, 7.0, 850, 1327, 134217728, 80, 40960, 512, 2097152, 64, 5, 3.08422 ms, 522.21 GB/s
   9, 0, Quadro GV100, 7.0, 850, 1327, 134217728, 80, 81920, 1024, 2097152, 64, 5, 2.9585 ms, 544.402 GB/s
  10, 0, Quadro GV100, 7.0, 850, 1327, 134217728, 80, 163840, 2048, 2097152, 64, 5, 2.88339 ms, 558.583 GB/s
  11, 0, Quadro GV100, 7.0, 850, 1327, 134217728, 80, 327680, 4096, 2097152, 64, 5, 2.73498 ms, 588.895 GB/s
  12, 0, Quadro GV100, 7.0, 850, 1327, 134217728, 80, 655360, 8192, 2097152, 64, 5, 2.69971 ms, 596.587 GB/s
  13, 0, Quadro GV100, 7.0, 850, 1327, 134217728, 80, 1310720, 16384, 2097152, 64, 5, 2.85338 ms, 564.459 GB/s
  14, 0, Quadro GV100, 7.0, 850, 1327, 134217728, 80, 2097152, 26214, 2097152, 64, 5, 3.40982 ms, 472.345 GB/s
   0, 0, Quadro GV100, 7.0, 850, 1327, 134217728, 80, 160, 2, 1048576, 128, 5, 4.46797 ms, 360.48 GB/s
   1, 0, Quadro GV100, 7.0, 850, 1327, 134217728, 80, 320, 4, 1048576, 128, 5, 3.18547 ms, 505.612 GB/s
   2, 0, Quadro GV100, 7.0, 850, 1327, 134217728, 80, 640, 8, 1048576, 128, 5, 2.88285 ms, 558.688 GB/s
   3, 0, Quadro GV100, 7.0, 850, 1327, 134217728, 80, 1280, 16, 1048576, 128, 5, 2.73722 ms, 588.413 GB/s
   4, 0, Quadro GV100, 7.0, 850, 1327, 134217728, 80, 2560, 32, 1048576, 128, 5, 2.79562 ms, 576.121 GB/s
   5, 0, Quadro GV100, 7.0, 850, 1327, 134217728, 80, 5120, 64, 1048576, 128, 5, 2.70698 ms, 594.986 GB/s
   6, 0, Quadro GV100, 7.0, 850, 1327, 134217728, 80, 10240, 128, 1048576, 128, 5, 2.6992 ms, 596.7 GB/s
   7, 0, Quadro GV100, 7.0, 850, 1327, 134217728, 80, 20480, 256, 1048576, 128, 5, 2.96579 ms, 543.063 GB/s
   8, 0, Quadro GV100, 7.0, 850, 1327, 134217728, 80, 40960, 512, 1048576, 128, 5, 2.84861 ms, 565.403 GB/s
   9, 0, Quadro GV100, 7.0, 850, 1327, 134217728, 80, 81920, 1024, 1048576, 128, 5, 2.8057 ms, 574.051 GB/s
  10, 0, Quadro GV100, 7.0, 850, 1327, 134217728, 80, 163840, 2048, 1048576, 128, 5, 2.69853 ms, 596.849 GB/s
  11, 0, Quadro GV100, 7.0, 850, 1327, 134217728, 80, 327680, 4096, 1048576, 128, 5, 2.64771 ms, 608.304 GB/s
  12, 0, Quadro GV100, 7.0, 850, 1327, 134217728, 80, 655360, 8192, 1048576, 128, 5, 2.64509 ms, 608.907 GB/s
  13, 0, Quadro GV100, 7.0, 850, 1327, 134217728, 80, 1048576, 13107, 1048576, 128, 5, 2.64714 ms, 608.436 GB/s
   0, 0, Quadro GV100, 7.0, 850, 1327, 134217728, 80, 160, 2, 524288, 256, 5, 3.19539 ms, 504.042 GB/s
   1, 0, Quadro GV100, 7.0, 850, 1327, 134217728, 80, 320, 4, 524288, 256, 5, 2.8767 ms, 559.881 GB/s
   2, 0, Quadro GV100, 7.0, 850, 1327, 134217728, 80, 640, 8, 524288, 256, 5, 2.71779 ms, 592.618 GB/s
   3, 0, Quadro GV100, 7.0, 850, 1327, 134217728, 80, 1280, 16, 524288, 256, 5, 2.78227 ms, 578.884 GB/s
   4, 0, Quadro GV100, 7.0, 850, 1327, 134217728, 80, 2560, 32, 524288, 256, 5, 2.76678 ms, 582.124 GB/s
   5, 0, Quadro GV100, 7.0, 850, 1327, 134217728, 80, 5120, 64, 524288, 256, 5, 2.73334 ms, 589.246 GB/s
   6, 0, Quadro GV100, 7.0, 850, 1327, 134217728, 80, 10240, 128, 524288, 256, 5, 2.99133 ms, 538.427 GB/s
   7, 0, Quadro GV100, 7.0, 850, 1327, 134217728, 80, 20480, 256, 524288, 256, 5, 2.9056 ms, 554.313 GB/s
   8, 0, Quadro GV100, 7.0, 850, 1327, 134217728, 80, 40960, 512, 524288, 256, 5, 2.84765 ms, 565.594 GB/s
   9, 0, Quadro GV100, 7.0, 850, 1327, 134217728, 80, 81920, 1024, 524288, 256, 5, 2.728 ms, 590.401 GB/s
  10, 0, Quadro GV100, 7.0, 850, 1327, 134217728, 80, 163840, 2048, 524288, 256, 5, 2.69155 ms, 598.396 GB/s
  11, 0, Quadro GV100, 7.0, 850, 1327, 134217728, 80, 327680, 4096, 524288, 256, 5, 2.6625 ms, 604.926 GB/s
  12, 0, Quadro GV100, 7.0, 850, 1327, 134217728, 80, 524288, 6553, 524288, 256, 5, 2.65146 ms, 607.445 GB/s
   0, 0, Quadro GV100, 7.0, 850, 1327, 134217728, 80, 160, 2, 262144, 512, 5, 2.8929 ms, 556.748 GB/s
   1, 0, Quadro GV100, 7.0, 850, 1327, 134217728, 80, 320, 4, 262144, 512, 5, 2.75146 ms, 585.367 GB/s
   2, 0, Quadro GV100, 7.0, 850, 1327, 134217728, 80, 640, 8, 262144, 512, 5, 2.72957 ms, 590.061 GB/s
   3, 0, Quadro GV100, 7.0, 850, 1327, 134217728, 80, 1280, 16, 262144, 512, 5, 2.71485 ms, 593.261 GB/s
   4, 0, Quadro GV100, 7.0, 850, 1327, 134217728, 80, 2560, 32, 262144, 512, 5, 2.69565 ms, 597.486 GB/s
   5, 0, Quadro GV100, 7.0, 850, 1327, 134217728, 80, 5120, 64, 262144, 512, 5, 2.89498 ms, 556.348 GB/s
   6, 0, Quadro GV100, 7.0, 850, 1327, 134217728, 80, 10240, 128, 262144, 512, 5, 2.88362 ms, 558.539 GB/s
   7, 0, Quadro GV100, 7.0, 850, 1327, 134217728, 80, 20480, 256, 262144, 512, 5, 2.77459 ms, 580.486 GB/s
   8, 0, Quadro GV100, 7.0, 850, 1327, 134217728, 80, 40960, 512, 262144, 512, 5, 2.70336 ms, 595.782 GB/s
   9, 0, Quadro GV100, 7.0, 850, 1327, 134217728, 80, 81920, 1024, 262144, 512, 5, 2.66221 ms, 604.991 GB/s
  10, 0, Quadro GV100, 7.0, 850, 1327, 134217728, 80, 163840, 2048, 262144, 512, 5, 2.6536 ms, 606.954 GB/s
  11, 0, Quadro GV100, 7.0, 850, 1327, 134217728, 80, 262144, 3276, 262144, 512, 5, 2.64797 ms, 608.245 GB/s
   0, 0, Quadro GV100, 7.0, 850, 1327, 134217728, 80, 160, 2, 131072, 1024, 5, 2.73693 ms, 588.475 GB/s
   1, 0, Quadro GV100, 7.0, 850, 1327, 134217728, 80, 320, 4, 131072, 1024, 5, 2.79536 ms, 576.174 GB/s
   2, 0, Quadro GV100, 7.0, 850, 1327, 134217728, 80, 640, 8, 131072, 1024, 5, 2.77395 ms, 580.62 GB/s
   3, 0, Quadro GV100, 7.0, 850, 1327, 134217728, 80, 1280, 16, 131072, 1024, 5, 2.73245 ms, 589.439 GB/s
   4, 0, Quadro GV100, 7.0, 850, 1327, 134217728, 80, 2560, 32, 131072, 1024, 5, 2.93984 ms, 547.857 GB/s
   5, 0, Quadro GV100, 7.0, 850, 1327, 134217728, 80, 5120, 64, 131072, 1024, 5, 2.88835 ms, 557.623 GB/s
   6, 0, Quadro GV100, 7.0, 850, 1327, 134217728, 80, 10240, 128, 131072, 1024, 5, 2.83424 ms, 568.27 GB/s
   7, 0, Quadro GV100, 7.0, 850, 1327, 134217728, 80, 20480, 256, 131072, 1024, 5, 2.72026 ms, 592.081 GB/s
   8, 0, Quadro GV100, 7.0, 850, 1327, 134217728, 80, 40960, 512, 131072, 1024, 5, 2.68851 ms, 599.072 GB/s
   9, 0, Quadro GV100, 7.0, 850, 1327, 134217728, 80, 81920, 1024, 131072, 1024, 5, 2.66394 ms, 604.599 GB/s
  10, 0, Quadro GV100, 7.0, 850, 1327, 134217728, 80, 131072, 1638, 131072, 1024, 5, 2.65091 ms, 607.569 GB/s
   0, 0, Quadro GV100, 7.0, 850, 1327, 268435456, 80, 160, 2, 4194304, 64, 5, 14.2686 ms, 225.756 GB/s
   1, 0, Quadro GV100, 7.0, 850, 1327, 268435456, 80, 320, 4, 4194304, 64, 5, 9.06758 ms, 355.246 GB/s
   2, 0, Quadro GV100, 7.0, 850, 1327, 268435456, 80, 640, 8, 4194304, 64, 5, 6.41683 ms, 501.996 GB/s
   3, 0, Quadro GV100, 7.0, 850, 1327, 268435456, 80, 1280, 16, 4194304, 64, 5, 5.82422 ms, 553.074 GB/s
   4, 0, Quadro GV100, 7.0, 850, 1327, 268435456, 80, 2560, 32, 4194304, 64, 5, 5.69309 ms, 565.813 GB/s
   5, 0, Quadro GV100, 7.0, 850, 1327, 268435456, 80, 5120, 64, 4194304, 64, 5, 5.88576 ms, 547.291 GB/s
   6, 0, Quadro GV100, 7.0, 850, 1327, 268435456, 80, 10240, 128, 4194304, 64, 5, 5.60147 ms, 575.068 GB/s
   7, 0, Quadro GV100, 7.0, 850, 1327, 268435456, 80, 20480, 256, 4194304, 64, 5, 5.43494 ms, 592.688 GB/s
   8, 0, Quadro GV100, 7.0, 850, 1327, 268435456, 80, 40960, 512, 4194304, 64, 5, 6.17014 ms, 522.066 GB/s
   9, 0, Quadro GV100, 7.0, 850, 1327, 268435456, 80, 81920, 1024, 4194304, 64, 5, 5.97834 ms, 538.816 GB/s
  10, 0, Quadro GV100, 7.0, 850, 1327, 268435456, 80, 163840, 2048, 4194304, 64, 5, 5.7577 ms, 559.464 GB/s
  11, 0, Quadro GV100, 7.0, 850, 1327, 268435456, 80, 327680, 4096, 4194304, 64, 5, 5.57024 ms, 578.292 GB/s
  12, 0, Quadro GV100, 7.0, 850, 1327, 268435456, 80, 655360, 8192, 4194304, 64, 5, 5.44013 ms, 592.123 GB/s
  13, 0, Quadro GV100, 7.0, 850, 1327, 268435456, 80, 1310720, 16384, 4194304, 64, 5, 5.3032 ms, 607.412 GB/s
  14, 0, Quadro GV100, 7.0, 850, 1327, 268435456, 80, 2621440, 32768, 4194304, 64, 5, 5.68304 ms, 566.814 GB/s
  15, 0, Quadro GV100, 7.0, 850, 1327, 268435456, 80, 4194304, 52428, 4194304, 64, 5, 6.80499 ms, 473.362 GB/s
   0, 0, Quadro GV100, 7.0, 850, 1327, 268435456, 80, 160, 2, 2097152, 128, 5, 9.00755 ms, 357.614 GB/s
   1, 0, Quadro GV100, 7.0, 850, 1327, 268435456, 80, 320, 4, 2097152, 128, 5, 6.41795 ms, 501.909 GB/s
   2, 0, Quadro GV100, 7.0, 850, 1327, 268435456, 80, 640, 8, 2097152, 128, 5, 5.80419 ms, 554.983 GB/s
   3, 0, Quadro GV100, 7.0, 850, 1327, 268435456, 80, 1280, 16, 2097152, 128, 5, 5.67888 ms, 567.229 GB/s
   4, 0, Quadro GV100, 7.0, 850, 1327, 268435456, 80, 2560, 32, 2097152, 128, 5, 6.01875 ms, 535.198 GB/s
   5, 0, Quadro GV100, 7.0, 850, 1327, 268435456, 80, 5120, 64, 2097152, 128, 5, 5.59501 ms, 575.732 GB/s
   6, 0, Quadro GV100, 7.0, 850, 1327, 268435456, 80, 10240, 128, 2097152, 128, 5, 5.48112 ms, 587.695 GB/s
   7, 0, Quadro GV100, 7.0, 850, 1327, 268435456, 80, 20480, 256, 2097152, 128, 5, 6.14534 ms, 524.173 GB/s
   8, 0, Quadro GV100, 7.0, 850, 1327, 268435456, 80, 40960, 512, 2097152, 128, 5, 5.91661 ms, 544.438 GB/s
   9, 0, Quadro GV100, 7.0, 850, 1327, 268435456, 80, 81920, 1024, 2097152, 128, 5, 5.77664 ms, 557.63 GB/s
  10, 0, Quadro GV100, 7.0, 850, 1327, 268435456, 80, 163840, 2048, 2097152, 128, 5, 5.56957 ms, 578.362 GB/s
  11, 0, Quadro GV100, 7.0, 850, 1327, 268435456, 80, 327680, 4096, 2097152, 128, 5, 5.44906 ms, 591.153 GB/s
  12, 0, Quadro GV100, 7.0, 850, 1327, 268435456, 80, 655360, 8192, 2097152, 128, 5, 5.37552 ms, 599.24 GB/s
  13, 0, Quadro GV100, 7.0, 850, 1327, 268435456, 80, 1310720, 16384, 2097152, 128, 5, 5.35168 ms, 601.909 GB/s
  14, 0, Quadro GV100, 7.0, 850, 1327, 268435456, 80, 2097152, 26214, 2097152, 128, 5, 5.32499 ms, 604.926 GB/s
   0, 0, Quadro GV100, 7.0, 850, 1327, 268435456, 80, 160, 2, 1048576, 256, 5, 6.40547 ms, 502.887 GB/s
   1, 0, Quadro GV100, 7.0, 850, 1327, 268435456, 80, 320, 4, 1048576, 256, 5, 5.85712 ms, 549.967 GB/s
   2, 0, Quadro GV100, 7.0, 850, 1327, 268435456, 80, 640, 8, 1048576, 256, 5, 5.59395 ms, 575.841 GB/s
   3, 0, Quadro GV100, 7.0, 850, 1327, 268435456, 80, 1280, 16, 1048576, 256, 5, 5.75478 ms, 559.747 GB/s
   4, 0, Quadro GV100, 7.0, 850, 1327, 268435456, 80, 2560, 32, 1048576, 256, 5, 5.62675 ms, 572.484 GB/s
   5, 0, Quadro GV100, 7.0, 850, 1327, 268435456, 80, 5120, 64, 1048576, 256, 5, 5.52819 ms, 582.691 GB/s
   6, 0, Quadro GV100, 7.0, 850, 1327, 268435456, 80, 10240, 128, 1048576, 256, 5, 6.00544 ms, 536.385 GB/s
   7, 0, Quadro GV100, 7.0, 850, 1327, 268435456, 80, 20480, 256, 1048576, 256, 5, 5.89667 ms, 546.279 GB/s
   8, 0, Quadro GV100, 7.0, 850, 1327, 268435456, 80, 40960, 512, 1048576, 256, 5, 5.82982 ms, 552.542 GB/s
   9, 0, Quadro GV100, 7.0, 850, 1327, 268435456, 80, 81920, 1024, 1048576, 256, 5, 5.60144 ms, 575.071 GB/s
  10, 0, Quadro GV100, 7.0, 850, 1327, 268435456, 80, 163840, 2048, 1048576, 256, 5, 5.47043 ms, 588.843 GB/s
  11, 0, Quadro GV100, 7.0, 850, 1327, 268435456, 80, 327680, 4096, 1048576, 256, 5, 5.3463 ms, 602.514 GB/s
  12, 0, Quadro GV100, 7.0, 850, 1327, 268435456, 80, 655360, 8192, 1048576, 256, 5, 5.32314 ms, 605.137 GB/s
  13, 0, Quadro GV100, 7.0, 850, 1327, 268435456, 80, 1048576, 13107, 1048576, 256, 5, 5.30054 ms, 607.716 GB/s
   0, 0, Quadro GV100, 7.0, 850, 1327, 268435456, 80, 160, 2, 524288, 512, 5, 5.9184 ms, 544.273 GB/s
   1, 0, Quadro GV100, 7.0, 850, 1327, 268435456, 80, 320, 4, 524288, 512, 5, 5.60515 ms, 574.69 GB/s
   2, 0, Quadro GV100, 7.0, 850, 1327, 268435456, 80, 640, 8, 524288, 512, 5, 5.91606 ms, 544.488 GB/s
   3, 0, Quadro GV100, 7.0, 850, 1327, 268435456, 80, 1280, 16, 524288, 512, 5, 5.74221 ms, 560.973 GB/s
   4, 0, Quadro GV100, 7.0, 850, 1327, 268435456, 80, 2560, 32, 524288, 512, 5, 5.61338 ms, 573.848 GB/s
   5, 0, Quadro GV100, 7.0, 850, 1327, 268435456, 80, 5120, 64, 524288, 512, 5, 6.00458 ms, 536.462 GB/s
   6, 0, Quadro GV100, 7.0, 850, 1327, 268435456, 80, 10240, 128, 524288, 512, 5, 5.7784 ms, 557.46 GB/s
   7, 0, Quadro GV100, 7.0, 850, 1327, 268435456, 80, 20480, 256, 524288, 512, 5, 5.80224 ms, 555.169 GB/s
   8, 0, Quadro GV100, 7.0, 850, 1327, 268435456, 80, 40960, 512, 524288, 512, 5, 5.59699 ms, 575.528 GB/s
   9, 0, Quadro GV100, 7.0, 850, 1327, 268435456, 80, 81920, 1024, 524288, 512, 5, 5.46064 ms, 589.899 GB/s
  10, 0, Quadro GV100, 7.0, 850, 1327, 268435456, 80, 163840, 2048, 524288, 512, 5, 5.34426 ms, 602.745 GB/s
  11, 0, Quadro GV100, 7.0, 850, 1327, 268435456, 80, 327680, 4096, 524288, 512, 5, 5.35866 ms, 601.126 GB/s
  12, 0, Quadro GV100, 7.0, 850, 1327, 268435456, 80, 524288, 6553, 524288, 512, 5, 5.30784 ms, 606.881 GB/s
   0, 0, Quadro GV100, 7.0, 850, 1327, 268435456, 80, 160, 2, 262144, 1024, 5, 5.63462 ms, 571.684 GB/s
   1, 0, Quadro GV100, 7.0, 850, 1327, 268435456, 80, 320, 4, 262144, 1024, 5, 5.81776 ms, 553.688 GB/s
   2, 0, Quadro GV100, 7.0, 850, 1327, 268435456, 80, 640, 8, 262144, 1024, 5, 5.62931 ms, 572.224 GB/s
   3, 0, Quadro GV100, 7.0, 850, 1327, 268435456, 80, 1280, 16, 262144, 1024, 5, 5.51654 ms, 583.921 GB/s
   4, 0, Quadro GV100, 7.0, 850, 1327, 268435456, 80, 2560, 32, 262144, 1024, 5, 5.9545 ms, 540.974 GB/s
   5, 0, Quadro GV100, 7.0, 850, 1327, 268435456, 80, 5120, 64, 262144, 1024, 5, 5.89194 ms, 546.718 GB/s
   6, 0, Quadro GV100, 7.0, 850, 1327, 268435456, 80, 10240, 128, 262144, 1024, 5, 5.74499 ms, 560.702 GB/s
   7, 0, Quadro GV100, 7.0, 850, 1327, 268435456, 80, 20480, 256, 262144, 1024, 5, 5.56771 ms, 578.555 GB/s
   8, 0, Quadro GV100, 7.0, 850, 1327, 268435456, 80, 40960, 512, 262144, 1024, 5, 5.46509 ms, 589.419 GB/s
   9, 0, Quadro GV100, 7.0, 850, 1327, 268435456, 80, 81920, 1024, 262144, 1024, 5, 5.34659 ms, 602.482 GB/s
  10, 0, Quadro GV100, 7.0, 850, 1327, 268435456, 80, 163840, 2048, 262144, 1024, 5, 5.34253 ms, 602.94 GB/s
  11, 0, Quadro GV100, 7.0, 850, 1327, 268435456, 80, 262144, 3276, 262144, 1024, 5, 5.3151 ms, 606.051 GB/s
   0, 0, Quadro GV100, 7.0, 850, 1327, 536870912, 80, 160, 2, 8388608, 64, 5, 28.6151 ms, 225.142 GB/s
   1, 0, Quadro GV100, 7.0, 850, 1327, 536870912, 80, 320, 4, 8388608, 64, 5, 18.2507 ms, 352.997 GB/s
   2, 0, Quadro GV100, 7.0, 850, 1327, 536870912, 80, 640, 8, 8388608, 64, 5, 12.9188 ms, 498.686 GB/s
   3, 0, Quadro GV100, 7.0, 850, 1327, 536870912, 80, 1280, 16, 8388608, 64, 5, 11.6282 ms, 554.039 GB/s
   4, 0, Quadro GV100, 7.0, 850, 1327, 536870912, 80, 2560, 32, 8388608, 64, 5, 11.4454 ms, 562.885 GB/s
   5, 0, Quadro GV100, 7.0, 850, 1327, 536870912, 80, 5120, 64, 8388608, 64, 5, 11.9276 ms, 540.132 GB/s
   6, 0, Quadro GV100, 7.0, 850, 1327, 536870912, 80, 10240, 128, 8388608, 64, 5, 11.5691 ms, 556.866 GB/s
   7, 0, Quadro GV100, 7.0, 850, 1327, 536870912, 80, 20480, 256, 8388608, 64, 5, 11.1909 ms, 575.686 GB/s
   8, 0, Quadro GV100, 7.0, 850, 1327, 536870912, 80, 40960, 512, 8388608, 64, 5, 13.1327 ms, 490.567 GB/s
   9, 0, Quadro GV100, 7.0, 850, 1327, 536870912, 80, 81920, 1024, 8388608, 64, 5, 12.7872 ms, 503.819 GB/s
  10, 0, Quadro GV100, 7.0, 850, 1327, 536870912, 80, 163840, 2048, 8388608, 64, 5, 11.7561 ms, 548.008 GB/s
  11, 0, Quadro GV100, 7.0, 850, 1327, 536870912, 80, 327680, 4096, 8388608, 64, 5, 11.4105 ms, 564.609 GB/s
  12, 0, Quadro GV100, 7.0, 850, 1327, 536870912, 80, 655360, 8192, 8388608, 64, 5, 11.1275 ms, 578.967 GB/s
  13, 0, Quadro GV100, 7.0, 850, 1327, 536870912, 80, 1310720, 16384, 8388608, 64, 5, 10.7258 ms, 600.652 GB/s
  14, 0, Quadro GV100, 7.0, 850, 1327, 536870912, 80, 2621440, 32768, 8388608, 64, 5, 10.532 ms, 611.704 GB/s
  15, 0, Quadro GV100, 7.0, 850, 1327, 536870912, 80, 5242880, 65536, 8388608, 64, 5, 11.3134 ms, 569.454 GB/s
  16, 0, Quadro GV100, 7.0, 850, 1327, 536870912, 80, 8388608, 104857, 8388608, 64, 5, 13.5893 ms, 474.082 GB/s
   0, 0, Quadro GV100, 7.0, 850, 1327, 536870912, 80, 160, 2, 4194304, 128, 5, 18.1014 ms, 355.909 GB/s
   1, 0, Quadro GV100, 7.0, 850, 1327, 536870912, 80, 320, 4, 4194304, 128, 5, 12.888 ms, 499.879 GB/s
   2, 0, Quadro GV100, 7.0, 850, 1327, 536870912, 80, 640, 8, 4194304, 128, 5, 11.8972 ms, 541.512 GB/s
   3, 0, Quadro GV100, 7.0, 850, 1327, 536870912, 80, 1280, 16, 4194304, 128, 5, 11.6779 ms, 551.681 GB/s
   4, 0, Quadro GV100, 7.0, 850, 1327, 536870912, 80, 2560, 32, 4194304, 128, 5, 12.4434 ms, 517.739 GB/s
   5, 0, Quadro GV100, 7.0, 850, 1327, 536870912, 80, 5120, 64, 4194304, 128, 5, 11.5951 ms, 555.617 GB/s
   6, 0, Quadro GV100, 7.0, 850, 1327, 536870912, 80, 10240, 128, 4194304, 128, 5, 11.0957 ms, 580.624 GB/s
   7, 0, Quadro GV100, 7.0, 850, 1327, 536870912, 80, 20480, 256, 4194304, 128, 5, 13.2147 ms, 487.522 GB/s
   8, 0, Quadro GV100, 7.0, 850, 1327, 536870912, 80, 40960, 512, 4194304, 128, 5, 12.8106 ms, 502.902 GB/s
   9, 0, Quadro GV100, 7.0, 850, 1327, 536870912, 80, 81920, 1024, 4194304, 128, 5, 12.2781 ms, 524.71 GB/s
  10, 0, Quadro GV100, 7.0, 850, 1327, 536870912, 80, 163840, 2048, 4194304, 128, 5, 11.6137 ms, 554.73 GB/s
  11, 0, Quadro GV100, 7.0, 850, 1327, 536870912, 80, 327680, 4096, 4194304, 128, 5, 11.3267 ms, 568.787 GB/s
  12, 0, Quadro GV100, 7.0, 850, 1327, 536870912, 80, 655360, 8192, 4194304, 128, 5, 10.8025 ms, 596.387 GB/s
  13, 0, Quadro GV100, 7.0, 850, 1327, 536870912, 80, 1310720, 16384, 4194304, 128, 5, 10.6277 ms, 606.194 GB/s
  14, 0, Quadro GV100, 7.0, 850, 1327, 536870912, 80, 2621440, 32768, 4194304, 128, 5, 10.6376 ms, 605.632 GB/s
  15, 0, Quadro GV100, 7.0, 850, 1327, 536870912, 80, 4194304, 52428, 4194304, 128, 5, 10.6245 ms, 606.378 GB/s
   0, 0, Quadro GV100, 7.0, 850, 1327, 536870912, 80, 160, 2, 2097152, 256, 5, 12.9078 ms, 499.111 GB/s
   1, 0, Quadro GV100, 7.0, 850, 1327, 536870912, 80, 320, 4, 2097152, 256, 5, 11.8497 ms, 543.679 GB/s
   2, 0, Quadro GV100, 7.0, 850, 1327, 536870912, 80, 640, 8, 2097152, 256, 5, 11.4896 ms, 560.72 GB/s
   3, 0, Quadro GV100, 7.0, 850, 1327, 536870912, 80, 1280, 16, 2097152, 256, 5, 12.032 ms, 535.442 GB/s
   4, 0, Quadro GV100, 7.0, 850, 1327, 536870912, 80, 2560, 32, 2097152, 256, 5, 11.6699 ms, 552.058 GB/s
   5, 0, Quadro GV100, 7.0, 850, 1327, 536870912, 80, 5120, 64, 2097152, 256, 5, 11.2463 ms, 572.852 GB/s
   6, 0, Quadro GV100, 7.0, 850, 1327, 536870912, 80, 10240, 128, 2097152, 256, 5, 12.7756 ms, 504.28 GB/s
   7, 0, Quadro GV100, 7.0, 850, 1327, 536870912, 80, 20480, 256, 2097152, 256, 5, 12.1791 ms, 528.977 GB/s
   8, 0, Quadro GV100, 7.0, 850, 1327, 536870912, 80, 40960, 512, 2097152, 256, 5, 11.88 ms, 542.294 GB/s
   9, 0, Quadro GV100, 7.0, 850, 1327, 536870912, 80, 81920, 1024, 2097152, 256, 5, 11.468 ms, 561.776 GB/s
  10, 0, Quadro GV100, 7.0, 850, 1327, 536870912, 80, 163840, 2048, 2097152, 256, 5, 11.0916 ms, 580.841 GB/s
  11, 0, Quadro GV100, 7.0, 850, 1327, 536870912, 80, 327680, 4096, 2097152, 256, 5, 10.7789 ms, 597.69 GB/s
  12, 0, Quadro GV100, 7.0, 850, 1327, 536870912, 80, 655360, 8192, 2097152, 256, 5, 10.6347 ms, 605.798 GB/s
  13, 0, Quadro GV100, 7.0, 850, 1327, 536870912, 80, 1310720, 16384, 2097152, 256, 5, 10.5746 ms, 609.241 GB/s
  14, 0, Quadro GV100, 7.0, 850, 1327, 536870912, 80, 2097152, 26214, 2097152, 256, 5, 10.5198 ms, 612.411 GB/s
   0, 0, Quadro GV100, 7.0, 850, 1327, 536870912, 80, 160, 2, 1048576, 512, 5, 11.9017 ms, 541.307 GB/s
   1, 0, Quadro GV100, 7.0, 850, 1327, 536870912, 80, 320, 4, 1048576, 512, 5, 11.7836 ms, 546.73 GB/s
   2, 0, Quadro GV100, 7.0, 850, 1327, 536870912, 80, 640, 8, 1048576, 512, 5, 12.4153 ms, 518.911 GB/s
   3, 0, Quadro GV100, 7.0, 850, 1327, 536870912, 80, 1280, 16, 1048576, 512, 5, 11.6805 ms, 551.556 GB/s
   4, 0, Quadro GV100, 7.0, 850, 1327, 536870912, 80, 2560, 32, 1048576, 512, 5, 11.2145 ms, 574.474 GB/s
   5, 0, Quadro GV100, 7.0, 850, 1327, 536870912, 80, 5120, 64, 1048576, 512, 5, 12.5857 ms, 511.887 GB/s
   6, 0, Quadro GV100, 7.0, 850, 1327, 536870912, 80, 10240, 128, 1048576, 512, 5, 12.3227 ms, 522.814 GB/s
   7, 0, Quadro GV100, 7.0, 850, 1327, 536870912, 80, 20480, 256, 1048576, 512, 5, 11.8376 ms, 544.236 GB/s
   8, 0, Quadro GV100, 7.0, 850, 1327, 536870912, 80, 40960, 512, 1048576, 512, 5, 11.5417 ms, 558.188 GB/s
   9, 0, Quadro GV100, 7.0, 850, 1327, 536870912, 80, 81920, 1024, 1048576, 512, 5, 11.1436 ms, 578.131 GB/s
  10, 0, Quadro GV100, 7.0, 850, 1327, 536870912, 80, 163840, 2048, 1048576, 512, 5, 10.7895 ms, 597.105 GB/s
  11, 0, Quadro GV100, 7.0, 850, 1327, 536870912, 80, 327680, 4096, 1048576, 512, 5, 10.6559 ms, 604.588 GB/s
  12, 0, Quadro GV100, 7.0, 850, 1327, 536870912, 80, 655360, 8192, 1048576, 512, 5, 10.5891 ms, 608.407 GB/s
  13, 0, Quadro GV100, 7.0, 850, 1327, 536870912, 80, 1048576, 13107, 1048576, 512, 5, 10.5484 ms, 610.749 GB/s
   0, 0, Quadro GV100, 7.0, 850, 1327, 536870912, 80, 160, 2, 524288, 1024, 5, 11.6109 ms, 554.862 GB/s
   1, 0, Quadro GV100, 7.0, 850, 1327, 536870912, 80, 320, 4, 524288, 1024, 5, 12.1783 ms, 529.009 GB/s
   2, 0, Quadro GV100, 7.0, 850, 1327, 536870912, 80, 640, 8, 524288, 1024, 5, 11.7339 ms, 549.048 GB/s
   3, 0, Quadro GV100, 7.0, 850, 1327, 536870912, 80, 1280, 16, 524288, 1024, 5, 11.3017 ms, 570.041 GB/s
   4, 0, Quadro GV100, 7.0, 850, 1327, 536870912, 80, 2560, 32, 524288, 1024, 5, 12.7096 ms, 506.896 GB/s
   5, 0, Quadro GV100, 7.0, 850, 1327, 536870912, 80, 5120, 64, 524288, 1024, 5, 12.3015 ms, 523.714 GB/s
   6, 0, Quadro GV100, 7.0, 850, 1327, 536870912, 80, 10240, 128, 524288, 1024, 5, 11.6365 ms, 553.64 GB/s
   7, 0, Quadro GV100, 7.0, 850, 1327, 536870912, 80, 20480, 256, 524288, 1024, 5, 11.2356 ms, 573.395 GB/s
   8, 0, Quadro GV100, 7.0, 850, 1327, 536870912, 80, 40960, 512, 524288, 1024, 5, 11.0122 ms, 585.029 GB/s
   9, 0, Quadro GV100, 7.0, 850, 1327, 536870912, 80, 81920, 1024, 524288, 1024, 5, 10.7215 ms, 600.892 GB/s
  10, 0, Quadro GV100, 7.0, 850, 1327, 536870912, 80, 163840, 2048, 524288, 1024, 5, 10.5952 ms, 608.052 GB/s
  11, 0, Quadro GV100, 7.0, 850, 1327, 536870912, 80, 327680, 4096, 524288, 1024, 5, 10.5529 ms, 610.493 GB/s
  12, 0, Quadro GV100, 7.0, 850, 1327, 536870912, 80, 524288, 6553, 524288, 1024, 5, 10.5175 ms, 612.544 GB/s
   0, 0, Quadro GV100, 7.0, 850, 1327, 1073741824, 80, 160, 2, 16777216, 64, 5, 56.5212 ms, 227.966 GB/s
   1, 0, Quadro GV100, 7.0, 850, 1327, 1073741824, 80, 320, 4, 16777216, 64, 5, 36.1453 ms, 356.475 GB/s
   2, 0, Quadro GV100, 7.0, 850, 1327, 1073741824, 80, 640, 8, 16777216, 64, 5, 25.8442 ms, 498.56 GB/s
   3, 0, Quadro GV100, 7.0, 850, 1327, 1073741824, 80, 1280, 16, 16777216, 64, 5, 23.3403 ms, 552.046 GB/s
   4, 0, Quadro GV100, 7.0, 850, 1327, 1073741824, 80, 2560, 32, 16777216, 64, 5, 24.3721 ms, 528.674 GB/s
   5, 0, Quadro GV100, 7.0, 850, 1327, 1073741824, 80, 5120, 64, 16777216, 64, 5, 24.734 ms, 520.94 GB/s
   6, 0, Quadro GV100, 7.0, 850, 1327, 1073741824, 80, 10240, 128, 16777216, 64, 5, 23.7343 ms, 542.88 GB/s
   7, 0, Quadro GV100, 7.0, 850, 1327, 1073741824, 80, 20480, 256, 16777216, 64, 5, 22.771 ms, 565.846 GB/s
   8, 0, Quadro GV100, 7.0, 850, 1327, 1073741824, 80, 40960, 512, 16777216, 64, 5, 28.7342 ms, 448.417 GB/s
   9, 0, Quadro GV100, 7.0, 850, 1327, 1073741824, 80, 81920, 1024, 16777216, 64, 5, 27.1183 ms, 475.136 GB/s
  10, 0, Quadro GV100, 7.0, 850, 1327, 1073741824, 80, 163840, 2048, 16777216, 64, 5, 25.1361 ms, 512.606 GB/s
  11, 0, Quadro GV100, 7.0, 850, 1327, 1073741824, 80, 327680, 4096, 16777216, 64, 5, 23.3999 ms, 550.64 GB/s
  12, 0, Quadro GV100, 7.0, 850, 1327, 1073741824, 80, 655360, 8192, 16777216, 64, 5, 22.9767 ms, 560.782 GB/s
  13, 0, Quadro GV100, 7.0, 850, 1327, 1073741824, 80, 1310720, 16384, 16777216, 64, 5, 22.1334 ms, 582.147 GB/s
  14, 0, Quadro GV100, 7.0, 850, 1327, 1073741824, 80, 2621440, 32768, 16777216, 64, 5, 21.4189 ms, 601.567 GB/s
  15, 0, Quadro GV100, 7.0, 850, 1327, 1073741824, 80, 5242880, 65536, 16777216, 64, 5, 20.9869 ms, 613.948 GB/s
  16, 0, Quadro GV100, 7.0, 850, 1327, 1073741824, 80, 10485760, 131072, 16777216, 64, 5, 22.5577 ms, 571.197 GB/s
  17, 0, Quadro GV100, 7.0, 850, 1327, 1073741824, 80, 16777216, 209715, 16777216, 64, 5, 27.1451 ms, 474.668 GB/s
   0, 0, Quadro GV100, 7.0, 850, 1327, 1073741824, 80, 160, 2, 8388608, 128, 5, 36.618 ms, 351.874 GB/s
   1, 0, Quadro GV100, 7.0, 850, 1327, 1073741824, 80, 320, 4, 8388608, 128, 5, 26.0317 ms, 494.969 GB/s
   2, 0, Quadro GV100, 7.0, 850, 1327, 1073741824, 80, 640, 8, 8388608, 128, 5, 23.6504 ms, 544.807 GB/s
   3, 0, Quadro GV100, 7.0, 850, 1327, 1073741824, 80, 1280, 16, 8388608, 128, 5, 23.5982 ms, 546.013 GB/s
   4, 0, Quadro GV100, 7.0, 850, 1327, 1073741824, 80, 2560, 32, 8388608, 128, 5, 25.2724 ms, 509.841 GB/s
   5, 0, Quadro GV100, 7.0, 850, 1327, 1073741824, 80, 5120, 64, 8388608, 128, 5, 24.6968 ms, 521.724 GB/s
   6, 0, Quadro GV100, 7.0, 850, 1327, 1073741824, 80, 10240, 128, 8388608, 128, 5, 23.256 ms, 554.047 GB/s
   7, 0, Quadro GV100, 7.0, 850, 1327, 1073741824, 80, 20480, 256, 8388608, 128, 5, 28.1779 ms, 457.27 GB/s
   8, 0, Quadro GV100, 7.0, 850, 1327, 1073741824, 80, 40960, 512, 8388608, 128, 5, 26.4144 ms, 487.798 GB/s
   9, 0, Quadro GV100, 7.0, 850, 1327, 1073741824, 80, 81920, 1024, 8388608, 128, 5, 24.4261 ms, 527.505 GB/s
  10, 0, Quadro GV100, 7.0, 850, 1327, 1073741824, 80, 163840, 2048, 8388608, 128, 5, 23.224 ms, 554.809 GB/s
  11, 0, Quadro GV100, 7.0, 850, 1327, 1073741824, 80, 327680, 4096, 8388608, 128, 5, 22.8365 ms, 564.224 GB/s
  12, 0, Quadro GV100, 7.0, 850, 1327, 1073741824, 80, 655360, 8192, 8388608, 128, 5, 22.1644 ms, 581.333 GB/s
  13, 0, Quadro GV100, 7.0, 850, 1327, 1073741824, 80, 1310720, 16384, 8388608, 128, 5, 21.4154 ms, 601.665 GB/s
  14, 0, Quadro GV100, 7.0, 850, 1327, 1073741824, 80, 2621440, 32768, 8388608, 128, 5, 21.1999 ms, 607.781 GB/s
  15, 0, Quadro GV100, 7.0, 850, 1327, 1073741824, 80, 5242880, 65536, 8388608, 128, 5, 21.1479 ms, 609.276 GB/s
  16, 0, Quadro GV100, 7.0, 850, 1327, 1073741824, 80, 8388608, 104857, 8388608, 128, 5, 21.0553 ms, 611.955 GB/s
   0, 0, Quadro GV100, 7.0, 850, 1327, 1073741824, 80, 160, 2, 4194304, 256, 5, 26.2611 ms, 490.646 GB/s
   1, 0, Quadro GV100, 7.0, 850, 1327, 1073741824, 80, 320, 4, 4194304, 256, 5, 24.0415 ms, 535.943 GB/s
   2, 0, Quadro GV100, 7.0, 850, 1327, 1073741824, 80, 640, 8, 4194304, 256, 5, 25.2956 ms, 509.374 GB/s
   3, 0, Quadro GV100, 7.0, 850, 1327, 1073741824, 80, 1280, 16, 4194304, 256, 5, 24.8303 ms, 518.918 GB/s
   4, 0, Quadro GV100, 7.0, 850, 1327, 1073741824, 80, 2560, 32, 4194304, 256, 5, 23.6954 ms, 543.772 GB/s
   5, 0, Quadro GV100, 7.0, 850, 1327, 1073741824, 80, 5120, 64, 4194304, 256, 5, 22.6623 ms, 568.561 GB/s
   6, 0, Quadro GV100, 7.0, 850, 1327, 1073741824, 80, 10240, 128, 4194304, 256, 5, 27.1068 ms, 475.338 GB/s
   7, 0, Quadro GV100, 7.0, 850, 1327, 1073741824, 80, 20480, 256, 4194304, 256, 5, 25.5853 ms, 503.605 GB/s
   8, 0, Quadro GV100, 7.0, 850, 1327, 1073741824, 80, 40960, 512, 4194304, 256, 5, 24.147 ms, 533.603 GB/s
   9, 0, Quadro GV100, 7.0, 850, 1327, 1073741824, 80, 81920, 1024, 4194304, 256, 5, 23.4021 ms, 550.588 GB/s
  10, 0, Quadro GV100, 7.0, 850, 1327, 1073741824, 80, 163840, 2048, 4194304, 256, 5, 22.9833 ms, 560.62 GB/s
  11, 0, Quadro GV100, 7.0, 850, 1327, 1073741824, 80, 327680, 4096, 4194304, 256, 5, 21.8958 ms, 588.463 GB/s
  12, 0, Quadro GV100, 7.0, 850, 1327, 1073741824, 80, 655360, 8192, 4194304, 256, 5, 21.2493 ms, 606.369 GB/s
  13, 0, Quadro GV100, 7.0, 850, 1327, 1073741824, 80, 1310720, 16384, 4194304, 256, 5, 20.9826 ms, 614.077 GB/s
  14, 0, Quadro GV100, 7.0, 850, 1327, 1073741824, 80, 2621440, 32768, 4194304, 256, 5, 20.9977 ms, 613.633 GB/s
  15, 0, Quadro GV100, 7.0, 850, 1327, 1073741824, 80, 4194304, 52428, 4194304, 256, 5, 21.0116 ms, 613.228 GB/s
   0, 0, Quadro GV100, 7.0, 850, 1327, 1073741824, 80, 160, 2, 2097152, 512, 5, 24.9204 ms, 517.042 GB/s
   1, 0, Quadro GV100, 7.0, 850, 1327, 1073741824, 80, 320, 4, 2097152, 512, 5, 24.3195 ms, 529.818 GB/s
   2, 0, Quadro GV100, 7.0, 850, 1327, 1073741824, 80, 640, 8, 2097152, 512, 5, 25.0273 ms, 514.835 GB/s
   3, 0, Quadro GV100, 7.0, 850, 1327, 1073741824, 80, 1280, 16, 2097152, 512, 5, 23.8196 ms, 540.938 GB/s
   4, 0, Quadro GV100, 7.0, 850, 1327, 1073741824, 80, 2560, 32, 2097152, 512, 5, 22.7802 ms, 565.619 GB/s
   5, 0, Quadro GV100, 7.0, 850, 1327, 1073741824, 80, 5120, 64, 2097152, 512, 5, 27.0005 ms, 477.21 GB/s
   6, 0, Quadro GV100, 7.0, 850, 1327, 1073741824, 80, 10240, 128, 2097152, 512, 5, 25.4837 ms, 505.613 GB/s
   7, 0, Quadro GV100, 7.0, 850, 1327, 1073741824, 80, 20480, 256, 2097152, 512, 5, 24.3534 ms, 529.081 GB/s
   8, 0, Quadro GV100, 7.0, 850, 1327, 1073741824, 80, 40960, 512, 2097152, 512, 5, 23.1303 ms, 557.057 GB/s
   9, 0, Quadro GV100, 7.0, 850, 1327, 1073741824, 80, 81920, 1024, 2097152, 512, 5, 22.6314 ms, 569.338 GB/s
  10, 0, Quadro GV100, 7.0, 850, 1327, 1073741824, 80, 163840, 2048, 2097152, 512, 5, 21.7792 ms, 591.616 GB/s
  11, 0, Quadro GV100, 7.0, 850, 1327, 1073741824, 80, 327680, 4096, 2097152, 512, 5, 21.2612 ms, 606.028 GB/s
  12, 0, Quadro GV100, 7.0, 850, 1327, 1073741824, 80, 655360, 8192, 2097152, 512, 5, 20.9964 ms, 613.672 GB/s
  13, 0, Quadro GV100, 7.0, 850, 1327, 1073741824, 80, 1310720, 16384, 2097152, 512, 5, 20.9882 ms, 613.913 GB/s
  14, 0, Quadro GV100, 7.0, 850, 1327, 1073741824, 80, 2097152, 26214, 2097152, 512, 5, 21.0088 ms, 613.31 GB/s
   0, 0, Quadro GV100, 7.0, 850, 1327, 1073741824, 80, 160, 2, 1048576, 1024, 5, 23.9224 ms, 538.613 GB/s
   1, 0, Quadro GV100, 7.0, 850, 1327, 1073741824, 80, 320, 4, 1048576, 1024, 5, 24.378 ms, 528.547 GB/s
   2, 0, Quadro GV100, 7.0, 850, 1327, 1073741824, 80, 640, 8, 1048576, 1024, 5, 23.6232 ms, 545.435 GB/s
   3, 0, Quadro GV100, 7.0, 850, 1327, 1073741824, 80, 1280, 16, 1048576, 1024, 5, 22.8072 ms, 564.948 GB/s
   4, 0, Quadro GV100, 7.0, 850, 1327, 1073741824, 80, 2560, 32, 1048576, 1024, 5, 26.9956 ms, 477.297 GB/s
   5, 0, Quadro GV100, 7.0, 850, 1327, 1073741824, 80, 5120, 64, 1048576, 1024, 5, 25.655 ms, 502.238 GB/s
   6, 0, Quadro GV100, 7.0, 850, 1327, 1073741824, 80, 10240, 128, 1048576, 1024, 5, 24.3724 ms, 528.667 GB/s
   7, 0, Quadro GV100, 7.0, 850, 1327, 1073741824, 80, 20480, 256, 1048576, 1024, 5, 23.3395 ms, 552.064 GB/s
   8, 0, Quadro GV100, 7.0, 850, 1327, 1073741824, 80, 40960, 512, 1048576, 1024, 5, 22.7337 ms, 566.775 GB/s
   9, 0, Quadro GV100, 7.0, 850, 1327, 1073741824, 80, 81920, 1024, 1048576, 1024, 5, 21.8642 ms, 589.314 GB/s
  10, 0, Quadro GV100, 7.0, 850, 1327, 1073741824, 80, 163840, 2048, 1048576, 1024, 5, 21.2886 ms, 605.249 GB/s
  11, 0, Quadro GV100, 7.0, 850, 1327, 1073741824, 80, 327680, 4096, 1048576, 1024, 5, 20.9915 ms, 613.816 GB/s
  12, 0, Quadro GV100, 7.0, 850, 1327, 1073741824, 80, 655360, 8192, 1048576, 1024, 5, 21.0019 ms, 613.511 GB/s
  13, 0, Quadro GV100, 7.0, 850, 1327, 1073741824, 80, 1048576, 13107, 1048576, 1024, 5, 21.014 ms, 613.157 GB/s
