; reduction-grid 1048576 1073741824, Thu Aug 23 17:13:51 2018
index,dev_id,dev_name,dev_CC,dev_memClock,dev_clock,n,numSMs,blocks_i,blocks_i/numSMs,blocks_n,TBlocksize,TRuns,min_time,max_throughput
   0, 0, Tesla P100-PCIE-16GB, 6.0, 715, 1189, 1048576, 56, 112, 2, 8192, 64, 5, 0.020704 ms, 202.584 GB/s
   1, 0, Tesla P100-PCIE-16GB, 6.0, 715, 1189, 1048576, 56, 224, 4, 8192, 64, 5, 0.016 ms, 262.144 GB/s
   2, 0, Tesla P100-PCIE-16GB, 6.0, 715, 1189, 1048576, 56, 448, 8, 8192, 64, 5, 0.014208 ms, 295.207 GB/s
   3, 0, Tesla P100-PCIE-16GB, 6.0, 715, 1189, 1048576, 56, 896, 16, 8192, 64, 5, 0.014592 ms, 287.439 GB/s
   4, 0, Tesla P100-PCIE-16GB, 6.0, 715, 1189, 1048576, 56, 1792, 32, 8192, 64, 5, 0.01744 ms, 240.499 GB/s
   5, 0, Tesla P100-PCIE-16GB, 6.0, 715, 1189, 1048576, 56, 3584, 64, 8192, 64, 5, 0.022368 ms, 187.514 GB/s
   6, 0, Tesla P100-PCIE-16GB, 6.0, 715, 1189, 1048576, 56, 7168, 128, 8192, 64, 5, 0.033568 ms, 124.949 GB/s
   7, 0, Tesla P100-PCIE-16GB, 6.0, 715, 1189, 1048576, 56, 8192, 146, 8192, 64, 5, 0.036224 ms, 115.788 GB/s
   0, 0, Tesla P100-PCIE-16GB, 6.0, 715, 1189, 1048576, 56, 112, 2, 4096, 128, 5, 0.015424 ms, 271.934 GB/s
   1, 0, Tesla P100-PCIE-16GB, 6.0, 715, 1189, 1048576, 56, 224, 4, 4096, 128, 5, 0.014368 ms, 291.92 GB/s
   2, 0, Tesla P100-PCIE-16GB, 6.0, 715, 1189, 1048576, 56, 448, 8, 4096, 128, 5, 0.014912 ms, 281.27 GB/s
   3, 0, Tesla P100-PCIE-16GB, 6.0, 715, 1189, 1048576, 56, 896, 16, 4096, 128, 5, 0.016064 ms, 261.1 GB/s
   4, 0, Tesla P100-PCIE-16GB, 6.0, 715, 1189, 1048576, 56, 1792, 32, 4096, 128, 5, 0.02032 ms, 206.413 GB/s
   5, 0, Tesla P100-PCIE-16GB, 6.0, 715, 1189, 1048576, 56, 3584, 64, 4096, 128, 5, 0.028672 ms, 146.286 GB/s
   6, 0, Tesla P100-PCIE-16GB, 6.0, 715, 1189, 1048576, 56, 4096, 73, 4096, 128, 5, 0.03072 ms, 136.533 GB/s
   0, 0, Tesla P100-PCIE-16GB, 6.0, 715, 1189, 1048576, 56, 112, 2, 2048, 256, 5, 0.014976 ms, 280.068 GB/s
   1, 0, Tesla P100-PCIE-16GB, 6.0, 715, 1189, 1048576, 56, 224, 4, 2048, 256, 5, 0.014048 ms, 298.569 GB/s
   2, 0, Tesla P100-PCIE-16GB, 6.0, 715, 1189, 1048576, 56, 448, 8, 2048, 256, 5, 0.015488 ms, 270.81 GB/s
   3, 0, Tesla P100-PCIE-16GB, 6.0, 715, 1189, 1048576, 56, 896, 16, 2048, 256, 5, 0.020032 ms, 209.38 GB/s
   4, 0, Tesla P100-PCIE-16GB, 6.0, 715, 1189, 1048576, 56, 1792, 32, 2048, 256, 5, 0.02832 ms, 148.104 GB/s
   5, 0, Tesla P100-PCIE-16GB, 6.0, 715, 1189, 1048576, 56, 2048, 36, 2048, 256, 5, 0.031072 ms, 134.987 GB/s
   0, 0, Tesla P100-PCIE-16GB, 6.0, 715, 1189, 1048576, 56, 112, 2, 1024, 512, 5, 0.0144 ms, 291.271 GB/s
   1, 0, Tesla P100-PCIE-16GB, 6.0, 715, 1189, 1048576, 56, 224, 4, 1024, 512, 5, 0.01616 ms, 259.549 GB/s
   2, 0, Tesla P100-PCIE-16GB, 6.0, 715, 1189, 1048576, 56, 448, 8, 1024, 512, 5, 0.021024 ms, 199.501 GB/s
   3, 0, Tesla P100-PCIE-16GB, 6.0, 715, 1189, 1048576, 56, 896, 16, 1024, 512, 5, 0.030176 ms, 138.995 GB/s
   4, 0, Tesla P100-PCIE-16GB, 6.0, 715, 1189, 1048576, 56, 1024, 18, 1024, 512, 5, 0.032256 ms, 130.032 GB/s
   0, 0, Tesla P100-PCIE-16GB, 6.0, 715, 1189, 1048576, 56, 112, 2, 512, 1024, 5, 0.016832 ms, 249.186 GB/s
   1, 0, Tesla P100-PCIE-16GB, 6.0, 715, 1189, 1048576, 56, 224, 4, 512, 1024, 5, 0.021216 ms, 197.695 GB/s
   2, 0, Tesla P100-PCIE-16GB, 6.0, 715, 1189, 1048576, 56, 448, 8, 512, 1024, 5, 0.03168 ms, 132.396 GB/s
   3, 0, Tesla P100-PCIE-16GB, 6.0, 715, 1189, 1048576, 56, 512, 9, 512, 1024, 5, 0.036 ms, 116.508 GB/s
   0, 0, Tesla P100-PCIE-16GB, 6.0, 715, 1189, 2097152, 56, 112, 2, 16384, 64, 5, 0.048832 ms, 171.785 GB/s
   1, 0, Tesla P100-PCIE-16GB, 6.0, 715, 1189, 2097152, 56, 224, 4, 16384, 64, 5, 0.03296 ms, 254.509 GB/s
   2, 0, Tesla P100-PCIE-16GB, 6.0, 715, 1189, 2097152, 56, 448, 8, 16384, 64, 5, 0.025408 ms, 330.156 GB/s
   3, 0, Tesla P100-PCIE-16GB, 6.0, 715, 1189, 2097152, 56, 896, 16, 16384, 64, 5, 0.025824 ms, 324.838 GB/s
   4, 0, Tesla P100-PCIE-16GB, 6.0, 715, 1189, 2097152, 56, 1792, 32, 16384, 64, 5, 0.028384 ms, 295.54 GB/s
   5, 0, Tesla P100-PCIE-16GB, 6.0, 715, 1189, 2097152, 56, 3584, 64, 16384, 64, 5, 0.030912 ms, 271.371 GB/s
   6, 0, Tesla P100-PCIE-16GB, 6.0, 715, 1189, 2097152, 56, 7168, 128, 16384, 64, 5, 0.038816 ms, 216.112 GB/s
   7, 0, Tesla P100-PCIE-16GB, 6.0, 715, 1189, 2097152, 56, 14336, 256, 16384, 64, 5, 0.060352 ms, 138.995 GB/s
   8, 0, Tesla P100-PCIE-16GB, 6.0, 715, 1189, 2097152, 56, 16384, 292, 16384, 64, 5, 0.066944 ms, 125.308 GB/s
   0, 0, Tesla P100-PCIE-16GB, 6.0, 715, 1189, 2097152, 56, 112, 2, 8192, 128, 5, 0.032448 ms, 258.525 GB/s
   1, 0, Tesla P100-PCIE-16GB, 6.0, 715, 1189, 2097152, 56, 224, 4, 8192, 128, 5, 0.02512 ms, 333.941 GB/s
   2, 0, Tesla P100-PCIE-16GB, 6.0, 715, 1189, 2097152, 56, 448, 8, 8192, 128, 5, 0.025344 ms, 330.99 GB/s
   3, 0, Tesla P100-PCIE-16GB, 6.0, 715, 1189, 2097152, 56, 896, 16, 8192, 128, 5, 0.027136 ms, 309.132 GB/s
   4, 0, Tesla P100-PCIE-16GB, 6.0, 715, 1189, 2097152, 56, 1792, 32, 8192, 128, 5, 0.027744 ms, 302.358 GB/s
   5, 0, Tesla P100-PCIE-16GB, 6.0, 715, 1189, 2097152, 56, 3584, 64, 8192, 128, 5, 0.03312 ms, 253.279 GB/s
   6, 0, Tesla P100-PCIE-16GB, 6.0, 715, 1189, 2097152, 56, 7168, 128, 8192, 128, 5, 0.0488 ms, 171.898 GB/s
   7, 0, Tesla P100-PCIE-16GB, 6.0, 715, 1189, 2097152, 56, 8192, 146, 8192, 128, 5, 0.053472 ms, 156.879 GB/s
   0, 0, Tesla P100-PCIE-16GB, 6.0, 715, 1189, 2097152, 56, 112, 2, 4096, 256, 5, 0.0256 ms, 327.68 GB/s
   1, 0, Tesla P100-PCIE-16GB, 6.0, 715, 1189, 2097152, 56, 224, 4, 4096, 256, 5, 0.02544 ms, 329.741 GB/s
   2, 0, Tesla P100-PCIE-16GB, 6.0, 715, 1189, 2097152, 56, 448, 8, 4096, 256, 5, 0.026784 ms, 313.195 GB/s
   3, 0, Tesla P100-PCIE-16GB, 6.0, 715, 1189, 2097152, 56, 896, 16, 4096, 256, 5, 0.028416 ms, 295.207 GB/s
   4, 0, Tesla P100-PCIE-16GB, 6.0, 715, 1189, 2097152, 56, 1792, 32, 4096, 256, 5, 0.032864 ms, 255.252 GB/s
   5, 0, Tesla P100-PCIE-16GB, 6.0, 715, 1189, 2097152, 56, 3584, 64, 4096, 256, 5, 0.047968 ms, 174.879 GB/s
   6, 0, Tesla P100-PCIE-16GB, 6.0, 715, 1189, 2097152, 56, 4096, 73, 4096, 256, 5, 0.052128 ms, 160.923 GB/s
   0, 0, Tesla P100-PCIE-16GB, 6.0, 715, 1189, 2097152, 56, 112, 2, 2048, 512, 5, 0.025696 ms, 326.456 GB/s
   1, 0, Tesla P100-PCIE-16GB, 6.0, 715, 1189, 2097152, 56, 224, 4, 2048, 512, 5, 0.027712 ms, 302.707 GB/s
   2, 0, Tesla P100-PCIE-16GB, 6.0, 715, 1189, 2097152, 56, 448, 8, 2048, 512, 5, 0.02928 ms, 286.496 GB/s
   3, 0, Tesla P100-PCIE-16GB, 6.0, 715, 1189, 2097152, 56, 896, 16, 2048, 512, 5, 0.03456 ms, 242.726 GB/s
   4, 0, Tesla P100-PCIE-16GB, 6.0, 715, 1189, 2097152, 56, 1792, 32, 2048, 512, 5, 0.051264 ms, 163.635 GB/s
   5, 0, Tesla P100-PCIE-16GB, 6.0, 715, 1189, 2097152, 56, 2048, 36, 2048, 512, 5, 0.055392 ms, 151.441 GB/s
   0, 0, Tesla P100-PCIE-16GB, 6.0, 715, 1189, 2097152, 56, 112, 2, 1024, 1024, 5, 0.02832 ms, 296.208 GB/s
   1, 0, Tesla P100-PCIE-16GB, 6.0, 715, 1189, 2097152, 56, 224, 4, 1024, 1024, 5, 0.030496 ms, 275.072 GB/s
   2, 0, Tesla P100-PCIE-16GB, 6.0, 715, 1189, 2097152, 56, 448, 8, 1024, 1024, 5, 0.03792 ms, 221.219 GB/s
   3, 0, Tesla P100-PCIE-16GB, 6.0, 715, 1189, 2097152, 56, 896, 16, 1024, 1024, 5, 0.057216 ms, 146.613 GB/s
   4, 0, Tesla P100-PCIE-16GB, 6.0, 715, 1189, 2097152, 56, 1024, 18, 1024, 1024, 5, 0.060576 ms, 138.481 GB/s
   0, 0, Tesla P100-PCIE-16GB, 6.0, 715, 1189, 4194304, 56, 112, 2, 32768, 64, 5, 0.08736 ms, 192.047 GB/s
   1, 0, Tesla P100-PCIE-16GB, 6.0, 715, 1189, 4194304, 56, 224, 4, 32768, 64, 5, 0.05536 ms, 303.057 GB/s
   2, 0, Tesla P100-PCIE-16GB, 6.0, 715, 1189, 4194304, 56, 448, 8, 32768, 64, 5, 0.040288 ms, 416.432 GB/s
   3, 0, Tesla P100-PCIE-16GB, 6.0, 715, 1189, 4194304, 56, 896, 16, 32768, 64, 5, 0.039776 ms, 421.792 GB/s
   4, 0, Tesla P100-PCIE-16GB, 6.0, 715, 1189, 4194304, 56, 1792, 32, 32768, 64, 5, 0.043744 ms, 383.532 GB/s
   5, 0, Tesla P100-PCIE-16GB, 6.0, 715, 1189, 4194304, 56, 3584, 64, 32768, 64, 5, 0.046912 ms, 357.632 GB/s
   6, 0, Tesla P100-PCIE-16GB, 6.0, 715, 1189, 4194304, 56, 7168, 128, 32768, 64, 5, 0.05104 ms, 328.707 GB/s
   7, 0, Tesla P100-PCIE-16GB, 6.0, 715, 1189, 4194304, 56, 14336, 256, 32768, 64, 5, 0.071648 ms, 234.162 GB/s
   8, 0, Tesla P100-PCIE-16GB, 6.0, 715, 1189, 4194304, 56, 28672, 512, 32768, 64, 5, 0.118176 ms, 141.968 GB/s
   9, 0, Tesla P100-PCIE-16GB, 6.0, 715, 1189, 4194304, 56, 32768, 585, 32768, 64, 5, 0.134848 ms, 124.416 GB/s
   0, 0, Tesla P100-PCIE-16GB, 6.0, 715, 1189, 4194304, 56, 112, 2, 16384, 128, 5, 0.055008 ms, 304.996 GB/s
   1, 0, Tesla P100-PCIE-16GB, 6.0, 715, 1189, 4194304, 56, 224, 4, 16384, 128, 5, 0.041184 ms, 407.372 GB/s
   2, 0, Tesla P100-PCIE-16GB, 6.0, 715, 1189, 4194304, 56, 448, 8, 16384, 128, 5, 0.039392 ms, 425.904 GB/s
   3, 0, Tesla P100-PCIE-16GB, 6.0, 715, 1189, 4194304, 56, 896, 16, 16384, 128, 5, 0.041408 ms, 405.168 GB/s
   4, 0, Tesla P100-PCIE-16GB, 6.0, 715, 1189, 4194304, 56, 1792, 32, 16384, 128, 5, 0.043456 ms, 386.074 GB/s
   5, 0, Tesla P100-PCIE-16GB, 6.0, 715, 1189, 4194304, 56, 3584, 64, 16384, 128, 5, 0.044384 ms, 378.001 GB/s
   6, 0, Tesla P100-PCIE-16GB, 6.0, 715, 1189, 4194304, 56, 7168, 128, 16384, 128, 5, 0.057664 ms, 290.948 GB/s
   7, 0, Tesla P100-PCIE-16GB, 6.0, 715, 1189, 4194304, 56, 14336, 256, 16384, 128, 5, 0.089856 ms, 186.712 GB/s
   8, 0, Tesla P100-PCIE-16GB, 6.0, 715, 1189, 4194304, 56, 16384, 292, 16384, 128, 5, 0.099392 ms, 168.798 GB/s
   0, 0, Tesla P100-PCIE-16GB, 6.0, 715, 1189, 4194304, 56, 112, 2, 8192, 256, 5, 0.0408 ms, 411.206 GB/s
   1, 0, Tesla P100-PCIE-16GB, 6.0, 715, 1189, 4194304, 56, 224, 4, 8192, 256, 5, 0.039072 ms, 429.392 GB/s
   2, 0, Tesla P100-PCIE-16GB, 6.0, 715, 1189, 4194304, 56, 448, 8, 8192, 256, 5, 0.040928 ms, 409.92 GB/s
   3, 0, Tesla P100-PCIE-16GB, 6.0, 715, 1189, 4194304, 56, 896, 16, 8192, 256, 5, 0.043392 ms, 386.643 GB/s
   4, 0, Tesla P100-PCIE-16GB, 6.0, 715, 1189, 4194304, 56, 1792, 32, 8192, 256, 5, 0.043264 ms, 387.787 GB/s
   5, 0, Tesla P100-PCIE-16GB, 6.0, 715, 1189, 4194304, 56, 3584, 64, 8192, 256, 5, 0.054496 ms, 307.861 GB/s
   6, 0, Tesla P100-PCIE-16GB, 6.0, 715, 1189, 4194304, 56, 7168, 128, 8192, 256, 5, 0.085856 ms, 195.411 GB/s
   7, 0, Tesla P100-PCIE-16GB, 6.0, 715, 1189, 4194304, 56, 8192, 146, 8192, 256, 5, 0.09344 ms, 179.551 GB/s
   0, 0, Tesla P100-PCIE-16GB, 6.0, 715, 1189, 4194304, 56, 112, 2, 4096, 512, 5, 0.039328 ms, 426.597 GB/s
   1, 0, Tesla P100-PCIE-16GB, 6.0, 715, 1189, 4194304, 56, 224, 4, 4096, 512, 5, 0.041888 ms, 400.526 GB/s
   2, 0, Tesla P100-PCIE-16GB, 6.0, 715, 1189, 4194304, 56, 448, 8, 4096, 512, 5, 0.044384 ms, 378.001 GB/s
   3, 0, Tesla P100-PCIE-16GB, 6.0, 715, 1189, 4194304, 56, 896, 16, 4096, 512, 5, 0.044192 ms, 379.644 GB/s
   4, 0, Tesla P100-PCIE-16GB, 6.0, 715, 1189, 4194304, 56, 1792, 32, 4096, 512, 5, 0.057216 ms, 293.226 GB/s
   5, 0, Tesla P100-PCIE-16GB, 6.0, 715, 1189, 4194304, 56, 3584, 64, 4096, 512, 5, 0.088992 ms, 188.525 GB/s
   6, 0, Tesla P100-PCIE-16GB, 6.0, 715, 1189, 4194304, 56, 4096, 73, 4096, 512, 5, 0.098784 ms, 169.837 GB/s
   0, 0, Tesla P100-PCIE-16GB, 6.0, 715, 1189, 4194304, 56, 112, 2, 2048, 1024, 5, 0.043104 ms, 389.226 GB/s
   1, 0, Tesla P100-PCIE-16GB, 6.0, 715, 1189, 4194304, 56, 224, 4, 2048, 1024, 5, 0.045952 ms, 365.103 GB/s
   2, 0, Tesla P100-PCIE-16GB, 6.0, 715, 1189, 4194304, 56, 448, 8, 2048, 1024, 5, 0.047712 ms, 351.635 GB/s
   3, 0, Tesla P100-PCIE-16GB, 6.0, 715, 1189, 4194304, 56, 896, 16, 2048, 1024, 5, 0.06384 ms, 262.801 GB/s
   4, 0, Tesla P100-PCIE-16GB, 6.0, 715, 1189, 4194304, 56, 1792, 32, 2048, 1024, 5, 0.099104 ms, 169.289 GB/s
   5, 0, Tesla P100-PCIE-16GB, 6.0, 715, 1189, 4194304, 56, 2048, 36, 2048, 1024, 5, 0.108768 ms, 154.248 GB/s
   0, 0, Tesla P100-PCIE-16GB, 6.0, 715, 1189, 8388608, 56, 112, 2, 65536, 64, 5, 0.164512 ms, 203.963 GB/s
   1, 0, Tesla P100-PCIE-16GB, 6.0, 715, 1189, 8388608, 56, 224, 4, 65536, 64, 5, 0.098944 ms, 339.125 GB/s
   2, 0, Tesla P100-PCIE-16GB, 6.0, 715, 1189, 8388608, 56, 448, 8, 65536, 64, 5, 0.071552 ms, 468.952 GB/s
   3, 0, Tesla P100-PCIE-16GB, 6.0, 715, 1189, 8388608, 56, 896, 16, 65536, 64, 5, 0.067712 ms, 495.546 GB/s
   4, 0, Tesla P100-PCIE-16GB, 6.0, 715, 1189, 8388608, 56, 1792, 32, 65536, 64, 5, 0.073216 ms, 458.294 GB/s
   5, 0, Tesla P100-PCIE-16GB, 6.0, 715, 1189, 8388608, 56, 3584, 64, 65536, 64, 5, 0.07504 ms, 447.154 GB/s
   6, 0, Tesla P100-PCIE-16GB, 6.0, 715, 1189, 8388608, 56, 7168, 128, 65536, 64, 5, 0.08048 ms, 416.929 GB/s
   7, 0, Tesla P100-PCIE-16GB, 6.0, 715, 1189, 8388608, 56, 14336, 256, 65536, 64, 5, 0.092448 ms, 362.955 GB/s
   8, 0, Tesla P100-PCIE-16GB, 6.0, 715, 1189, 8388608, 56, 28672, 512, 65536, 64, 5, 0.133568 ms, 251.216 GB/s
   9, 0, Tesla P100-PCIE-16GB, 6.0, 715, 1189, 8388608, 56, 57344, 1024, 65536, 64, 5, 0.230688 ms, 145.454 GB/s
  10, 0, Tesla P100-PCIE-16GB, 6.0, 715, 1189, 8388608, 56, 65536, 1170, 65536, 64, 5, 0.265344 ms, 126.456 GB/s
   0, 0, Tesla P100-PCIE-16GB, 6.0, 715, 1189, 8388608, 56, 112, 2, 32768, 128, 5, 0.099776 ms, 336.298 GB/s
   1, 0, Tesla P100-PCIE-16GB, 6.0, 715, 1189, 8388608, 56, 224, 4, 32768, 128, 5, 0.071424 ms, 469.792 GB/s
   2, 0, Tesla P100-PCIE-16GB, 6.0, 715, 1189, 8388608, 56, 448, 8, 32768, 128, 5, 0.068032 ms, 493.215 GB/s
   3, 0, Tesla P100-PCIE-16GB, 6.0, 715, 1189, 8388608, 56, 896, 16, 32768, 128, 5, 0.070784 ms, 474.04 GB/s
   4, 0, Tesla P100-PCIE-16GB, 6.0, 715, 1189, 8388608, 56, 1792, 32, 32768, 128, 5, 0.072224 ms, 464.588 GB/s
   5, 0, Tesla P100-PCIE-16GB, 6.0, 715, 1189, 8388608, 56, 3584, 64, 32768, 128, 5, 0.074336 ms, 451.389 GB/s
   6, 0, Tesla P100-PCIE-16GB, 6.0, 715, 1189, 8388608, 56, 7168, 128, 32768, 128, 5, 0.077344 ms, 433.834 GB/s
   7, 0, Tesla P100-PCIE-16GB, 6.0, 715, 1189, 8388608, 56, 14336, 256, 32768, 128, 5, 0.101792 ms, 329.637 GB/s
   8, 0, Tesla P100-PCIE-16GB, 6.0, 715, 1189, 8388608, 56, 28672, 512, 32768, 128, 5, 0.170464 ms, 196.842 GB/s
   9, 0, Tesla P100-PCIE-16GB, 6.0, 715, 1189, 8388608, 56, 32768, 585, 32768, 128, 5, 0.189408 ms, 177.154 GB/s
   0, 0, Tesla P100-PCIE-16GB, 6.0, 715, 1189, 8388608, 56, 112, 2, 16384, 256, 5, 0.07168 ms, 468.114 GB/s
   1, 0, Tesla P100-PCIE-16GB, 6.0, 715, 1189, 8388608, 56, 224, 4, 16384, 256, 5, 0.067264 ms, 498.847 GB/s
   2, 0, Tesla P100-PCIE-16GB, 6.0, 715, 1189, 8388608, 56, 448, 8, 16384, 256, 5, 0.0704 ms, 476.625 GB/s
   3, 0, Tesla P100-PCIE-16GB, 6.0, 715, 1189, 8388608, 56, 896, 16, 16384, 256, 5, 0.071936 ms, 466.448 GB/s
   4, 0, Tesla P100-PCIE-16GB, 6.0, 715, 1189, 8388608, 56, 1792, 32, 16384, 256, 5, 0.0728 ms, 460.913 GB/s
   5, 0, Tesla P100-PCIE-16GB, 6.0, 715, 1189, 8388608, 56, 3584, 64, 16384, 256, 5, 0.073888 ms, 454.126 GB/s
   6, 0, Tesla P100-PCIE-16GB, 6.0, 715, 1189, 8388608, 56, 7168, 128, 16384, 256, 5, 0.097568 ms, 343.908 GB/s
   7, 0, Tesla P100-PCIE-16GB, 6.0, 715, 1189, 8388608, 56, 14336, 256, 16384, 256, 5, 0.161664 ms, 207.557 GB/s
   8, 0, Tesla P100-PCIE-16GB, 6.0, 715, 1189, 8388608, 56, 16384, 292, 16384, 256, 5, 0.179712 ms, 186.712 GB/s
   0, 0, Tesla P100-PCIE-16GB, 6.0, 715, 1189, 8388608, 56, 112, 2, 8192, 512, 5, 0.06768 ms, 495.781 GB/s
   1, 0, Tesla P100-PCIE-16GB, 6.0, 715, 1189, 8388608, 56, 224, 4, 8192, 512, 5, 0.071424 ms, 469.792 GB/s
   2, 0, Tesla P100-PCIE-16GB, 6.0, 715, 1189, 8388608, 56, 448, 8, 8192, 512, 5, 0.073344 ms, 457.494 GB/s
   3, 0, Tesla P100-PCIE-16GB, 6.0, 715, 1189, 8388608, 56, 896, 16, 8192, 512, 5, 0.0752 ms, 446.203 GB/s
   4, 0, Tesla P100-PCIE-16GB, 6.0, 715, 1189, 8388608, 56, 1792, 32, 8192, 512, 5, 0.075296 ms, 445.634 GB/s
   5, 0, Tesla P100-PCIE-16GB, 6.0, 715, 1189, 8388608, 56, 3584, 64, 8192, 512, 5, 0.100832 ms, 332.776 GB/s
   6, 0, Tesla P100-PCIE-16GB, 6.0, 715, 1189, 8388608, 56, 7168, 128, 8192, 512, 5, 0.168288 ms, 199.387 GB/s
   7, 0, Tesla P100-PCIE-16GB, 6.0, 715, 1189, 8388608, 56, 8192, 146, 8192, 512, 5, 0.186432 ms, 179.982 GB/s
   0, 0, Tesla P100-PCIE-16GB, 6.0, 715, 1189, 8388608, 56, 112, 2, 4096, 1024, 5, 0.071808 ms, 467.28 GB/s
   1, 0, Tesla P100-PCIE-16GB, 6.0, 715, 1189, 8388608, 56, 224, 4, 4096, 1024, 5, 0.074656 ms, 449.454 GB/s
   2, 0, Tesla P100-PCIE-16GB, 6.0, 715, 1189, 8388608, 56, 448, 8, 4096, 1024, 5, 0.07728 ms, 434.193 GB/s
   3, 0, Tesla P100-PCIE-16GB, 6.0, 715, 1189, 8388608, 56, 896, 16, 4096, 1024, 5, 0.080352 ms, 417.593 GB/s
   4, 0, Tesla P100-PCIE-16GB, 6.0, 715, 1189, 8388608, 56, 1792, 32, 4096, 1024, 5, 0.11216 ms, 299.166 GB/s
   5, 0, Tesla P100-PCIE-16GB, 6.0, 715, 1189, 8388608, 56, 3584, 64, 4096, 1024, 5, 0.185216 ms, 181.164 GB/s
   6, 0, Tesla P100-PCIE-16GB, 6.0, 715, 1189, 8388608, 56, 4096, 73, 4096, 1024, 5, 0.204 ms, 164.483 GB/s
   0, 0, Tesla P100-PCIE-16GB, 6.0, 715, 1189, 16777216, 56, 112, 2, 131072, 64, 5, 0.318528 ms, 210.684 GB/s
   1, 0, Tesla P100-PCIE-16GB, 6.0, 715, 1189, 16777216, 56, 224, 4, 131072, 64, 5, 0.18848 ms, 356.053 GB/s
   2, 0, Tesla P100-PCIE-16GB, 6.0, 715, 1189, 16777216, 56, 448, 8, 131072, 64, 5, 0.131872 ms, 508.894 GB/s
   3, 0, Tesla P100-PCIE-16GB, 6.0, 715, 1189, 16777216, 56, 896, 16, 131072, 64, 5, 0.125312 ms, 535.534 GB/s
   4, 0, Tesla P100-PCIE-16GB, 6.0, 715, 1189, 16777216, 56, 1792, 32, 131072, 64, 5, 0.131744 ms, 509.388 GB/s
   5, 0, Tesla P100-PCIE-16GB, 6.0, 715, 1189, 16777216, 56, 3584, 64, 131072, 64, 5, 0.134304 ms, 499.679 GB/s
   6, 0, Tesla P100-PCIE-16GB, 6.0, 715, 1189, 16777216, 56, 7168, 128, 131072, 64, 5, 0.13904 ms, 482.659 GB/s
   7, 0, Tesla P100-PCIE-16GB, 6.0, 715, 1189, 16777216, 56, 14336, 256, 131072, 64, 5, 0.152416 ms, 440.301 GB/s
   8, 0, Tesla P100-PCIE-16GB, 6.0, 715, 1189, 16777216, 56, 28672, 512, 131072, 64, 5, 0.174624 ms, 384.305 GB/s
   9, 0, Tesla P100-PCIE-16GB, 6.0, 715, 1189, 16777216, 56, 57344, 1024, 131072, 64, 5, 0.258464 ms, 259.645 GB/s
  10, 0, Tesla P100-PCIE-16GB, 6.0, 715, 1189, 16777216, 56, 114688, 2048, 131072, 64, 5, 0.459232 ms, 146.133 GB/s
  11, 0, Tesla P100-PCIE-16GB, 6.0, 715, 1189, 16777216, 56, 131072, 2340, 131072, 64, 5, 0.529376 ms, 126.77 GB/s
   0, 0, Tesla P100-PCIE-16GB, 6.0, 715, 1189, 16777216, 56, 112, 2, 65536, 128, 5, 0.18784 ms, 357.266 GB/s
   1, 0, Tesla P100-PCIE-16GB, 6.0, 715, 1189, 16777216, 56, 224, 4, 65536, 128, 5, 0.132128 ms, 507.908 GB/s
   2, 0, Tesla P100-PCIE-16GB, 6.0, 715, 1189, 16777216, 56, 448, 8, 65536, 128, 5, 0.124032 ms, 541.061 GB/s
   3, 0, Tesla P100-PCIE-16GB, 6.0, 715, 1189, 16777216, 56, 896, 16, 65536, 128, 5, 0.127936 ms, 524.55 GB/s
   4, 0, Tesla P100-PCIE-16GB, 6.0, 715, 1189, 16777216, 56, 1792, 32, 65536, 128, 5, 0.130048 ms, 516.031 GB/s
   5, 0, Tesla P100-PCIE-16GB, 6.0, 715, 1189, 16777216, 56, 3584, 64, 65536, 128, 5, 0.130368 ms, 514.765 GB/s
   6, 0, Tesla P100-PCIE-16GB, 6.0, 715, 1189, 16777216, 56, 7168, 128, 65536, 128, 5, 0.1352 ms, 496.367 GB/s
   7, 0, Tesla P100-PCIE-16GB, 6.0, 715, 1189, 16777216, 56, 14336, 256, 65536, 128, 5, 0.140224 ms, 478.583 GB/s
   8, 0, Tesla P100-PCIE-16GB, 6.0, 715, 1189, 16777216, 56, 28672, 512, 65536, 128, 5, 0.187904 ms, 357.144 GB/s
   9, 0, Tesla P100-PCIE-16GB, 6.0, 715, 1189, 16777216, 56, 57344, 1024, 65536, 128, 5, 0.331328 ms, 202.545 GB/s
  10, 0, Tesla P100-PCIE-16GB, 6.0, 715, 1189, 16777216, 56, 65536, 1170, 65536, 128, 5, 0.369824 ms, 181.462 GB/s
   0, 0, Tesla P100-PCIE-16GB, 6.0, 715, 1189, 16777216, 56, 112, 2, 32768, 256, 5, 0.134304 ms, 499.679 GB/s
   1, 0, Tesla P100-PCIE-16GB, 6.0, 715, 1189, 16777216, 56, 224, 4, 32768, 256, 5, 0.124384 ms, 539.53 GB/s
   2, 0, Tesla P100-PCIE-16GB, 6.0, 715, 1189, 16777216, 56, 448, 8, 32768, 256, 5, 0.127552 ms, 526.129 GB/s
   3, 0, Tesla P100-PCIE-16GB, 6.0, 715, 1189, 16777216, 56, 896, 16, 32768, 256, 5, 0.12864 ms, 521.68 GB/s
   4, 0, Tesla P100-PCIE-16GB, 6.0, 715, 1189, 16777216, 56, 1792, 32, 32768, 256, 5, 0.128576 ms, 521.939 GB/s
   5, 0, Tesla P100-PCIE-16GB, 6.0, 715, 1189, 16777216, 56, 3584, 64, 32768, 256, 5, 0.13152 ms, 510.256 GB/s
   6, 0, Tesla P100-PCIE-16GB, 6.0, 715, 1189, 16777216, 56, 7168, 128, 32768, 256, 5, 0.130592 ms, 513.882 GB/s
   7, 0, Tesla P100-PCIE-16GB, 6.0, 715, 1189, 16777216, 56, 14336, 256, 32768, 256, 5, 0.179776 ms, 373.292 GB/s
   8, 0, Tesla P100-PCIE-16GB, 6.0, 715, 1189, 16777216, 56, 28672, 512, 32768, 256, 5, 0.309856 ms, 216.581 GB/s
   9, 0, Tesla P100-PCIE-16GB, 6.0, 715, 1189, 16777216, 56, 32768, 585, 32768, 256, 5, 0.34544 ms, 194.271 GB/s
   0, 0, Tesla P100-PCIE-16GB, 6.0, 715, 1189, 16777216, 56, 112, 2, 16384, 512, 5, 0.123552 ms, 543.163 GB/s
   1, 0, Tesla P100-PCIE-16GB, 6.0, 715, 1189, 16777216, 56, 224, 4, 16384, 512, 5, 0.130016 ms, 516.158 GB/s
   2, 0, Tesla P100-PCIE-16GB, 6.0, 715, 1189, 16777216, 56, 448, 8, 16384, 512, 5, 0.129504 ms, 518.199 GB/s
   3, 0, Tesla P100-PCIE-16GB, 6.0, 715, 1189, 16777216, 56, 896, 16, 16384, 512, 5, 0.131584 ms, 510.008 GB/s
   4, 0, Tesla P100-PCIE-16GB, 6.0, 715, 1189, 16777216, 56, 1792, 32, 16384, 512, 5, 0.132128 ms, 507.908 GB/s
   5, 0, Tesla P100-PCIE-16GB, 6.0, 715, 1189, 16777216, 56, 3584, 64, 16384, 512, 5, 0.13104 ms, 512.125 GB/s
   6, 0, Tesla P100-PCIE-16GB, 6.0, 715, 1189, 16777216, 56, 7168, 128, 16384, 512, 5, 0.185056 ms, 362.641 GB/s
   7, 0, Tesla P100-PCIE-16GB, 6.0, 715, 1189, 16777216, 56, 14336, 256, 16384, 512, 5, 0.322112 ms, 208.34 GB/s
   8, 0, Tesla P100-PCIE-16GB, 6.0, 715, 1189, 16777216, 56, 16384, 292, 16384, 512, 5, 0.358592 ms, 187.145 GB/s
   0, 0, Tesla P100-PCIE-16GB, 6.0, 715, 1189, 16777216, 56, 112, 2, 8192, 1024, 5, 0.129632 ms, 517.687 GB/s
   1, 0, Tesla P100-PCIE-16GB, 6.0, 715, 1189, 16777216, 56, 224, 4, 8192, 1024, 5, 0.13312 ms, 504.123 GB/s
   2, 0, Tesla P100-PCIE-16GB, 6.0, 715, 1189, 16777216, 56, 448, 8, 8192, 1024, 5, 0.133504 ms, 502.673 GB/s
   3, 0, Tesla P100-PCIE-16GB, 6.0, 715, 1189, 16777216, 56, 896, 16, 8192, 1024, 5, 0.137632 ms, 487.596 GB/s
   4, 0, Tesla P100-PCIE-16GB, 6.0, 715, 1189, 16777216, 56, 1792, 32, 8192, 1024, 5, 0.145248 ms, 462.03 GB/s
   5, 0, Tesla P100-PCIE-16GB, 6.0, 715, 1189, 16777216, 56, 3584, 64, 8192, 1024, 5, 0.20832 ms, 322.143 GB/s
   6, 0, Tesla P100-PCIE-16GB, 6.0, 715, 1189, 16777216, 56, 7168, 128, 8192, 1024, 5, 0.357792 ms, 187.564 GB/s
   7, 0, Tesla P100-PCIE-16GB, 6.0, 715, 1189, 16777216, 56, 8192, 146, 8192, 1024, 5, 0.396576 ms, 169.221 GB/s
   0, 0, Tesla P100-PCIE-16GB, 6.0, 715, 1189, 33554432, 56, 112, 2, 262144, 64, 5, 0.629888 ms, 213.082 GB/s
   1, 0, Tesla P100-PCIE-16GB, 6.0, 715, 1189, 33554432, 56, 224, 4, 262144, 64, 5, 0.365184 ms, 367.535 GB/s
   2, 0, Tesla P100-PCIE-16GB, 6.0, 715, 1189, 33554432, 56, 448, 8, 262144, 64, 5, 0.256832 ms, 522.59 GB/s
   3, 0, Tesla P100-PCIE-16GB, 6.0, 715, 1189, 33554432, 56, 896, 16, 262144, 64, 5, 0.239616 ms, 560.137 GB/s
   4, 0, Tesla P100-PCIE-16GB, 6.0, 715, 1189, 33554432, 56, 1792, 32, 262144, 64, 5, 0.247904 ms, 541.41 GB/s
   5, 0, Tesla P100-PCIE-16GB, 6.0, 715, 1189, 33554432, 56, 3584, 64, 262144, 64, 5, 0.254048 ms, 528.316 GB/s
   6, 0, Tesla P100-PCIE-16GB, 6.0, 715, 1189, 33554432, 56, 7168, 128, 262144, 64, 5, 0.256992 ms, 522.264 GB/s
   7, 0, Tesla P100-PCIE-16GB, 6.0, 715, 1189, 33554432, 56, 14336, 256, 262144, 64, 5, 0.268512 ms, 499.857 GB/s
   8, 0, Tesla P100-PCIE-16GB, 6.0, 715, 1189, 33554432, 56, 28672, 512, 262144, 64, 5, 0.294592 ms, 455.605 GB/s
   9, 0, Tesla P100-PCIE-16GB, 6.0, 715, 1189, 33554432, 56, 57344, 1024, 262144, 64, 5, 0.346144 ms, 387.751 GB/s
  10, 0, Tesla P100-PCIE-16GB, 6.0, 715, 1189, 33554432, 56, 114688, 2048, 262144, 64, 5, 0.498432 ms, 269.28 GB/s
  11, 0, Tesla P100-PCIE-16GB, 6.0, 715, 1189, 33554432, 56, 229376, 4096, 262144, 64, 5, 0.930592 ms, 144.228 GB/s
  12, 0, Tesla P100-PCIE-16GB, 6.0, 715, 1189, 33554432, 56, 262144, 4681, 262144, 64, 5, 1.0457 ms, 128.353 GB/s
   0, 0, Tesla P100-PCIE-16GB, 6.0, 715, 1189, 33554432, 56, 112, 2, 131072, 128, 5, 0.36896 ms, 363.773 GB/s
   1, 0, Tesla P100-PCIE-16GB, 6.0, 715, 1189, 33554432, 56, 224, 4, 131072, 128, 5, 0.257536 ms, 521.161 GB/s
   2, 0, Tesla P100-PCIE-16GB, 6.0, 715, 1189, 33554432, 56, 448, 8, 131072, 128, 5, 0.239712 ms, 559.912 GB/s
   3, 0, Tesla P100-PCIE-16GB, 6.0, 715, 1189, 33554432, 56, 896, 16, 131072, 128, 5, 0.243808 ms, 550.506 GB/s
   4, 0, Tesla P100-PCIE-16GB, 6.0, 715, 1189, 33554432, 56, 1792, 32, 131072, 128, 5, 0.247872 ms, 541.48 GB/s
   5, 0, Tesla P100-PCIE-16GB, 6.0, 715, 1189, 33554432, 56, 3584, 64, 131072, 128, 5, 0.248672 ms, 539.738 GB/s
   6, 0, Tesla P100-PCIE-16GB, 6.0, 715, 1189, 33554432, 56, 7168, 128, 131072, 128, 5, 0.250144 ms, 536.562 GB/s
   7, 0, Tesla P100-PCIE-16GB, 6.0, 715, 1189, 33554432, 56, 14336, 256, 131072, 128, 5, 0.258016 ms, 520.192 GB/s
   8, 0, Tesla P100-PCIE-16GB, 6.0, 715, 1189, 33554432, 56, 28672, 512, 131072, 128, 5, 0.268352 ms, 500.155 GB/s
   9, 0, Tesla P100-PCIE-16GB, 6.0, 715, 1189, 33554432, 56, 57344, 1024, 131072, 128, 5, 0.369216 ms, 363.521 GB/s
  10, 0, Tesla P100-PCIE-16GB, 6.0, 715, 1189, 33554432, 56, 114688, 2048, 131072, 128, 5, 0.65136 ms, 206.058 GB/s
  11, 0, Tesla P100-PCIE-16GB, 6.0, 715, 1189, 33554432, 56, 131072, 2340, 131072, 128, 5, 0.729984 ms, 183.864 GB/s
   0, 0, Tesla P100-PCIE-16GB, 6.0, 715, 1189, 33554432, 56, 112, 2, 65536, 256, 5, 0.261376 ms, 513.504 GB/s
   1, 0, Tesla P100-PCIE-16GB, 6.0, 715, 1189, 33554432, 56, 224, 4, 65536, 256, 5, 0.240608 ms, 557.827 GB/s
   2, 0, Tesla P100-PCIE-16GB, 6.0, 715, 1189, 33554432, 56, 448, 8, 65536, 256, 5, 0.241856 ms, 554.949 GB/s
   3, 0, Tesla P100-PCIE-16GB, 6.0, 715, 1189, 33554432, 56, 896, 16, 65536, 256, 5, 0.247008 ms, 543.374 GB/s
   4, 0, Tesla P100-PCIE-16GB, 6.0, 715, 1189, 33554432, 56, 1792, 32, 65536, 256, 5, 0.248224 ms, 540.712 GB/s
   5, 0, Tesla P100-PCIE-16GB, 6.0, 715, 1189, 33554432, 56, 3584, 64, 65536, 256, 5, 0.246176 ms, 545.21 GB/s
   6, 0, Tesla P100-PCIE-16GB, 6.0, 715, 1189, 33554432, 56, 7168, 128, 65536, 256, 5, 0.250048 ms, 536.768 GB/s
   7, 0, Tesla P100-PCIE-16GB, 6.0, 715, 1189, 33554432, 56, 14336, 256, 65536, 256, 5, 0.2496 ms, 537.731 GB/s
   8, 0, Tesla P100-PCIE-16GB, 6.0, 715, 1189, 33554432, 56, 28672, 512, 65536, 256, 5, 0.352736 ms, 380.505 GB/s
   9, 0, Tesla P100-PCIE-16GB, 6.0, 715, 1189, 33554432, 56, 57344, 1024, 65536, 256, 5, 0.615232 ms, 218.158 GB/s
  10, 0, Tesla P100-PCIE-16GB, 6.0, 715, 1189, 33554432, 56, 65536, 1170, 65536, 256, 5, 0.686912 ms, 195.393 GB/s
   0, 0, Tesla P100-PCIE-16GB, 6.0, 715, 1189, 33554432, 56, 112, 2, 32768, 512, 5, 0.241824 ms, 555.022 GB/s
   1, 0, Tesla P100-PCIE-16GB, 6.0, 715, 1189, 33554432, 56, 224, 4, 32768, 512, 5, 0.250144 ms, 536.562 GB/s
   2, 0, Tesla P100-PCIE-16GB, 6.0, 715, 1189, 33554432, 56, 448, 8, 32768, 512, 5, 0.248352 ms, 540.433 GB/s
   3, 0, Tesla P100-PCIE-16GB, 6.0, 715, 1189, 33554432, 56, 896, 16, 32768, 512, 5, 0.250688 ms, 535.398 GB/s
   4, 0, Tesla P100-PCIE-16GB, 6.0, 715, 1189, 33554432, 56, 1792, 32, 32768, 512, 5, 0.248928 ms, 539.183 GB/s
   5, 0, Tesla P100-PCIE-16GB, 6.0, 715, 1189, 33554432, 56, 3584, 64, 32768, 512, 5, 0.250176 ms, 536.493 GB/s
   6, 0, Tesla P100-PCIE-16GB, 6.0, 715, 1189, 33554432, 56, 7168, 128, 32768, 512, 5, 0.250048 ms, 536.768 GB/s
   7, 0, Tesla P100-PCIE-16GB, 6.0, 715, 1189, 33554432, 56, 14336, 256, 32768, 512, 5, 0.36032 ms, 372.496 GB/s
   8, 0, Tesla P100-PCIE-16GB, 6.0, 715, 1189, 33554432, 56, 28672, 512, 32768, 512, 5, 0.633728 ms, 211.791 GB/s
   9, 0, Tesla P100-PCIE-16GB, 6.0, 715, 1189, 33554432, 56, 32768, 585, 32768, 512, 5, 0.70704 ms, 189.83 GB/s
   0, 0, Tesla P100-PCIE-16GB, 6.0, 715, 1189, 33554432, 56, 112, 2, 16384, 1024, 5, 0.247552 ms, 542.18 GB/s
   1, 0, Tesla P100-PCIE-16GB, 6.0, 715, 1189, 33554432, 56, 224, 4, 16384, 1024, 5, 0.252416 ms, 531.732 GB/s
   2, 0, Tesla P100-PCIE-16GB, 6.0, 715, 1189, 33554432, 56, 448, 8, 16384, 1024, 5, 0.256608 ms, 523.046 GB/s
   3, 0, Tesla P100-PCIE-16GB, 6.0, 715, 1189, 33554432, 56, 896, 16, 16384, 1024, 5, 0.252064 ms, 532.475 GB/s
   4, 0, Tesla P100-PCIE-16GB, 6.0, 715, 1189, 33554432, 56, 1792, 32, 16384, 1024, 5, 0.254368 ms, 527.652 GB/s
   5, 0, Tesla P100-PCIE-16GB, 6.0, 715, 1189, 33554432, 56, 3584, 64, 16384, 1024, 5, 0.271392 ms, 494.553 GB/s
   6, 0, Tesla P100-PCIE-16GB, 6.0, 715, 1189, 33554432, 56, 7168, 128, 16384, 1024, 5, 0.40176 ms, 334.074 GB/s
   7, 0, Tesla P100-PCIE-16GB, 6.0, 715, 1189, 33554432, 56, 14336, 256, 16384, 1024, 5, 0.701888 ms, 191.224 GB/s
   8, 0, Tesla P100-PCIE-16GB, 6.0, 715, 1189, 33554432, 56, 16384, 292, 16384, 1024, 5, 0.779232 ms, 172.244 GB/s
   0, 0, Tesla P100-PCIE-16GB, 6.0, 715, 1189, 67108864, 56, 112, 2, 524288, 64, 5, 1.2503 ms, 214.696 GB/s
   1, 0, Tesla P100-PCIE-16GB, 6.0, 715, 1189, 67108864, 56, 224, 4, 524288, 64, 5, 0.7192 ms, 373.242 GB/s
   2, 0, Tesla P100-PCIE-16GB, 6.0, 715, 1189, 67108864, 56, 448, 8, 524288, 64, 5, 0.505888 ms, 530.622 GB/s
   3, 0, Tesla P100-PCIE-16GB, 6.0, 715, 1189, 67108864, 56, 896, 16, 524288, 64, 5, 0.471648 ms, 569.144 GB/s
   4, 0, Tesla P100-PCIE-16GB, 6.0, 715, 1189, 67108864, 56, 1792, 32, 524288, 64, 5, 0.479424 ms, 559.912 GB/s
   5, 0, Tesla P100-PCIE-16GB, 6.0, 715, 1189, 67108864, 56, 3584, 64, 524288, 64, 5, 0.492384 ms, 545.175 GB/s
   6, 0, Tesla P100-PCIE-16GB, 6.0, 715, 1189, 67108864, 56, 7168, 128, 524288, 64, 5, 0.495744 ms, 541.48 GB/s
   7, 0, Tesla P100-PCIE-16GB, 6.0, 715, 1189, 67108864, 56, 14336, 256, 524288, 64, 5, 0.505824 ms, 530.689 GB/s
   8, 0, Tesla P100-PCIE-16GB, 6.0, 715, 1189, 67108864, 56, 28672, 512, 524288, 64, 5, 0.529568 ms, 506.895 GB/s
   9, 0, Tesla P100-PCIE-16GB, 6.0, 715, 1189, 67108864, 56, 57344, 1024, 524288, 64, 5, 0.575648 ms, 466.319 GB/s
  10, 0, Tesla P100-PCIE-16GB, 6.0, 715, 1189, 67108864, 56, 114688, 2048, 524288, 64, 5, 0.670816 ms, 400.163 GB/s
  11, 0, Tesla P100-PCIE-16GB, 6.0, 715, 1189, 67108864, 56, 229376, 4096, 524288, 64, 5, 1.01338 ms, 264.892 GB/s
  12, 0, Tesla P100-PCIE-16GB, 6.0, 715, 1189, 67108864, 56, 458752, 8192, 524288, 64, 5, 1.84736 ms, 145.308 GB/s
  13, 0, Tesla P100-PCIE-16GB, 6.0, 715, 1189, 67108864, 56, 524288, 9362, 524288, 64, 5, 2.09011 ms, 128.431 GB/s
   0, 0, Tesla P100-PCIE-16GB, 6.0, 715, 1189, 67108864, 56, 112, 2, 262144, 128, 5, 0.725248 ms, 370.129 GB/s
   1, 0, Tesla P100-PCIE-16GB, 6.0, 715, 1189, 67108864, 56, 224, 4, 262144, 128, 5, 0.50704 ms, 529.417 GB/s
   2, 0, Tesla P100-PCIE-16GB, 6.0, 715, 1189, 67108864, 56, 448, 8, 262144, 128, 5, 0.4672 ms, 574.562 GB/s
   3, 0, Tesla P100-PCIE-16GB, 6.0, 715, 1189, 67108864, 56, 896, 16, 262144, 128, 5, 0.476288 ms, 563.599 GB/s
   4, 0, Tesla P100-PCIE-16GB, 6.0, 715, 1189, 67108864, 56, 1792, 32, 262144, 128, 5, 0.484256 ms, 554.326 GB/s
   5, 0, Tesla P100-PCIE-16GB, 6.0, 715, 1189, 67108864, 56, 3584, 64, 262144, 128, 5, 0.486944 ms, 551.266 GB/s
   6, 0, Tesla P100-PCIE-16GB, 6.0, 715, 1189, 67108864, 56, 7168, 128, 262144, 128, 5, 0.485152 ms, 553.302 GB/s
   7, 0, Tesla P100-PCIE-16GB, 6.0, 715, 1189, 67108864, 56, 14336, 256, 262144, 128, 5, 0.495776 ms, 541.445 GB/s
   8, 0, Tesla P100-PCIE-16GB, 6.0, 715, 1189, 67108864, 56, 28672, 512, 262144, 128, 5, 0.50032 ms, 536.528 GB/s
   9, 0, Tesla P100-PCIE-16GB, 6.0, 715, 1189, 67108864, 56, 57344, 1024, 262144, 128, 5, 0.521408 ms, 514.828 GB/s
  10, 0, Tesla P100-PCIE-16GB, 6.0, 715, 1189, 67108864, 56, 114688, 2048, 262144, 128, 5, 0.727488 ms, 368.99 GB/s
  11, 0, Tesla P100-PCIE-16GB, 6.0, 715, 1189, 67108864, 56, 229376, 4096, 262144, 128, 5, 1.29757 ms, 206.876 GB/s
  12, 0, Tesla P100-PCIE-16GB, 6.0, 715, 1189, 67108864, 56, 262144, 4681, 262144, 128, 5, 1.45398 ms, 184.621 GB/s
   0, 0, Tesla P100-PCIE-16GB, 6.0, 715, 1189, 67108864, 56, 112, 2, 131072, 256, 5, 0.515424 ms, 520.805 GB/s
   1, 0, Tesla P100-PCIE-16GB, 6.0, 715, 1189, 67108864, 56, 224, 4, 131072, 256, 5, 0.47472 ms, 565.461 GB/s
   2, 0, Tesla P100-PCIE-16GB, 6.0, 715, 1189, 67108864, 56, 448, 8, 131072, 256, 5, 0.474816 ms, 565.346 GB/s
   3, 0, Tesla P100-PCIE-16GB, 6.0, 715, 1189, 67108864, 56, 896, 16, 131072, 256, 5, 0.483744 ms, 554.912 GB/s
   4, 0, Tesla P100-PCIE-16GB, 6.0, 715, 1189, 67108864, 56, 1792, 32, 131072, 256, 5, 0.487072 ms, 551.121 GB/s
   5, 0, Tesla P100-PCIE-16GB, 6.0, 715, 1189, 67108864, 56, 3584, 64, 131072, 256, 5, 0.483072 ms, 555.684 GB/s
   6, 0, Tesla P100-PCIE-16GB, 6.0, 715, 1189, 67108864, 56, 7168, 128, 131072, 256, 5, 0.484064 ms, 554.545 GB/s
   7, 0, Tesla P100-PCIE-16GB, 6.0, 715, 1189, 67108864, 56, 14336, 256, 131072, 256, 5, 0.478816 ms, 560.623 GB/s
   8, 0, Tesla P100-PCIE-16GB, 6.0, 715, 1189, 67108864, 56, 28672, 512, 131072, 256, 5, 0.482752 ms, 556.052 GB/s
   9, 0, Tesla P100-PCIE-16GB, 6.0, 715, 1189, 67108864, 56, 57344, 1024, 131072, 256, 5, 0.68368 ms, 392.633 GB/s
  10, 0, Tesla P100-PCIE-16GB, 6.0, 715, 1189, 67108864, 56, 114688, 2048, 131072, 256, 5, 1.21171 ms, 221.534 GB/s
  11, 0, Tesla P100-PCIE-16GB, 6.0, 715, 1189, 67108864, 56, 131072, 2340, 131072, 256, 5, 1.35584 ms, 197.985 GB/s
   0, 0, Tesla P100-PCIE-16GB, 6.0, 715, 1189, 67108864, 56, 112, 2, 65536, 512, 5, 0.476736 ms, 563.069 GB/s
   1, 0, Tesla P100-PCIE-16GB, 6.0, 715, 1189, 67108864, 56, 224, 4, 65536, 512, 5, 0.482336 ms, 556.532 GB/s
   2, 0, Tesla P100-PCIE-16GB, 6.0, 715, 1189, 67108864, 56, 448, 8, 65536, 512, 5, 0.490496 ms, 547.273 GB/s
   3, 0, Tesla P100-PCIE-16GB, 6.0, 715, 1189, 67108864, 56, 896, 16, 65536, 512, 5, 0.491904 ms, 545.707 GB/s
   4, 0, Tesla P100-PCIE-16GB, 6.0, 715, 1189, 67108864, 56, 1792, 32, 65536, 512, 5, 0.484256 ms, 554.326 GB/s
   5, 0, Tesla P100-PCIE-16GB, 6.0, 715, 1189, 67108864, 56, 3584, 64, 65536, 512, 5, 0.483456 ms, 555.243 GB/s
   6, 0, Tesla P100-PCIE-16GB, 6.0, 715, 1189, 67108864, 56, 7168, 128, 65536, 512, 5, 0.476544 ms, 563.296 GB/s
   7, 0, Tesla P100-PCIE-16GB, 6.0, 715, 1189, 67108864, 56, 14336, 256, 65536, 512, 5, 0.480448 ms, 558.719 GB/s
   8, 0, Tesla P100-PCIE-16GB, 6.0, 715, 1189, 67108864, 56, 28672, 512, 65536, 512, 5, 0.705568 ms, 380.453 GB/s
   9, 0, Tesla P100-PCIE-16GB, 6.0, 715, 1189, 67108864, 56, 57344, 1024, 65536, 512, 5, 1.25533 ms, 213.837 GB/s
  10, 0, Tesla P100-PCIE-16GB, 6.0, 715, 1189, 67108864, 56, 65536, 1170, 65536, 512, 5, 1.40301 ms, 191.329 GB/s
   0, 0, Tesla P100-PCIE-16GB, 6.0, 715, 1189, 67108864, 56, 112, 2, 32768, 1024, 5, 0.48096 ms, 558.124 GB/s
   1, 0, Tesla P100-PCIE-16GB, 6.0, 715, 1189, 67108864, 56, 224, 4, 32768, 1024, 5, 0.491904 ms, 545.707 GB/s
   2, 0, Tesla P100-PCIE-16GB, 6.0, 715, 1189, 67108864, 56, 448, 8, 32768, 1024, 5, 0.495872 ms, 541.34 GB/s
   3, 0, Tesla P100-PCIE-16GB, 6.0, 715, 1189, 67108864, 56, 896, 16, 32768, 1024, 5, 0.497152 ms, 539.946 GB/s
   4, 0, Tesla P100-PCIE-16GB, 6.0, 715, 1189, 67108864, 56, 1792, 32, 32768, 1024, 5, 0.485536 ms, 552.864 GB/s
   5, 0, Tesla P100-PCIE-16GB, 6.0, 715, 1189, 67108864, 56, 3584, 64, 32768, 1024, 5, 0.4816 ms, 557.383 GB/s
   6, 0, Tesla P100-PCIE-16GB, 6.0, 715, 1189, 67108864, 56, 7168, 128, 32768, 1024, 5, 0.531552 ms, 505.003 GB/s
   7, 0, Tesla P100-PCIE-16GB, 6.0, 715, 1189, 67108864, 56, 14336, 256, 32768, 1024, 5, 0.791648 ms, 339.084 GB/s
   8, 0, Tesla P100-PCIE-16GB, 6.0, 715, 1189, 67108864, 56, 28672, 512, 32768, 1024, 5, 1.39408 ms, 192.554 GB/s
   9, 0, Tesla P100-PCIE-16GB, 6.0, 715, 1189, 67108864, 56, 32768, 585, 32768, 1024, 5, 1.55043 ms, 173.136 GB/s
   0, 0, Tesla P100-PCIE-16GB, 6.0, 715, 1189, 134217728, 56, 112, 2, 1048576, 64, 5, 2.49139 ms, 215.49 GB/s
   1, 0, Tesla P100-PCIE-16GB, 6.0, 715, 1189, 134217728, 56, 224, 4, 1048576, 64, 5, 1.43603 ms, 373.857 GB/s
   2, 0, Tesla P100-PCIE-16GB, 6.0, 715, 1189, 134217728, 56, 448, 8, 1048576, 64, 5, 1.00749 ms, 532.881 GB/s
   3, 0, Tesla P100-PCIE-16GB, 6.0, 715, 1189, 134217728, 56, 896, 16, 1048576, 64, 5, 0.932096 ms, 575.982 GB/s
   4, 0, Tesla P100-PCIE-16GB, 6.0, 715, 1189, 134217728, 56, 1792, 32, 1048576, 64, 5, 0.946752 ms, 567.066 GB/s
   5, 0, Tesla P100-PCIE-16GB, 6.0, 715, 1189, 134217728, 56, 3584, 64, 1048576, 64, 5, 0.9704 ms, 553.247 GB/s
   6, 0, Tesla P100-PCIE-16GB, 6.0, 715, 1189, 134217728, 56, 7168, 128, 1048576, 64, 5, 0.976704 ms, 549.676 GB/s
   7, 0, Tesla P100-PCIE-16GB, 6.0, 715, 1189, 134217728, 56, 14336, 256, 1048576, 64, 5, 0.984672 ms, 545.228 GB/s
   8, 0, Tesla P100-PCIE-16GB, 6.0, 715, 1189, 134217728, 56, 28672, 512, 1048576, 64, 5, 1.01504 ms, 528.916 GB/s
   9, 0, Tesla P100-PCIE-16GB, 6.0, 715, 1189, 134217728, 56, 57344, 1024, 1048576, 64, 5, 1.056 ms, 508.4 GB/s
  10, 0, Tesla P100-PCIE-16GB, 6.0, 715, 1189, 134217728, 56, 114688, 2048, 1048576, 64, 5, 1.13782 ms, 471.84 GB/s
  11, 0, Tesla P100-PCIE-16GB, 6.0, 715, 1189, 134217728, 56, 229376, 4096, 1048576, 64, 5, 1.34458 ms, 399.286 GB/s
  12, 0, Tesla P100-PCIE-16GB, 6.0, 715, 1189, 134217728, 56, 458752, 8192, 1048576, 64, 5, 2.00579 ms, 267.66 GB/s
  13, 0, Tesla P100-PCIE-16GB, 6.0, 715, 1189, 134217728, 56, 917504, 16384, 1048576, 64, 5, 3.72979 ms, 143.941 GB/s
  14, 0, Tesla P100-PCIE-16GB, 6.0, 715, 1189, 134217728, 56, 1048576, 18724, 1048576, 64, 5, 4.20144 ms, 127.783 GB/s
   0, 0, Tesla P100-PCIE-16GB, 6.0, 715, 1189, 134217728, 56, 112, 2, 524288, 128, 5, 1.43917 ms, 373.043 GB/s
   1, 0, Tesla P100-PCIE-16GB, 6.0, 715, 1189, 134217728, 56, 224, 4, 524288, 128, 5, 1.00093 ms, 536.373 GB/s
   2, 0, Tesla P100-PCIE-16GB, 6.0, 715, 1189, 134217728, 56, 448, 8, 524288, 128, 5, 0.925152 ms, 580.306 GB/s
   3, 0, Tesla P100-PCIE-16GB, 6.0, 715, 1189, 134217728, 56, 896, 16, 524288, 128, 5, 0.947712 ms, 566.492 GB/s
   4, 0, Tesla P100-PCIE-16GB, 6.0, 715, 1189, 134217728, 56, 1792, 32, 524288, 128, 5, 0.959936 ms, 559.278 GB/s
   5, 0, Tesla P100-PCIE-16GB, 6.0, 715, 1189, 134217728, 56, 3584, 64, 524288, 128, 5, 0.963936 ms, 556.957 GB/s
   6, 0, Tesla P100-PCIE-16GB, 6.0, 715, 1189, 134217728, 56, 7168, 128, 524288, 128, 5, 0.963424 ms, 557.253 GB/s
   7, 0, Tesla P100-PCIE-16GB, 6.0, 715, 1189, 134217728, 56, 14336, 256, 524288, 128, 5, 0.970048 ms, 553.448 GB/s
   8, 0, Tesla P100-PCIE-16GB, 6.0, 715, 1189, 134217728, 56, 28672, 512, 524288, 128, 5, 0.96768 ms, 554.802 GB/s
   9, 0, Tesla P100-PCIE-16GB, 6.0, 715, 1189, 134217728, 56, 57344, 1024, 524288, 128, 5, 0.986816 ms, 544.044 GB/s
  10, 0, Tesla P100-PCIE-16GB, 6.0, 715, 1189, 134217728, 56, 114688, 2048, 524288, 128, 5, 1.02816 ms, 522.167 GB/s
  11, 0, Tesla P100-PCIE-16GB, 6.0, 715, 1189, 134217728, 56, 229376, 4096, 524288, 128, 5, 1.42387 ms, 377.05 GB/s
  12, 0, Tesla P100-PCIE-16GB, 6.0, 715, 1189, 134217728, 56, 458752, 8192, 524288, 128, 5, 2.5863 ms, 207.582 GB/s
  13, 0, Tesla P100-PCIE-16GB, 6.0, 715, 1189, 134217728, 56, 524288, 9362, 524288, 128, 5, 2.91824 ms, 183.971 GB/s
   0, 0, Tesla P100-PCIE-16GB, 6.0, 715, 1189, 134217728, 56, 112, 2, 262144, 256, 5, 1.02323 ms, 524.682 GB/s
   1, 0, Tesla P100-PCIE-16GB, 6.0, 715, 1189, 134217728, 56, 224, 4, 262144, 256, 5, 0.938048 ms, 572.328 GB/s
   2, 0, Tesla P100-PCIE-16GB, 6.0, 715, 1189, 134217728, 56, 448, 8, 262144, 256, 5, 0.939904 ms, 571.198 GB/s
   3, 0, Tesla P100-PCIE-16GB, 6.0, 715, 1189, 134217728, 56, 896, 16, 262144, 256, 5, 0.958048 ms, 560.38 GB/s
   4, 0, Tesla P100-PCIE-16GB, 6.0, 715, 1189, 134217728, 56, 1792, 32, 262144, 256, 5, 0.9624 ms, 557.846 GB/s
   5, 0, Tesla P100-PCIE-16GB, 6.0, 715, 1189, 134217728, 56, 3584, 64, 262144, 256, 5, 0.964608 ms, 556.569 GB/s
   6, 0, Tesla P100-PCIE-16GB, 6.0, 715, 1189, 134217728, 56, 7168, 128, 262144, 256, 5, 0.952896 ms, 563.41 GB/s
   7, 0, Tesla P100-PCIE-16GB, 6.0, 715, 1189, 134217728, 56, 14336, 256, 262144, 256, 5, 0.934912 ms, 574.247 GB/s
   8, 0, Tesla P100-PCIE-16GB, 6.0, 715, 1189, 134217728, 56, 28672, 512, 262144, 256, 5, 0.938784 ms, 571.879 GB/s
   9, 0, Tesla P100-PCIE-16GB, 6.0, 715, 1189, 134217728, 56, 57344, 1024, 262144, 256, 5, 0.96016 ms, 559.147 GB/s
  10, 0, Tesla P100-PCIE-16GB, 6.0, 715, 1189, 134217728, 56, 114688, 2048, 262144, 256, 5, 1.35891 ms, 395.074 GB/s
  11, 0, Tesla P100-PCIE-16GB, 6.0, 715, 1189, 134217728, 56, 229376, 4096, 262144, 256, 5, 2.41482 ms, 222.324 GB/s
  12, 0, Tesla P100-PCIE-16GB, 6.0, 715, 1189, 134217728, 56, 262144, 4681, 262144, 256, 5, 2.70275 ms, 198.639 GB/s
   0, 0, Tesla P100-PCIE-16GB, 6.0, 715, 1189, 134217728, 56, 112, 2, 131072, 512, 5, 0.940448 ms, 570.867 GB/s
   1, 0, Tesla P100-PCIE-16GB, 6.0, 715, 1189, 134217728, 56, 224, 4, 131072, 512, 5, 0.962816 ms, 557.605 GB/s
   2, 0, Tesla P100-PCIE-16GB, 6.0, 715, 1189, 134217728, 56, 448, 8, 131072, 512, 5, 0.976032 ms, 550.055 GB/s
   3, 0, Tesla P100-PCIE-16GB, 6.0, 715, 1189, 134217728, 56, 896, 16, 131072, 512, 5, 0.96784 ms, 554.71 GB/s
   4, 0, Tesla P100-PCIE-16GB, 6.0, 715, 1189, 134217728, 56, 1792, 32, 131072, 512, 5, 0.967456 ms, 554.931 GB/s
   5, 0, Tesla P100-PCIE-16GB, 6.0, 715, 1189, 134217728, 56, 3584, 64, 131072, 512, 5, 0.959296 ms, 559.651 GB/s
   6, 0, Tesla P100-PCIE-16GB, 6.0, 715, 1189, 134217728, 56, 7168, 128, 131072, 512, 5, 0.939904 ms, 571.198 GB/s
   7, 0, Tesla P100-PCIE-16GB, 6.0, 715, 1189, 134217728, 56, 14336, 256, 131072, 512, 5, 0.934528 ms, 574.484 GB/s
   8, 0, Tesla P100-PCIE-16GB, 6.0, 715, 1189, 134217728, 56, 28672, 512, 131072, 512, 5, 0.948864 ms, 565.804 GB/s
   9, 0, Tesla P100-PCIE-16GB, 6.0, 715, 1189, 134217728, 56, 57344, 1024, 131072, 512, 5, 1.40995 ms, 380.772 GB/s
  10, 0, Tesla P100-PCIE-16GB, 6.0, 715, 1189, 134217728, 56, 114688, 2048, 131072, 512, 5, 2.5183 ms, 213.187 GB/s
  11, 0, Tesla P100-PCIE-16GB, 6.0, 715, 1189, 134217728, 56, 131072, 2340, 131072, 512, 5, 2.81731 ms, 190.561 GB/s
   0, 0, Tesla P100-PCIE-16GB, 6.0, 715, 1189, 134217728, 56, 112, 2, 65536, 1024, 5, 0.956832 ms, 561.092 GB/s
   1, 0, Tesla P100-PCIE-16GB, 6.0, 715, 1189, 134217728, 56, 224, 4, 65536, 1024, 5, 0.965696 ms, 555.942 GB/s
   2, 0, Tesla P100-PCIE-16GB, 6.0, 715, 1189, 134217728, 56, 448, 8, 65536, 1024, 5, 0.9712 ms, 552.791 GB/s
   3, 0, Tesla P100-PCIE-16GB, 6.0, 715, 1189, 134217728, 56, 896, 16, 65536, 1024, 5, 0.979072 ms, 548.347 GB/s
   4, 0, Tesla P100-PCIE-16GB, 6.0, 715, 1189, 134217728, 56, 1792, 32, 65536, 1024, 5, 0.971136 ms, 552.828 GB/s
   5, 0, Tesla P100-PCIE-16GB, 6.0, 715, 1189, 134217728, 56, 3584, 64, 65536, 1024, 5, 0.950208 ms, 565.004 GB/s
   6, 0, Tesla P100-PCIE-16GB, 6.0, 715, 1189, 134217728, 56, 7168, 128, 65536, 1024, 5, 0.942624 ms, 569.549 GB/s
   7, 0, Tesla P100-PCIE-16GB, 6.0, 715, 1189, 134217728, 56, 14336, 256, 65536, 1024, 5, 1.03728 ms, 517.576 GB/s
   8, 0, Tesla P100-PCIE-16GB, 6.0, 715, 1189, 134217728, 56, 28672, 512, 65536, 1024, 5, 1.55402 ms, 345.473 GB/s
   9, 0, Tesla P100-PCIE-16GB, 6.0, 715, 1189, 134217728, 56, 57344, 1024, 65536, 1024, 5, 2.75661 ms, 194.758 GB/s
  10, 0, Tesla P100-PCIE-16GB, 6.0, 715, 1189, 134217728, 56, 65536, 1170, 65536, 1024, 5, 3.05866 ms, 175.525 GB/s
   0, 0, Tesla P100-PCIE-16GB, 6.0, 715, 1189, 268435456, 56, 112, 2, 2097152, 64, 5, 4.99072 ms, 215.148 GB/s
   1, 0, Tesla P100-PCIE-16GB, 6.0, 715, 1189, 268435456, 56, 224, 4, 2097152, 64, 5, 2.86826 ms, 374.354 GB/s
   2, 0, Tesla P100-PCIE-16GB, 6.0, 715, 1189, 268435456, 56, 448, 8, 2097152, 64, 5, 2.01907 ms, 531.8 GB/s
   3, 0, Tesla P100-PCIE-16GB, 6.0, 715, 1189, 268435456, 56, 896, 16, 2097152, 64, 5, 1.86483 ms, 575.785 GB/s
   4, 0, Tesla P100-PCIE-16GB, 6.0, 715, 1189, 268435456, 56, 1792, 32, 2097152, 64, 5, 1.88486 ms, 569.665 GB/s
   5, 0, Tesla P100-PCIE-16GB, 6.0, 715, 1189, 268435456, 56, 3584, 64, 2097152, 64, 5, 1.9144 ms, 560.876 GB/s
   6, 0, Tesla P100-PCIE-16GB, 6.0, 715, 1189, 268435456, 56, 7168, 128, 2097152, 64, 5, 1.9399 ms, 553.503 GB/s
   7, 0, Tesla P100-PCIE-16GB, 6.0, 715, 1189, 268435456, 56, 14336, 256, 2097152, 64, 5, 1.94285 ms, 552.664 GB/s
   8, 0, Tesla P100-PCIE-16GB, 6.0, 715, 1189, 268435456, 56, 28672, 512, 2097152, 64, 5, 1.94922 ms, 550.858 GB/s
   9, 0, Tesla P100-PCIE-16GB, 6.0, 715, 1189, 268435456, 56, 57344, 1024, 2097152, 64, 5, 1.97274 ms, 544.291 GB/s
  10, 0, Tesla P100-PCIE-16GB, 6.0, 715, 1189, 268435456, 56, 114688, 2048, 2097152, 64, 5, 2.05008 ms, 523.756 GB/s
  11, 0, Tesla P100-PCIE-16GB, 6.0, 715, 1189, 268435456, 56, 229376, 4096, 2097152, 64, 5, 2.27104 ms, 472.797 GB/s
  12, 0, Tesla P100-PCIE-16GB, 6.0, 715, 1189, 268435456, 56, 458752, 8192, 2097152, 64, 5, 2.69574 ms, 398.31 GB/s
  13, 0, Tesla P100-PCIE-16GB, 6.0, 715, 1189, 268435456, 56, 917504, 16384, 2097152, 64, 5, 4.04464 ms, 265.473 GB/s
  14, 0, Tesla P100-PCIE-16GB, 6.0, 715, 1189, 268435456, 56, 1835008, 32768, 2097152, 64, 5, 7.42096 ms, 144.69 GB/s
  15, 0, Tesla P100-PCIE-16GB, 6.0, 715, 1189, 268435456, 56, 2097152, 37449, 2097152, 64, 5, 8.36205 ms, 128.407 GB/s
   0, 0, Tesla P100-PCIE-16GB, 6.0, 715, 1189, 268435456, 56, 112, 2, 1048576, 128, 5, 2.87494 ms, 373.483 GB/s
   1, 0, Tesla P100-PCIE-16GB, 6.0, 715, 1189, 268435456, 56, 224, 4, 1048576, 128, 5, 2.01011 ms, 534.17 GB/s
   2, 0, Tesla P100-PCIE-16GB, 6.0, 715, 1189, 268435456, 56, 448, 8, 1048576, 128, 5, 1.8489 ms, 580.748 GB/s
   3, 0, Tesla P100-PCIE-16GB, 6.0, 715, 1189, 268435456, 56, 896, 16, 1048576, 128, 5, 1.88115 ms, 570.79 GB/s
   4, 0, Tesla P100-PCIE-16GB, 6.0, 715, 1189, 268435456, 56, 1792, 32, 1048576, 128, 5, 1.91312 ms, 561.252 GB/s
   5, 0, Tesla P100-PCIE-16GB, 6.0, 715, 1189, 268435456, 56, 3584, 64, 1048576, 128, 5, 1.9079 ms, 562.786 GB/s
   6, 0, Tesla P100-PCIE-16GB, 6.0, 715, 1189, 268435456, 56, 7168, 128, 1048576, 128, 5, 1.92166 ms, 558.756 GB/s
   7, 0, Tesla P100-PCIE-16GB, 6.0, 715, 1189, 268435456, 56, 14336, 256, 1048576, 128, 5, 1.91373 ms, 561.073 GB/s
   8, 0, Tesla P100-PCIE-16GB, 6.0, 715, 1189, 268435456, 56, 28672, 512, 1048576, 128, 5, 1.9001 ms, 565.099 GB/s
   9, 0, Tesla P100-PCIE-16GB, 6.0, 715, 1189, 268435456, 56, 57344, 1024, 1048576, 128, 5, 1.90781 ms, 562.814 GB/s
  10, 0, Tesla P100-PCIE-16GB, 6.0, 715, 1189, 268435456, 56, 114688, 2048, 1048576, 128, 5, 1.96131 ms, 547.461 GB/s
  11, 0, Tesla P100-PCIE-16GB, 6.0, 715, 1189, 268435456, 56, 229376, 4096, 1048576, 128, 5, 2.0608 ms, 521.032 GB/s
  12, 0, Tesla P100-PCIE-16GB, 6.0, 715, 1189, 268435456, 56, 458752, 8192, 1048576, 128, 5, 2.95536 ms, 363.32 GB/s
  13, 0, Tesla P100-PCIE-16GB, 6.0, 715, 1189, 268435456, 56, 917504, 16384, 1048576, 128, 5, 5.19526 ms, 206.677 GB/s
  14, 0, Tesla P100-PCIE-16GB, 6.0, 715, 1189, 268435456, 56, 1048576, 18724, 1048576, 128, 5, 5.8273 ms, 184.261 GB/s
   0, 0, Tesla P100-PCIE-16GB, 6.0, 715, 1189, 268435456, 56, 112, 2, 524288, 256, 5, 2.03709 ms, 527.096 GB/s
   1, 0, Tesla P100-PCIE-16GB, 6.0, 715, 1189, 268435456, 56, 224, 4, 524288, 256, 5, 1.86976 ms, 574.267 GB/s
   2, 0, Tesla P100-PCIE-16GB, 6.0, 715, 1189, 268435456, 56, 448, 8, 524288, 256, 5, 1.87686 ms, 572.094 GB/s
   3, 0, Tesla P100-PCIE-16GB, 6.0, 715, 1189, 268435456, 56, 896, 16, 524288, 256, 5, 1.90483 ms, 563.694 GB/s
   4, 0, Tesla P100-PCIE-16GB, 6.0, 715, 1189, 268435456, 56, 1792, 32, 524288, 256, 5, 1.90826 ms, 562.682 GB/s
   5, 0, Tesla P100-PCIE-16GB, 6.0, 715, 1189, 268435456, 56, 3584, 64, 524288, 256, 5, 1.93763 ms, 554.152 GB/s
   6, 0, Tesla P100-PCIE-16GB, 6.0, 715, 1189, 268435456, 56, 7168, 128, 524288, 256, 5, 1.90227 ms, 564.452 GB/s
   7, 0, Tesla P100-PCIE-16GB, 6.0, 715, 1189, 268435456, 56, 14336, 256, 524288, 256, 5, 1.86982 ms, 574.247 GB/s
   8, 0, Tesla P100-PCIE-16GB, 6.0, 715, 1189, 268435456, 56, 28672, 512, 524288, 256, 5, 1.85526 ms, 578.754 GB/s
   9, 0, Tesla P100-PCIE-16GB, 6.0, 715, 1189, 268435456, 56, 57344, 1024, 524288, 256, 5, 1.8713 ms, 573.796 GB/s
  10, 0, Tesla P100-PCIE-16GB, 6.0, 715, 1189, 268435456, 56, 114688, 2048, 524288, 256, 5, 1.90803 ms, 562.748 GB/s
  11, 0, Tesla P100-PCIE-16GB, 6.0, 715, 1189, 268435456, 56, 229376, 4096, 524288, 256, 5, 2.73494 ms, 392.601 GB/s
  12, 0, Tesla P100-PCIE-16GB, 6.0, 715, 1189, 268435456, 56, 458752, 8192, 524288, 256, 5, 4.81776 ms, 222.872 GB/s
  13, 0, Tesla P100-PCIE-16GB, 6.0, 715, 1189, 268435456, 56, 524288, 9362, 524288, 256, 5, 5.43277 ms, 197.642 GB/s
   0, 0, Tesla P100-PCIE-16GB, 6.0, 715, 1189, 268435456, 56, 112, 2, 262144, 512, 5, 1.87059 ms, 574.012 GB/s
   1, 0, Tesla P100-PCIE-16GB, 6.0, 715, 1189, 268435456, 56, 224, 4, 262144, 512, 5, 1.9127 ms, 561.374 GB/s
   2, 0, Tesla P100-PCIE-16GB, 6.0, 715, 1189, 268435456, 56, 448, 8, 262144, 512, 5, 1.92573 ms, 557.577 GB/s
   3, 0, Tesla P100-PCIE-16GB, 6.0, 715, 1189, 268435456, 56, 896, 16, 262144, 512, 5, 1.91907 ms, 559.511 GB/s
   4, 0, Tesla P100-PCIE-16GB, 6.0, 715, 1189, 268435456, 56, 1792, 32, 262144, 512, 5, 1.9169 ms, 560.146 GB/s
   5, 0, Tesla P100-PCIE-16GB, 6.0, 715, 1189, 268435456, 56, 3584, 64, 262144, 512, 5, 1.91536 ms, 560.595 GB/s
   6, 0, Tesla P100-PCIE-16GB, 6.0, 715, 1189, 268435456, 56, 7168, 128, 262144, 512, 5, 1.89814 ms, 565.68 GB/s
   7, 0, Tesla P100-PCIE-16GB, 6.0, 715, 1189, 268435456, 56, 14336, 256, 262144, 512, 5, 1.86819 ms, 574.749 GB/s
   8, 0, Tesla P100-PCIE-16GB, 6.0, 715, 1189, 268435456, 56, 28672, 512, 262144, 512, 5, 1.86042 ms, 577.151 GB/s
   9, 0, Tesla P100-PCIE-16GB, 6.0, 715, 1189, 268435456, 56, 57344, 1024, 262144, 512, 5, 1.88435 ms, 569.82 GB/s
  10, 0, Tesla P100-PCIE-16GB, 6.0, 715, 1189, 268435456, 56, 114688, 2048, 262144, 512, 5, 2.82352 ms, 380.285 GB/s
  11, 0, Tesla P100-PCIE-16GB, 6.0, 715, 1189, 268435456, 56, 229376, 4096, 262144, 512, 5, 4.99034 ms, 215.164 GB/s
  12, 0, Tesla P100-PCIE-16GB, 6.0, 715, 1189, 268435456, 56, 262144, 4681, 262144, 512, 5, 5.58198 ms, 192.358 GB/s
   0, 0, Tesla P100-PCIE-16GB, 6.0, 715, 1189, 268435456, 56, 112, 2, 131072, 1024, 5, 1.90346 ms, 564.101 GB/s
   1, 0, Tesla P100-PCIE-16GB, 6.0, 715, 1189, 268435456, 56, 224, 4, 131072, 1024, 5, 1.92067 ms, 559.045 GB/s
   2, 0, Tesla P100-PCIE-16GB, 6.0, 715, 1189, 268435456, 56, 448, 8, 131072, 1024, 5, 1.91754 ms, 559.959 GB/s
   3, 0, Tesla P100-PCIE-16GB, 6.0, 715, 1189, 268435456, 56, 896, 16, 131072, 1024, 5, 1.92829 ms, 556.837 GB/s
   4, 0, Tesla P100-PCIE-16GB, 6.0, 715, 1189, 268435456, 56, 1792, 32, 131072, 1024, 5, 1.93408 ms, 555.169 GB/s
   5, 0, Tesla P100-PCIE-16GB, 6.0, 715, 1189, 268435456, 56, 3584, 64, 131072, 1024, 5, 1.92074 ms, 559.026 GB/s
   6, 0, Tesla P100-PCIE-16GB, 6.0, 715, 1189, 268435456, 56, 7168, 128, 131072, 1024, 5, 1.88003 ms, 571.13 GB/s
   7, 0, Tesla P100-PCIE-16GB, 6.0, 715, 1189, 268435456, 56, 14336, 256, 131072, 1024, 5, 1.86848 ms, 574.661 GB/s
   8, 0, Tesla P100-PCIE-16GB, 6.0, 715, 1189, 268435456, 56, 28672, 512, 131072, 1024, 5, 2.05776 ms, 521.801 GB/s
   9, 0, Tesla P100-PCIE-16GB, 6.0, 715, 1189, 268435456, 56, 57344, 1024, 131072, 1024, 5, 3.11722 ms, 344.455 GB/s
  10, 0, Tesla P100-PCIE-16GB, 6.0, 715, 1189, 268435456, 56, 114688, 2048, 131072, 1024, 5, 5.48947 ms, 195.6 GB/s
  11, 0, Tesla P100-PCIE-16GB, 6.0, 715, 1189, 268435456, 56, 131072, 2340, 131072, 1024, 5, 6.10518 ms, 175.874 GB/s
   0, 0, Tesla P100-PCIE-16GB, 6.0, 715, 1189, 536870912, 56, 112, 2, 4194304, 64, 5, 9.98931 ms, 214.978 GB/s
   1, 0, Tesla P100-PCIE-16GB, 6.0, 715, 1189, 536870912, 56, 224, 4, 4194304, 64, 5, 5.74186 ms, 374.005 GB/s
   2, 0, Tesla P100-PCIE-16GB, 6.0, 715, 1189, 536870912, 56, 448, 8, 4194304, 64, 5, 4.03293 ms, 532.487 GB/s
   3, 0, Tesla P100-PCIE-16GB, 6.0, 715, 1189, 536870912, 56, 896, 16, 4194304, 64, 5, 3.72698 ms, 576.2 GB/s
   4, 0, Tesla P100-PCIE-16GB, 6.0, 715, 1189, 536870912, 56, 1792, 32, 4194304, 64, 5, 3.7727 ms, 569.216 GB/s
   5, 0, Tesla P100-PCIE-16GB, 6.0, 715, 1189, 536870912, 56, 3584, 64, 4194304, 64, 5, 3.82035 ms, 562.117 GB/s
   6, 0, Tesla P100-PCIE-16GB, 6.0, 715, 1189, 536870912, 56, 7168, 128, 4194304, 64, 5, 3.84109 ms, 559.082 GB/s
   7, 0, Tesla P100-PCIE-16GB, 6.0, 715, 1189, 536870912, 56, 14336, 256, 4194304, 64, 5, 3.87824 ms, 553.726 GB/s
   8, 0, Tesla P100-PCIE-16GB, 6.0, 715, 1189, 536870912, 56, 28672, 512, 4194304, 64, 5, 3.84067 ms, 559.143 GB/s
   9, 0, Tesla P100-PCIE-16GB, 6.0, 715, 1189, 536870912, 56, 57344, 1024, 4194304, 64, 5, 3.82586 ms, 561.308 GB/s
  10, 0, Tesla P100-PCIE-16GB, 6.0, 715, 1189, 536870912, 56, 114688, 2048, 4194304, 64, 5, 3.89802 ms, 550.917 GB/s
  11, 0, Tesla P100-PCIE-16GB, 6.0, 715, 1189, 536870912, 56, 229376, 4096, 4194304, 64, 5, 4.12141 ms, 521.056 GB/s
  12, 0, Tesla P100-PCIE-16GB, 6.0, 715, 1189, 536870912, 56, 458752, 8192, 4194304, 64, 5, 4.57104 ms, 469.802 GB/s
  13, 0, Tesla P100-PCIE-16GB, 6.0, 715, 1189, 536870912, 56, 917504, 16384, 4194304, 64, 5, 5.43629 ms, 395.028 GB/s
  14, 0, Tesla P100-PCIE-16GB, 6.0, 715, 1189, 536870912, 56, 1835008, 32768, 4194304, 64, 5, 7.95757 ms, 269.867 GB/s
  15, 0, Tesla P100-PCIE-16GB, 6.0, 715, 1189, 536870912, 56, 3670016, 65536, 4194304, 64, 5, 14.8148 ms, 144.956 GB/s
  16, 0, Tesla P100-PCIE-16GB, 6.0, 715, 1189, 536870912, 56, 4194304, 74898, 4194304, 64, 5, 16.6092 ms, 129.295 GB/s
   0, 0, Tesla P100-PCIE-16GB, 6.0, 715, 1189, 536870912, 56, 112, 2, 2097152, 128, 5, 5.7439 ms, 373.872 GB/s
   1, 0, Tesla P100-PCIE-16GB, 6.0, 715, 1189, 536870912, 56, 224, 4, 2097152, 128, 5, 4.03466 ms, 532.259 GB/s
   2, 0, Tesla P100-PCIE-16GB, 6.0, 715, 1189, 536870912, 56, 448, 8, 2097152, 128, 5, 3.71267 ms, 578.42 GB/s
   3, 0, Tesla P100-PCIE-16GB, 6.0, 715, 1189, 536870912, 56, 896, 16, 2097152, 128, 5, 3.78205 ms, 567.81 GB/s
   4, 0, Tesla P100-PCIE-16GB, 6.0, 715, 1189, 536870912, 56, 1792, 32, 2097152, 128, 5, 3.81955 ms, 562.234 GB/s
   5, 0, Tesla P100-PCIE-16GB, 6.0, 715, 1189, 536870912, 56, 3584, 64, 2097152, 128, 5, 3.80592 ms, 564.248 GB/s
   6, 0, Tesla P100-PCIE-16GB, 6.0, 715, 1189, 536870912, 56, 7168, 128, 2097152, 128, 5, 3.86698 ms, 555.339 GB/s
   7, 0, Tesla P100-PCIE-16GB, 6.0, 715, 1189, 536870912, 56, 14336, 256, 2097152, 128, 5, 3.8048 ms, 564.414 GB/s
   8, 0, Tesla P100-PCIE-16GB, 6.0, 715, 1189, 536870912, 56, 28672, 512, 2097152, 128, 5, 3.75085 ms, 572.533 GB/s
   9, 0, Tesla P100-PCIE-16GB, 6.0, 715, 1189, 536870912, 56, 57344, 1024, 2097152, 128, 5, 3.73482 ms, 574.99 GB/s
  10, 0, Tesla P100-PCIE-16GB, 6.0, 715, 1189, 536870912, 56, 114688, 2048, 2097152, 128, 5, 3.79296 ms, 566.176 GB/s
  11, 0, Tesla P100-PCIE-16GB, 6.0, 715, 1189, 536870912, 56, 229376, 4096, 2097152, 128, 5, 3.88483 ms, 552.787 GB/s
  12, 0, Tesla P100-PCIE-16GB, 6.0, 715, 1189, 536870912, 56, 458752, 8192, 2097152, 128, 5, 4.13446 ms, 519.41 GB/s
  13, 0, Tesla P100-PCIE-16GB, 6.0, 715, 1189, 536870912, 56, 917504, 16384, 2097152, 128, 5, 5.72541 ms, 375.08 GB/s
  14, 0, Tesla P100-PCIE-16GB, 6.0, 715, 1189, 536870912, 56, 1835008, 32768, 2097152, 128, 5, 10.3164 ms, 208.161 GB/s
  15, 0, Tesla P100-PCIE-16GB, 6.0, 715, 1189, 536870912, 56, 2097152, 37449, 2097152, 128, 5, 11.6473 ms, 184.376 GB/s
   0, 0, Tesla P100-PCIE-16GB, 6.0, 715, 1189, 536870912, 56, 112, 2, 1048576, 256, 5, 4.06899 ms, 527.768 GB/s
   1, 0, Tesla P100-PCIE-16GB, 6.0, 715, 1189, 536870912, 56, 224, 4, 1048576, 256, 5, 3.73651 ms, 574.729 GB/s
   2, 0, Tesla P100-PCIE-16GB, 6.0, 715, 1189, 536870912, 56, 448, 8, 1048576, 256, 5, 3.77395 ms, 569.028 GB/s
   3, 0, Tesla P100-PCIE-16GB, 6.0, 715, 1189, 536870912, 56, 896, 16, 1048576, 256, 5, 3.81222 ms, 563.315 GB/s
   4, 0, Tesla P100-PCIE-16GB, 6.0, 715, 1189, 536870912, 56, 1792, 32, 1048576, 256, 5, 3.79286 ms, 566.191 GB/s
   5, 0, Tesla P100-PCIE-16GB, 6.0, 715, 1189, 536870912, 56, 3584, 64, 1048576, 256, 5, 3.83309 ms, 560.249 GB/s
   6, 0, Tesla P100-PCIE-16GB, 6.0, 715, 1189, 536870912, 56, 7168, 128, 1048576, 256, 5, 3.83987 ms, 559.259 GB/s
   7, 0, Tesla P100-PCIE-16GB, 6.0, 715, 1189, 536870912, 56, 14336, 256, 1048576, 256, 5, 3.75904 ms, 571.285 GB/s
   8, 0, Tesla P100-PCIE-16GB, 6.0, 715, 1189, 536870912, 56, 28672, 512, 1048576, 256, 5, 3.71504 ms, 578.051 GB/s
   9, 0, Tesla P100-PCIE-16GB, 6.0, 715, 1189, 536870912, 56, 57344, 1024, 1048576, 256, 5, 3.7201 ms, 577.266 GB/s
  10, 0, Tesla P100-PCIE-16GB, 6.0, 715, 1189, 536870912, 56, 114688, 2048, 1048576, 256, 5, 3.72189 ms, 576.988 GB/s
  11, 0, Tesla P100-PCIE-16GB, 6.0, 715, 1189, 536870912, 56, 229376, 4096, 1048576, 256, 5, 3.80051 ms, 565.051 GB/s
  12, 0, Tesla P100-PCIE-16GB, 6.0, 715, 1189, 536870912, 56, 458752, 8192, 1048576, 256, 5, 5.38253 ms, 398.973 GB/s
  13, 0, Tesla P100-PCIE-16GB, 6.0, 715, 1189, 536870912, 56, 917504, 16384, 1048576, 256, 5, 9.62355 ms, 223.149 GB/s
  14, 0, Tesla P100-PCIE-16GB, 6.0, 715, 1189, 536870912, 56, 1048576, 18724, 1048576, 256, 5, 10.8568 ms, 197.801 GB/s
   0, 0, Tesla P100-PCIE-16GB, 6.0, 715, 1189, 536870912, 56, 112, 2, 524288, 512, 5, 3.73094 ms, 575.587 GB/s
   1, 0, Tesla P100-PCIE-16GB, 6.0, 715, 1189, 536870912, 56, 224, 4, 524288, 512, 5, 3.82006 ms, 562.159 GB/s
   2, 0, Tesla P100-PCIE-16GB, 6.0, 715, 1189, 536870912, 56, 448, 8, 524288, 512, 5, 3.8231 ms, 561.712 GB/s
   3, 0, Tesla P100-PCIE-16GB, 6.0, 715, 1189, 536870912, 56, 896, 16, 524288, 512, 5, 3.80288 ms, 564.699 GB/s
   4, 0, Tesla P100-PCIE-16GB, 6.0, 715, 1189, 536870912, 56, 1792, 32, 524288, 512, 5, 3.82928 ms, 560.806 GB/s
   5, 0, Tesla P100-PCIE-16GB, 6.0, 715, 1189, 536870912, 56, 3584, 64, 524288, 512, 5, 3.82602 ms, 561.285 GB/s
   6, 0, Tesla P100-PCIE-16GB, 6.0, 715, 1189, 536870912, 56, 7168, 128, 524288, 512, 5, 3.8065 ms, 564.163 GB/s
   7, 0, Tesla P100-PCIE-16GB, 6.0, 715, 1189, 536870912, 56, 14336, 256, 524288, 512, 5, 3.7561 ms, 571.733 GB/s
   8, 0, Tesla P100-PCIE-16GB, 6.0, 715, 1189, 536870912, 56, 28672, 512, 524288, 512, 5, 3.69866 ms, 580.612 GB/s
   9, 0, Tesla P100-PCIE-16GB, 6.0, 715, 1189, 536870912, 56, 57344, 1024, 524288, 512, 5, 3.67696 ms, 584.038 GB/s
  10, 0, Tesla P100-PCIE-16GB, 6.0, 715, 1189, 536870912, 56, 114688, 2048, 524288, 512, 5, 3.77795 ms, 568.425 GB/s
  11, 0, Tesla P100-PCIE-16GB, 6.0, 715, 1189, 536870912, 56, 229376, 4096, 524288, 512, 5, 5.56467 ms, 385.914 GB/s
  12, 0, Tesla P100-PCIE-16GB, 6.0, 715, 1189, 536870912, 56, 458752, 8192, 524288, 512, 5, 9.96474 ms, 215.508 GB/s
  13, 0, Tesla P100-PCIE-16GB, 6.0, 715, 1189, 536870912, 56, 524288, 9362, 524288, 512, 5, 11.2297 ms, 191.233 GB/s
   0, 0, Tesla P100-PCIE-16GB, 6.0, 715, 1189, 536870912, 56, 112, 2, 262144, 1024, 5, 3.81277 ms, 563.235 GB/s
   1, 0, Tesla P100-PCIE-16GB, 6.0, 715, 1189, 536870912, 56, 224, 4, 262144, 1024, 5, 3.83171 ms, 560.45 GB/s
   2, 0, Tesla P100-PCIE-16GB, 6.0, 715, 1189, 536870912, 56, 448, 8, 262144, 1024, 5, 3.83622 ms, 559.791 GB/s
   3, 0, Tesla P100-PCIE-16GB, 6.0, 715, 1189, 536870912, 56, 896, 16, 262144, 1024, 5, 3.84826 ms, 558.041 GB/s
   4, 0, Tesla P100-PCIE-16GB, 6.0, 715, 1189, 536870912, 56, 1792, 32, 262144, 1024, 5, 3.84314 ms, 558.784 GB/s
   5, 0, Tesla P100-PCIE-16GB, 6.0, 715, 1189, 536870912, 56, 3584, 64, 262144, 1024, 5, 3.83446 ms, 560.048 GB/s
   6, 0, Tesla P100-PCIE-16GB, 6.0, 715, 1189, 536870912, 56, 7168, 128, 262144, 1024, 5, 3.81104 ms, 563.49 GB/s
   7, 0, Tesla P100-PCIE-16GB, 6.0, 715, 1189, 536870912, 56, 14336, 256, 262144, 1024, 5, 3.70442 ms, 579.709 GB/s
   8, 0, Tesla P100-PCIE-16GB, 6.0, 715, 1189, 536870912, 56, 28672, 512, 262144, 1024, 5, 3.71046 ms, 578.764 GB/s
   9, 0, Tesla P100-PCIE-16GB, 6.0, 715, 1189, 536870912, 56, 57344, 1024, 262144, 1024, 5, 4.10182 ms, 523.544 GB/s
  10, 0, Tesla P100-PCIE-16GB, 6.0, 715, 1189, 536870912, 56, 114688, 2048, 262144, 1024, 5, 6.19248 ms, 346.789 GB/s
  11, 0, Tesla P100-PCIE-16GB, 6.0, 715, 1189, 536870912, 56, 229376, 4096, 262144, 1024, 5, 10.9642 ms, 195.864 GB/s
  12, 0, Tesla P100-PCIE-16GB, 6.0, 715, 1189, 536870912, 56, 262144, 4681, 262144, 1024, 5, 12.1996 ms, 176.03 GB/s
   0, 0, Tesla P100-PCIE-16GB, 6.0, 715, 1189, 1073741824, 56, 112, 2, 8388608, 64, 5, 19.9889 ms, 214.867 GB/s
   1, 0, Tesla P100-PCIE-16GB, 6.0, 715, 1189, 1073741824, 56, 224, 4, 8388608, 64, 5, 11.4859 ms, 373.933 GB/s
   2, 0, Tesla P100-PCIE-16GB, 6.0, 715, 1189, 1073741824, 56, 448, 8, 8388608, 64, 5, 8.09318 ms, 530.689 GB/s
   3, 0, Tesla P100-PCIE-16GB, 6.0, 715, 1189, 1073741824, 56, 896, 16, 8388608, 64, 5, 7.48483 ms, 573.823 GB/s
   4, 0, Tesla P100-PCIE-16GB, 6.0, 715, 1189, 1073741824, 56, 1792, 32, 8388608, 64, 5, 7.5695 ms, 567.404 GB/s
   5, 0, Tesla P100-PCIE-16GB, 6.0, 715, 1189, 1073741824, 56, 3584, 64, 8388608, 64, 5, 7.6072 ms, 564.592 GB/s
   6, 0, Tesla P100-PCIE-16GB, 6.0, 715, 1189, 1073741824, 56, 7168, 128, 8388608, 64, 5, 7.63667 ms, 562.414 GB/s
   7, 0, Tesla P100-PCIE-16GB, 6.0, 715, 1189, 1073741824, 56, 14336, 256, 8388608, 64, 5, 7.76838 ms, 552.878 GB/s
   8, 0, Tesla P100-PCIE-16GB, 6.0, 715, 1189, 1073741824, 56, 28672, 512, 8388608, 64, 5, 8.66749 ms, 495.526 GB/s
   9, 0, Tesla P100-PCIE-16GB, 6.0, 715, 1189, 1073741824, 56, 57344, 1024, 8388608, 64, 5, 11.6182 ms, 369.676 GB/s
  10, 0, Tesla P100-PCIE-16GB, 6.0, 715, 1189, 1073741824, 56, 114688, 2048, 8388608, 64, 5, 11.5431 ms, 372.08 GB/s
  11, 0, Tesla P100-PCIE-16GB, 6.0, 715, 1189, 1073741824, 56, 229376, 4096, 8388608, 64, 5, 7.85139 ms, 547.033 GB/s
  12, 0, Tesla P100-PCIE-16GB, 6.0, 715, 1189, 1073741824, 56, 458752, 8192, 8388608, 64, 5, 8.17629 ms, 525.296 GB/s
  13, 0, Tesla P100-PCIE-16GB, 6.0, 715, 1189, 1073741824, 56, 917504, 16384, 8388608, 64, 5, 9.03286 ms, 475.482 GB/s
  14, 0, Tesla P100-PCIE-16GB, 6.0, 715, 1189, 1073741824, 56, 1835008, 32768, 8388608, 64, 5, 10.7488 ms, 399.578 GB/s
  15, 0, Tesla P100-PCIE-16GB, 6.0, 715, 1189, 1073741824, 56, 3670016, 65536, 8388608, 64, 5, 15.8996 ms, 270.131 GB/s
  16, 0, Tesla P100-PCIE-16GB, 6.0, 715, 1189, 1073741824, 56, 7340032, 131072, 8388608, 64, 5, 29.4271 ms, 145.953 GB/s
  17, 0, Tesla P100-PCIE-16GB, 6.0, 715, 1189, 1073741824, 56, 8388608, 149796, 8388608, 64, 5, 33.2033 ms, 129.354 GB/s
   0, 0, Tesla P100-PCIE-16GB, 6.0, 715, 1189, 1073741824, 56, 112, 2, 4194304, 128, 5, 11.507 ms, 373.248 GB/s
   1, 0, Tesla P100-PCIE-16GB, 6.0, 715, 1189, 1073741824, 56, 224, 4, 4194304, 128, 5, 8.09997 ms, 530.245 GB/s
   2, 0, Tesla P100-PCIE-16GB, 6.0, 715, 1189, 1073741824, 56, 448, 8, 4194304, 128, 5, 7.4561 ms, 576.034 GB/s
   3, 0, Tesla P100-PCIE-16GB, 6.0, 715, 1189, 1073741824, 56, 896, 16, 4194304, 128, 5, 7.57773 ms, 566.788 GB/s
   4, 0, Tesla P100-PCIE-16GB, 6.0, 715, 1189, 1073741824, 56, 1792, 32, 4194304, 128, 5, 7.61581 ms, 563.954 GB/s
   5, 0, Tesla P100-PCIE-16GB, 6.0, 715, 1189, 1073741824, 56, 3584, 64, 4194304, 128, 5, 7.60109 ms, 565.046 GB/s
   6, 0, Tesla P100-PCIE-16GB, 6.0, 715, 1189, 1073741824, 56, 7168, 128, 4194304, 128, 5, 7.67114 ms, 559.887 GB/s
   7, 0, Tesla P100-PCIE-16GB, 6.0, 715, 1189, 1073741824, 56, 14336, 256, 4194304, 128, 5, 7.71453 ms, 556.738 GB/s
   8, 0, Tesla P100-PCIE-16GB, 6.0, 715, 1189, 1073741824, 56, 28672, 512, 4194304, 128, 5, 10.5821 ms, 405.87 GB/s
   9, 0, Tesla P100-PCIE-16GB, 6.0, 715, 1189, 1073741824, 56, 57344, 1024, 4194304, 128, 5, 10.8914 ms, 394.345 GB/s
  10, 0, Tesla P100-PCIE-16GB, 6.0, 715, 1189, 1073741824, 56, 114688, 2048, 4194304, 128, 5, 7.48246 ms, 574.004 GB/s
  11, 0, Tesla P100-PCIE-16GB, 6.0, 715, 1189, 1073741824, 56, 229376, 4096, 4194304, 128, 5, 7.51501 ms, 571.519 GB/s
  12, 0, Tesla P100-PCIE-16GB, 6.0, 715, 1189, 1073741824, 56, 458752, 8192, 4194304, 128, 5, 7.78106 ms, 551.977 GB/s
  13, 0, Tesla P100-PCIE-16GB, 6.0, 715, 1189, 1073741824, 56, 917504, 16384, 4194304, 128, 5, 8.19338 ms, 524.2 GB/s
  14, 0, Tesla P100-PCIE-16GB, 6.0, 715, 1189, 1073741824, 56, 1835008, 32768, 4194304, 128, 5, 11.3328 ms, 378.987 GB/s
  15, 0, Tesla P100-PCIE-16GB, 6.0, 715, 1189, 1073741824, 56, 3670016, 65536, 4194304, 128, 5, 20.618 ms, 208.311 GB/s
  16, 0, Tesla P100-PCIE-16GB, 6.0, 715, 1189, 1073741824, 56, 4194304, 74898, 4194304, 128, 5, 23.1373 ms, 185.629 GB/s
   0, 0, Tesla P100-PCIE-16GB, 6.0, 715, 1189, 1073741824, 56, 112, 2, 2097152, 256, 5, 8.12397 ms, 528.678 GB/s
   1, 0, Tesla P100-PCIE-16GB, 6.0, 715, 1189, 1073741824, 56, 224, 4, 2097152, 256, 5, 7.48928 ms, 573.482 GB/s
   2, 0, Tesla P100-PCIE-16GB, 6.0, 715, 1189, 1073741824, 56, 448, 8, 2097152, 256, 5, 7.60602 ms, 564.68 GB/s
   3, 0, Tesla P100-PCIE-16GB, 6.0, 715, 1189, 1073741824, 56, 896, 16, 2097152, 256, 5, 7.61514 ms, 564.004 GB/s
   4, 0, Tesla P100-PCIE-16GB, 6.0, 715, 1189, 1073741824, 56, 1792, 32, 2097152, 256, 5, 7.60358 ms, 564.861 GB/s
   5, 0, Tesla P100-PCIE-16GB, 6.0, 715, 1189, 1073741824, 56, 3584, 64, 2097152, 256, 5, 7.66627 ms, 560.242 GB/s
   6, 0, Tesla P100-PCIE-16GB, 6.0, 715, 1189, 1073741824, 56, 7168, 128, 2097152, 256, 5, 7.67658 ms, 559.49 GB/s
   7, 0, Tesla P100-PCIE-16GB, 6.0, 715, 1189, 1073741824, 56, 14336, 256, 2097152, 256, 5, 8.86147 ms, 484.679 GB/s
   8, 0, Tesla P100-PCIE-16GB, 6.0, 715, 1189, 1073741824, 56, 28672, 512, 2097152, 256, 5, 9.73062 ms, 441.387 GB/s
   9, 0, Tesla P100-PCIE-16GB, 6.0, 715, 1189, 1073741824, 56, 57344, 1024, 2097152, 256, 5, 7.38093 ms, 581.901 GB/s
  10, 0, Tesla P100-PCIE-16GB, 6.0, 715, 1189, 1073741824, 56, 114688, 2048, 2097152, 256, 5, 7.42128 ms, 578.737 GB/s
  11, 0, Tesla P100-PCIE-16GB, 6.0, 715, 1189, 1073741824, 56, 229376, 4096, 2097152, 256, 5, 7.47542 ms, 574.545 GB/s
  12, 0, Tesla P100-PCIE-16GB, 6.0, 715, 1189, 1073741824, 56, 458752, 8192, 2097152, 256, 5, 7.54378 ms, 569.339 GB/s
  13, 0, Tesla P100-PCIE-16GB, 6.0, 715, 1189, 1073741824, 56, 917504, 16384, 2097152, 256, 5, 10.7774 ms, 398.517 GB/s
  14, 0, Tesla P100-PCIE-16GB, 6.0, 715, 1189, 1073741824, 56, 1835008, 32768, 2097152, 256, 5, 19.2382 ms, 223.252 GB/s
  15, 0, Tesla P100-PCIE-16GB, 6.0, 715, 1189, 1073741824, 56, 2097152, 37449, 2097152, 256, 5, 21.5533 ms, 199.272 GB/s
   0, 0, Tesla P100-PCIE-16GB, 6.0, 715, 1189, 1073741824, 56, 112, 2, 1048576, 512, 5, 7.47568 ms, 574.525 GB/s
   1, 0, Tesla P100-PCIE-16GB, 6.0, 715, 1189, 1073741824, 56, 224, 4, 1048576, 512, 5, 7.64986 ms, 561.444 GB/s
   2, 0, Tesla P100-PCIE-16GB, 6.0, 715, 1189, 1073741824, 56, 448, 8, 1048576, 512, 5, 7.63434 ms, 562.586 GB/s
   3, 0, Tesla P100-PCIE-16GB, 6.0, 715, 1189, 1073741824, 56, 896, 16, 1048576, 512, 5, 7.61453 ms, 564.049 GB/s
   4, 0, Tesla P100-PCIE-16GB, 6.0, 715, 1189, 1073741824, 56, 1792, 32, 1048576, 512, 5, 7.64931 ms, 561.484 GB/s
   5, 0, Tesla P100-PCIE-16GB, 6.0, 715, 1189, 1073741824, 56, 3584, 64, 1048576, 512, 5, 7.65763 ms, 560.874 GB/s
   6, 0, Tesla P100-PCIE-16GB, 6.0, 715, 1189, 1073741824, 56, 7168, 128, 1048576, 512, 5, 7.64778 ms, 561.597 GB/s
   7, 0, Tesla P100-PCIE-16GB, 6.0, 715, 1189, 1073741824, 56, 14336, 256, 1048576, 512, 5, 8.13296 ms, 528.094 GB/s
   8, 0, Tesla P100-PCIE-16GB, 6.0, 715, 1189, 1073741824, 56, 28672, 512, 1048576, 512, 5, 7.42048 ms, 578.799 GB/s
   9, 0, Tesla P100-PCIE-16GB, 6.0, 715, 1189, 1073741824, 56, 57344, 1024, 1048576, 512, 5, 7.37555 ms, 582.325 GB/s
  10, 0, Tesla P100-PCIE-16GB, 6.0, 715, 1189, 1073741824, 56, 114688, 2048, 1048576, 512, 5, 7.37642 ms, 582.257 GB/s
  11, 0, Tesla P100-PCIE-16GB, 6.0, 715, 1189, 1073741824, 56, 229376, 4096, 1048576, 512, 5, 7.47114 ms, 574.875 GB/s
  12, 0, Tesla P100-PCIE-16GB, 6.0, 715, 1189, 1073741824, 56, 458752, 8192, 1048576, 512, 5, 11.1773 ms, 384.257 GB/s
  13, 0, Tesla P100-PCIE-16GB, 6.0, 715, 1189, 1073741824, 56, 917504, 16384, 1048576, 512, 5, 19.9196 ms, 215.615 GB/s
  14, 0, Tesla P100-PCIE-16GB, 6.0, 715, 1189, 1073741824, 56, 1048576, 18724, 1048576, 512, 5, 22.3702 ms, 191.995 GB/s
   0, 0, Tesla P100-PCIE-16GB, 6.0, 715, 1189, 1073741824, 56, 112, 2, 524288, 1024, 5, 7.66432 ms, 560.385 GB/s
   1, 0, Tesla P100-PCIE-16GB, 6.0, 715, 1189, 1073741824, 56, 224, 4, 524288, 1024, 5, 7.66141 ms, 560.598 GB/s
   2, 0, Tesla P100-PCIE-16GB, 6.0, 715, 1189, 1073741824, 56, 448, 8, 524288, 1024, 5, 7.66518 ms, 560.321 GB/s
   3, 0, Tesla P100-PCIE-16GB, 6.0, 715, 1189, 1073741824, 56, 896, 16, 524288, 1024, 5, 7.72854 ms, 555.728 GB/s
   4, 0, Tesla P100-PCIE-16GB, 6.0, 715, 1189, 1073741824, 56, 1792, 32, 524288, 1024, 5, 7.70477 ms, 557.443 GB/s
   5, 0, Tesla P100-PCIE-16GB, 6.0, 715, 1189, 1073741824, 56, 3584, 64, 524288, 1024, 5, 7.70762 ms, 557.237 GB/s
   6, 0, Tesla P100-PCIE-16GB, 6.0, 715, 1189, 1073741824, 56, 7168, 128, 524288, 1024, 5, 7.69795 ms, 557.936 GB/s
   7, 0, Tesla P100-PCIE-16GB, 6.0, 715, 1189, 1073741824, 56, 14336, 256, 524288, 1024, 5, 7.54566 ms, 569.197 GB/s
   8, 0, Tesla P100-PCIE-16GB, 6.0, 715, 1189, 1073741824, 56, 28672, 512, 524288, 1024, 5, 7.49059 ms, 573.382 GB/s
   9, 0, Tesla P100-PCIE-16GB, 6.0, 715, 1189, 1073741824, 56, 57344, 1024, 524288, 1024, 5, 7.47626 ms, 574.481 GB/s
  10, 0, Tesla P100-PCIE-16GB, 6.0, 715, 1189, 1073741824, 56, 114688, 2048, 524288, 1024, 5, 8.18358 ms, 524.827 GB/s
  11, 0, Tesla P100-PCIE-16GB, 6.0, 715, 1189, 1073741824, 56, 229376, 4096, 524288, 1024, 5, 12.3624 ms, 347.422 GB/s
  12, 0, Tesla P100-PCIE-16GB, 6.0, 715, 1189, 1073741824, 56, 458752, 8192, 524288, 1024, 5, 21.9158 ms, 195.975 GB/s
  13, 0, Tesla P100-PCIE-16GB, 6.0, 715, 1189, 1073741824, 56, 524288, 9362, 524288, 1024, 5, 24.3706 ms, 176.235 GB/s
