; saxpy-grid 1048576 1073741824, Thu Aug 23 16:47:35 2018
index,dev_id,dev_name,dev_CC,dev_memClock,dev_clock,n,numSMs,blocks_i,blocks_i/numSMs,blocks_n,TBlocksize,TRuns,min_time,max_throughput
   0, 0, Tesla P100-PCIE-16GB, 6.0, 715, 1189, 1048576, 56, 112, 2, 16384, 64, 5, 0.08816 ms, 142.728 GB/s
   1, 0, Tesla P100-PCIE-16GB, 6.0, 715, 1189, 1048576, 56, 224, 4, 16384, 64, 5, 0.054048 ms, 232.81 GB/s
   2, 0, Tesla P100-PCIE-16GB, 6.0, 715, 1189, 1048576, 56, 448, 8, 16384, 64, 5, 0.037312 ms, 337.235 GB/s
   3, 0, Tesla P100-PCIE-16GB, 6.0, 715, 1189, 1048576, 56, 896, 16, 16384, 64, 5, 0.031168 ms, 403.713 GB/s
   4, 0, Tesla P100-PCIE-16GB, 6.0, 715, 1189, 1048576, 56, 1792, 32, 16384, 64, 5, 0.030656 ms, 410.455 GB/s
   5, 0, Tesla P100-PCIE-16GB, 6.0, 715, 1189, 1048576, 56, 3584, 64, 16384, 64, 5, 0.028992 ms, 434.013 GB/s
   6, 0, Tesla P100-PCIE-16GB, 6.0, 715, 1189, 1048576, 56, 7168, 128, 16384, 64, 5, 0.028672 ms, 438.857 GB/s
   7, 0, Tesla P100-PCIE-16GB, 6.0, 715, 1189, 1048576, 56, 14336, 256, 16384, 64, 5, 0.03536 ms, 355.852 GB/s
   8, 0, Tesla P100-PCIE-16GB, 6.0, 715, 1189, 1048576, 56, 16384, 292, 16384, 64, 5, 0.038144 ms, 329.879 GB/s
   0, 0, Tesla P100-PCIE-16GB, 6.0, 715, 1189, 1048576, 56, 112, 2, 8192, 128, 5, 0.054144 ms, 232.397 GB/s
   1, 0, Tesla P100-PCIE-16GB, 6.0, 715, 1189, 1048576, 56, 224, 4, 8192, 128, 5, 0.0376 ms, 334.652 GB/s
   2, 0, Tesla P100-PCIE-16GB, 6.0, 715, 1189, 1048576, 56, 448, 8, 8192, 128, 5, 0.031168 ms, 403.713 GB/s
   3, 0, Tesla P100-PCIE-16GB, 6.0, 715, 1189, 1048576, 56, 896, 16, 8192, 128, 5, 0.03024 ms, 416.102 GB/s
   4, 0, Tesla P100-PCIE-16GB, 6.0, 715, 1189, 1048576, 56, 1792, 32, 8192, 128, 5, 0.029184 ms, 431.158 GB/s
   5, 0, Tesla P100-PCIE-16GB, 6.0, 715, 1189, 1048576, 56, 3584, 64, 8192, 128, 5, 0.028672 ms, 438.857 GB/s
   6, 0, Tesla P100-PCIE-16GB, 6.0, 715, 1189, 1048576, 56, 7168, 128, 8192, 128, 5, 0.028736 ms, 437.88 GB/s
   7, 0, Tesla P100-PCIE-16GB, 6.0, 715, 1189, 1048576, 56, 8192, 146, 8192, 128, 5, 0.030208 ms, 416.542 GB/s
   0, 0, Tesla P100-PCIE-16GB, 6.0, 715, 1189, 1048576, 56, 112, 2, 4096, 256, 5, 0.037056 ms, 339.565 GB/s
   1, 0, Tesla P100-PCIE-16GB, 6.0, 715, 1189, 1048576, 56, 224, 4, 4096, 256, 5, 0.031264 ms, 402.473 GB/s
   2, 0, Tesla P100-PCIE-16GB, 6.0, 715, 1189, 1048576, 56, 448, 8, 4096, 256, 5, 0.030496 ms, 412.609 GB/s
   3, 0, Tesla P100-PCIE-16GB, 6.0, 715, 1189, 1048576, 56, 896, 16, 4096, 256, 5, 0.028672 ms, 438.857 GB/s
   4, 0, Tesla P100-PCIE-16GB, 6.0, 715, 1189, 1048576, 56, 1792, 32, 4096, 256, 5, 0.028256 ms, 445.318 GB/s
   5, 0, Tesla P100-PCIE-16GB, 6.0, 715, 1189, 1048576, 56, 3584, 64, 4096, 256, 5, 0.0288 ms, 436.907 GB/s
   6, 0, Tesla P100-PCIE-16GB, 6.0, 715, 1189, 1048576, 56, 4096, 73, 4096, 256, 5, 0.030496 ms, 412.609 GB/s
   0, 0, Tesla P100-PCIE-16GB, 6.0, 715, 1189, 1048576, 56, 112, 2, 2048, 512, 5, 0.031328 ms, 401.651 GB/s
   1, 0, Tesla P100-PCIE-16GB, 6.0, 715, 1189, 1048576, 56, 224, 4, 2048, 512, 5, 0.030688 ms, 410.027 GB/s
   2, 0, Tesla P100-PCIE-16GB, 6.0, 715, 1189, 1048576, 56, 448, 8, 2048, 512, 5, 0.028864 ms, 435.938 GB/s
   3, 0, Tesla P100-PCIE-16GB, 6.0, 715, 1189, 1048576, 56, 896, 16, 2048, 512, 5, 0.02864 ms, 439.347 GB/s
   4, 0, Tesla P100-PCIE-16GB, 6.0, 715, 1189, 1048576, 56, 1792, 32, 2048, 512, 5, 0.028832 ms, 436.422 GB/s
   5, 0, Tesla P100-PCIE-16GB, 6.0, 715, 1189, 1048576, 56, 2048, 36, 2048, 512, 5, 0.030368 ms, 414.348 GB/s
   0, 0, Tesla P100-PCIE-16GB, 6.0, 715, 1189, 1048576, 56, 112, 2, 1024, 1024, 5, 0.030752 ms, 409.174 GB/s
   1, 0, Tesla P100-PCIE-16GB, 6.0, 715, 1189, 1048576, 56, 224, 4, 1024, 1024, 5, 0.029088 ms, 432.581 GB/s
   2, 0, Tesla P100-PCIE-16GB, 6.0, 715, 1189, 1048576, 56, 448, 8, 1024, 1024, 5, 0.029088 ms, 432.581 GB/s
   3, 0, Tesla P100-PCIE-16GB, 6.0, 715, 1189, 1048576, 56, 896, 16, 1024, 1024, 5, 0.028896 ms, 435.455 GB/s
   4, 0, Tesla P100-PCIE-16GB, 6.0, 715, 1189, 1048576, 56, 1024, 18, 1024, 1024, 5, 0.030368 ms, 414.348 GB/s
   0, 0, Tesla P100-PCIE-16GB, 6.0, 715, 1189, 2097152, 56, 112, 2, 32768, 64, 5, 0.165408 ms, 152.144 GB/s
   1, 0, Tesla P100-PCIE-16GB, 6.0, 715, 1189, 2097152, 56, 224, 4, 32768, 64, 5, 0.10032 ms, 250.856 GB/s
   2, 0, Tesla P100-PCIE-16GB, 6.0, 715, 1189, 2097152, 56, 448, 8, 32768, 64, 5, 0.067616 ms, 372.187 GB/s
   3, 0, Tesla P100-PCIE-16GB, 6.0, 715, 1189, 2097152, 56, 896, 16, 32768, 64, 5, 0.054592 ms, 460.98 GB/s
   4, 0, Tesla P100-PCIE-16GB, 6.0, 715, 1189, 2097152, 56, 1792, 32, 32768, 64, 5, 0.054208 ms, 464.246 GB/s
   5, 0, Tesla P100-PCIE-16GB, 6.0, 715, 1189, 2097152, 56, 3584, 64, 32768, 64, 5, 0.0552 ms, 455.903 GB/s
   6, 0, Tesla P100-PCIE-16GB, 6.0, 715, 1189, 2097152, 56, 7168, 128, 32768, 64, 5, 0.055264 ms, 455.375 GB/s
   7, 0, Tesla P100-PCIE-16GB, 6.0, 715, 1189, 2097152, 56, 14336, 256, 32768, 64, 5, 0.053312 ms, 472.048 GB/s
   8, 0, Tesla P100-PCIE-16GB, 6.0, 715, 1189, 2097152, 56, 28672, 512, 32768, 64, 5, 0.062848 ms, 400.424 GB/s
   9, 0, Tesla P100-PCIE-16GB, 6.0, 715, 1189, 2097152, 56, 32768, 585, 32768, 64, 5, 0.068992 ms, 364.764 GB/s
   0, 0, Tesla P100-PCIE-16GB, 6.0, 715, 1189, 2097152, 56, 112, 2, 16384, 128, 5, 0.100032 ms, 251.578 GB/s
   1, 0, Tesla P100-PCIE-16GB, 6.0, 715, 1189, 2097152, 56, 224, 4, 16384, 128, 5, 0.066464 ms, 378.638 GB/s
   2, 0, Tesla P100-PCIE-16GB, 6.0, 715, 1189, 2097152, 56, 448, 8, 16384, 128, 5, 0.055392 ms, 454.322 GB/s
   3, 0, Tesla P100-PCIE-16GB, 6.0, 715, 1189, 2097152, 56, 896, 16, 16384, 128, 5, 0.053728 ms, 468.393 GB/s
   4, 0, Tesla P100-PCIE-16GB, 6.0, 715, 1189, 2097152, 56, 1792, 32, 16384, 128, 5, 0.05456 ms, 461.25 GB/s
   5, 0, Tesla P100-PCIE-16GB, 6.0, 715, 1189, 2097152, 56, 3584, 64, 16384, 128, 5, 0.055136 ms, 456.432 GB/s
   6, 0, Tesla P100-PCIE-16GB, 6.0, 715, 1189, 2097152, 56, 7168, 128, 16384, 128, 5, 0.053152 ms, 473.469 GB/s
   7, 0, Tesla P100-PCIE-16GB, 6.0, 715, 1189, 2097152, 56, 14336, 256, 16384, 128, 5, 0.050976 ms, 493.68 GB/s
   8, 0, Tesla P100-PCIE-16GB, 6.0, 715, 1189, 2097152, 56, 16384, 292, 16384, 128, 5, 0.053408 ms, 471.2 GB/s
   0, 0, Tesla P100-PCIE-16GB, 6.0, 715, 1189, 2097152, 56, 112, 2, 8192, 256, 5, 0.068064 ms, 369.738 GB/s
   1, 0, Tesla P100-PCIE-16GB, 6.0, 715, 1189, 2097152, 56, 224, 4, 8192, 256, 5, 0.055424 ms, 454.06 GB/s
   2, 0, Tesla P100-PCIE-16GB, 6.0, 715, 1189, 2097152, 56, 448, 8, 8192, 256, 5, 0.053568 ms, 469.792 GB/s
   3, 0, Tesla P100-PCIE-16GB, 6.0, 715, 1189, 2097152, 56, 896, 16, 8192, 256, 5, 0.054752 ms, 459.633 GB/s
   4, 0, Tesla P100-PCIE-16GB, 6.0, 715, 1189, 2097152, 56, 1792, 32, 8192, 256, 5, 0.055168 ms, 456.167 GB/s
   5, 0, Tesla P100-PCIE-16GB, 6.0, 715, 1189, 2097152, 56, 3584, 64, 8192, 256, 5, 0.05248 ms, 479.532 GB/s
   6, 0, Tesla P100-PCIE-16GB, 6.0, 715, 1189, 2097152, 56, 7168, 128, 8192, 256, 5, 0.050208 ms, 501.231 GB/s
   7, 0, Tesla P100-PCIE-16GB, 6.0, 715, 1189, 2097152, 56, 8192, 146, 8192, 256, 5, 0.05328 ms, 472.332 GB/s
   0, 0, Tesla P100-PCIE-16GB, 6.0, 715, 1189, 2097152, 56, 112, 2, 4096, 512, 5, 0.05552 ms, 453.275 GB/s
   1, 0, Tesla P100-PCIE-16GB, 6.0, 715, 1189, 2097152, 56, 224, 4, 4096, 512, 5, 0.053152 ms, 473.469 GB/s
   2, 0, Tesla P100-PCIE-16GB, 6.0, 715, 1189, 2097152, 56, 448, 8, 4096, 512, 5, 0.053536 ms, 470.073 GB/s
   3, 0, Tesla P100-PCIE-16GB, 6.0, 715, 1189, 2097152, 56, 896, 16, 4096, 512, 5, 0.05408 ms, 465.344 GB/s
   4, 0, Tesla P100-PCIE-16GB, 6.0, 715, 1189, 2097152, 56, 1792, 32, 4096, 512, 5, 0.052448 ms, 479.824 GB/s
   5, 0, Tesla P100-PCIE-16GB, 6.0, 715, 1189, 2097152, 56, 3584, 64, 4096, 512, 5, 0.049664 ms, 506.722 GB/s
   6, 0, Tesla P100-PCIE-16GB, 6.0, 715, 1189, 2097152, 56, 4096, 73, 4096, 512, 5, 0.05264 ms, 478.074 GB/s
   0, 0, Tesla P100-PCIE-16GB, 6.0, 715, 1189, 2097152, 56, 112, 2, 2048, 1024, 5, 0.053024 ms, 474.612 GB/s
   1, 0, Tesla P100-PCIE-16GB, 6.0, 715, 1189, 2097152, 56, 224, 4, 2048, 1024, 5, 0.053856 ms, 467.28 GB/s
   2, 0, Tesla P100-PCIE-16GB, 6.0, 715, 1189, 2097152, 56, 448, 8, 2048, 1024, 5, 0.053856 ms, 467.28 GB/s
   3, 0, Tesla P100-PCIE-16GB, 6.0, 715, 1189, 2097152, 56, 896, 16, 2048, 1024, 5, 0.052544 ms, 478.948 GB/s
   4, 0, Tesla P100-PCIE-16GB, 6.0, 715, 1189, 2097152, 56, 1792, 32, 2048, 1024, 5, 0.050208 ms, 501.231 GB/s
   5, 0, Tesla P100-PCIE-16GB, 6.0, 715, 1189, 2097152, 56, 2048, 36, 2048, 1024, 5, 0.053344 ms, 471.765 GB/s
   0, 0, Tesla P100-PCIE-16GB, 6.0, 715, 1189, 4194304, 56, 112, 2, 65536, 64, 5, 0.323936 ms, 155.375 GB/s
   1, 0, Tesla P100-PCIE-16GB, 6.0, 715, 1189, 4194304, 56, 224, 4, 65536, 64, 5, 0.189472 ms, 265.642 GB/s
   2, 0, Tesla P100-PCIE-16GB, 6.0, 715, 1189, 4194304, 56, 448, 8, 65536, 64, 5, 0.124704 ms, 403.609 GB/s
   3, 0, Tesla P100-PCIE-16GB, 6.0, 715, 1189, 4194304, 56, 896, 16, 65536, 64, 5, 0.100704 ms, 499.798 GB/s
   4, 0, Tesla P100-PCIE-16GB, 6.0, 715, 1189, 4194304, 56, 1792, 32, 65536, 64, 5, 0.098688 ms, 510.008 GB/s
   5, 0, Tesla P100-PCIE-16GB, 6.0, 715, 1189, 4194304, 56, 3584, 64, 65536, 64, 5, 0.099968 ms, 503.478 GB/s
   6, 0, Tesla P100-PCIE-16GB, 6.0, 715, 1189, 4194304, 56, 7168, 128, 65536, 64, 5, 0.100896 ms, 498.847 GB/s
   7, 0, Tesla P100-PCIE-16GB, 6.0, 715, 1189, 4194304, 56, 14336, 256, 65536, 64, 5, 0.100768 ms, 499.48 GB/s
   8, 0, Tesla P100-PCIE-16GB, 6.0, 715, 1189, 4194304, 56, 28672, 512, 65536, 64, 5, 0.09888 ms, 509.017 GB/s
   9, 0, Tesla P100-PCIE-16GB, 6.0, 715, 1189, 4194304, 56, 57344, 1024, 65536, 64, 5, 0.12176 ms, 413.368 GB/s
  10, 0, Tesla P100-PCIE-16GB, 6.0, 715, 1189, 4194304, 56, 65536, 1170, 65536, 64, 5, 0.12912 ms, 389.805 GB/s
   0, 0, Tesla P100-PCIE-16GB, 6.0, 715, 1189, 4194304, 56, 112, 2, 32768, 128, 5, 0.190016 ms, 264.881 GB/s
   1, 0, Tesla P100-PCIE-16GB, 6.0, 715, 1189, 4194304, 56, 224, 4, 32768, 128, 5, 0.125088 ms, 402.37 GB/s
   2, 0, Tesla P100-PCIE-16GB, 6.0, 715, 1189, 4194304, 56, 448, 8, 32768, 128, 5, 0.100768 ms, 499.48 GB/s
   3, 0, Tesla P100-PCIE-16GB, 6.0, 715, 1189, 4194304, 56, 896, 16, 32768, 128, 5, 0.098016 ms, 513.504 GB/s
   4, 0, Tesla P100-PCIE-16GB, 6.0, 715, 1189, 4194304, 56, 1792, 32, 32768, 128, 5, 0.09888 ms, 509.017 GB/s
   5, 0, Tesla P100-PCIE-16GB, 6.0, 715, 1189, 4194304, 56, 3584, 64, 32768, 128, 5, 0.100864 ms, 499.005 GB/s
   6, 0, Tesla P100-PCIE-16GB, 6.0, 715, 1189, 4194304, 56, 7168, 128, 32768, 128, 5, 0.100224 ms, 502.192 GB/s
   7, 0, Tesla P100-PCIE-16GB, 6.0, 715, 1189, 4194304, 56, 14336, 256, 32768, 128, 5, 0.098464 ms, 511.168 GB/s
   8, 0, Tesla P100-PCIE-16GB, 6.0, 715, 1189, 4194304, 56, 28672, 512, 32768, 128, 5, 0.096544 ms, 521.334 GB/s
   9, 0, Tesla P100-PCIE-16GB, 6.0, 715, 1189, 4194304, 56, 32768, 585, 32768, 128, 5, 0.097472 ms, 516.37 GB/s
   0, 0, Tesla P100-PCIE-16GB, 6.0, 715, 1189, 4194304, 56, 112, 2, 16384, 256, 5, 0.124608 ms, 403.92 GB/s
   1, 0, Tesla P100-PCIE-16GB, 6.0, 715, 1189, 4194304, 56, 224, 4, 16384, 256, 5, 0.101472 ms, 496.015 GB/s
   2, 0, Tesla P100-PCIE-16GB, 6.0, 715, 1189, 4194304, 56, 448, 8, 16384, 256, 5, 0.098016 ms, 513.504 GB/s
   3, 0, Tesla P100-PCIE-16GB, 6.0, 715, 1189, 4194304, 56, 896, 16, 16384, 256, 5, 0.09904 ms, 508.195 GB/s
   4, 0, Tesla P100-PCIE-16GB, 6.0, 715, 1189, 4194304, 56, 1792, 32, 16384, 256, 5, 0.10016 ms, 502.512 GB/s
   5, 0, Tesla P100-PCIE-16GB, 6.0, 715, 1189, 4194304, 56, 3584, 64, 16384, 256, 5, 0.099776 ms, 504.446 GB/s
   6, 0, Tesla P100-PCIE-16GB, 6.0, 715, 1189, 4194304, 56, 7168, 128, 16384, 256, 5, 0.098016 ms, 513.504 GB/s
   7, 0, Tesla P100-PCIE-16GB, 6.0, 715, 1189, 4194304, 56, 14336, 256, 16384, 256, 5, 0.097088 ms, 518.413 GB/s
   8, 0, Tesla P100-PCIE-16GB, 6.0, 715, 1189, 4194304, 56, 16384, 292, 16384, 256, 5, 0.09776 ms, 514.849 GB/s
   0, 0, Tesla P100-PCIE-16GB, 6.0, 715, 1189, 4194304, 56, 112, 2, 8192, 512, 5, 0.102848 ms, 489.379 GB/s
   1, 0, Tesla P100-PCIE-16GB, 6.0, 715, 1189, 4194304, 56, 224, 4, 8192, 512, 5, 0.098016 ms, 513.504 GB/s
   2, 0, Tesla P100-PCIE-16GB, 6.0, 715, 1189, 4194304, 56, 448, 8, 8192, 512, 5, 0.09888 ms, 509.017 GB/s
   3, 0, Tesla P100-PCIE-16GB, 6.0, 715, 1189, 4194304, 56, 896, 16, 8192, 512, 5, 0.101088 ms, 497.899 GB/s
   4, 0, Tesla P100-PCIE-16GB, 6.0, 715, 1189, 4194304, 56, 1792, 32, 8192, 512, 5, 0.100544 ms, 500.593 GB/s
   5, 0, Tesla P100-PCIE-16GB, 6.0, 715, 1189, 4194304, 56, 3584, 64, 8192, 512, 5, 0.0984 ms, 511.501 GB/s
   6, 0, Tesla P100-PCIE-16GB, 6.0, 715, 1189, 4194304, 56, 7168, 128, 8192, 512, 5, 0.097632 ms, 515.524 GB/s
   7, 0, Tesla P100-PCIE-16GB, 6.0, 715, 1189, 4194304, 56, 8192, 146, 8192, 512, 5, 0.097952 ms, 513.84 GB/s
   0, 0, Tesla P100-PCIE-16GB, 6.0, 715, 1189, 4194304, 56, 112, 2, 4096, 1024, 5, 0.098816 ms, 509.347 GB/s
   1, 0, Tesla P100-PCIE-16GB, 6.0, 715, 1189, 4194304, 56, 224, 4, 4096, 1024, 5, 0.100128 ms, 502.673 GB/s
   2, 0, Tesla P100-PCIE-16GB, 6.0, 715, 1189, 4194304, 56, 448, 8, 4096, 1024, 5, 0.101056 ms, 498.057 GB/s
   3, 0, Tesla P100-PCIE-16GB, 6.0, 715, 1189, 4194304, 56, 896, 16, 4096, 1024, 5, 0.10048 ms, 500.912 GB/s
   4, 0, Tesla P100-PCIE-16GB, 6.0, 715, 1189, 4194304, 56, 1792, 32, 4096, 1024, 5, 0.09968 ms, 504.932 GB/s
   5, 0, Tesla P100-PCIE-16GB, 6.0, 715, 1189, 4194304, 56, 3584, 64, 4096, 1024, 5, 0.09808 ms, 513.169 GB/s
   6, 0, Tesla P100-PCIE-16GB, 6.0, 715, 1189, 4194304, 56, 4096, 73, 4096, 1024, 5, 0.098752 ms, 509.677 GB/s
   0, 0, Tesla P100-PCIE-16GB, 6.0, 715, 1189, 8388608, 56, 112, 2, 131072, 64, 5, 0.642496 ms, 156.675 GB/s
   1, 0, Tesla P100-PCIE-16GB, 6.0, 715, 1189, 8388608, 56, 224, 4, 131072, 64, 5, 0.375808 ms, 267.858 GB/s
   2, 0, Tesla P100-PCIE-16GB, 6.0, 715, 1189, 8388608, 56, 448, 8, 131072, 64, 5, 0.243968 ms, 412.609 GB/s
   3, 0, Tesla P100-PCIE-16GB, 6.0, 715, 1189, 8388608, 56, 896, 16, 131072, 64, 5, 0.197984 ms, 508.442 GB/s
   4, 0, Tesla P100-PCIE-16GB, 6.0, 715, 1189, 8388608, 56, 1792, 32, 131072, 64, 5, 0.194112 ms, 518.584 GB/s
   5, 0, Tesla P100-PCIE-16GB, 6.0, 715, 1189, 8388608, 56, 3584, 64, 131072, 64, 5, 0.1952 ms, 515.693 GB/s
   6, 0, Tesla P100-PCIE-16GB, 6.0, 715, 1189, 8388608, 56, 7168, 128, 131072, 64, 5, 0.20128 ms, 500.116 GB/s
   7, 0, Tesla P100-PCIE-16GB, 6.0, 715, 1189, 8388608, 56, 14336, 256, 131072, 64, 5, 0.198464 ms, 507.212 GB/s
   8, 0, Tesla P100-PCIE-16GB, 6.0, 715, 1189, 8388608, 56, 28672, 512, 131072, 64, 5, 0.195168 ms, 515.778 GB/s
   9, 0, Tesla P100-PCIE-16GB, 6.0, 715, 1189, 8388608, 56, 57344, 1024, 131072, 64, 5, 0.19264 ms, 522.546 GB/s
  10, 0, Tesla P100-PCIE-16GB, 6.0, 715, 1189, 8388608, 56, 114688, 2048, 131072, 64, 5, 0.242112 ms, 415.772 GB/s
  11, 0, Tesla P100-PCIE-16GB, 6.0, 715, 1189, 8388608, 56, 131072, 2340, 131072, 64, 5, 0.254272 ms, 395.888 GB/s
   0, 0, Tesla P100-PCIE-16GB, 6.0, 715, 1189, 8388608, 56, 112, 2, 65536, 128, 5, 0.375424 ms, 268.132 GB/s
   1, 0, Tesla P100-PCIE-16GB, 6.0, 715, 1189, 8388608, 56, 224, 4, 65536, 128, 5, 0.243392 ms, 413.585 GB/s
   2, 0, Tesla P100-PCIE-16GB, 6.0, 715, 1189, 8388608, 56, 448, 8, 65536, 128, 5, 0.198784 ms, 506.395 GB/s
   3, 0, Tesla P100-PCIE-16GB, 6.0, 715, 1189, 8388608, 56, 896, 16, 65536, 128, 5, 0.192352 ms, 523.329 GB/s
   4, 0, Tesla P100-PCIE-16GB, 6.0, 715, 1189, 8388608, 56, 1792, 32, 65536, 128, 5, 0.194528 ms, 517.475 GB/s
   5, 0, Tesla P100-PCIE-16GB, 6.0, 715, 1189, 8388608, 56, 3584, 64, 65536, 128, 5, 0.1992 ms, 505.338 GB/s
   6, 0, Tesla P100-PCIE-16GB, 6.0, 715, 1189, 8388608, 56, 7168, 128, 65536, 128, 5, 0.197024 ms, 510.919 GB/s
   7, 0, Tesla P100-PCIE-16GB, 6.0, 715, 1189, 8388608, 56, 14336, 256, 65536, 128, 5, 0.194592 ms, 517.304 GB/s
   8, 0, Tesla P100-PCIE-16GB, 6.0, 715, 1189, 8388608, 56, 28672, 512, 65536, 128, 5, 0.191552 ms, 525.514 GB/s
   9, 0, Tesla P100-PCIE-16GB, 6.0, 715, 1189, 8388608, 56, 57344, 1024, 65536, 128, 5, 0.191552 ms, 525.514 GB/s
  10, 0, Tesla P100-PCIE-16GB, 6.0, 715, 1189, 8388608, 56, 65536, 1170, 65536, 128, 5, 0.191616 ms, 525.339 GB/s
   0, 0, Tesla P100-PCIE-16GB, 6.0, 715, 1189, 8388608, 56, 112, 2, 32768, 256, 5, 0.24464 ms, 411.475 GB/s
   1, 0, Tesla P100-PCIE-16GB, 6.0, 715, 1189, 8388608, 56, 224, 4, 32768, 256, 5, 0.200704 ms, 501.551 GB/s
   2, 0, Tesla P100-PCIE-16GB, 6.0, 715, 1189, 8388608, 56, 448, 8, 32768, 256, 5, 0.193152 ms, 521.161 GB/s
   3, 0, Tesla P100-PCIE-16GB, 6.0, 715, 1189, 8388608, 56, 896, 16, 32768, 256, 5, 0.194016 ms, 518.84 GB/s
   4, 0, Tesla P100-PCIE-16GB, 6.0, 715, 1189, 8388608, 56, 1792, 32, 32768, 256, 5, 0.199616 ms, 504.285 GB/s
   5, 0, Tesla P100-PCIE-16GB, 6.0, 715, 1189, 8388608, 56, 3584, 64, 32768, 256, 5, 0.197632 ms, 509.347 GB/s
   6, 0, Tesla P100-PCIE-16GB, 6.0, 715, 1189, 8388608, 56, 7168, 128, 32768, 256, 5, 0.19488 ms, 516.54 GB/s
   7, 0, Tesla P100-PCIE-16GB, 6.0, 715, 1189, 8388608, 56, 14336, 256, 32768, 256, 5, 0.192224 ms, 523.677 GB/s
   8, 0, Tesla P100-PCIE-16GB, 6.0, 715, 1189, 8388608, 56, 28672, 512, 32768, 256, 5, 0.191904 ms, 524.55 GB/s
   9, 0, Tesla P100-PCIE-16GB, 6.0, 715, 1189, 8388608, 56, 32768, 585, 32768, 256, 5, 0.19232 ms, 523.416 GB/s
   0, 0, Tesla P100-PCIE-16GB, 6.0, 715, 1189, 8388608, 56, 112, 2, 16384, 512, 5, 0.198208 ms, 507.867 GB/s
   1, 0, Tesla P100-PCIE-16GB, 6.0, 715, 1189, 8388608, 56, 224, 4, 16384, 512, 5, 0.192416 ms, 523.154 GB/s
   2, 0, Tesla P100-PCIE-16GB, 6.0, 715, 1189, 8388608, 56, 448, 8, 16384, 512, 5, 0.195392 ms, 515.186 GB/s
   3, 0, Tesla P100-PCIE-16GB, 6.0, 715, 1189, 8388608, 56, 896, 16, 16384, 512, 5, 0.199264 ms, 505.176 GB/s
   4, 0, Tesla P100-PCIE-16GB, 6.0, 715, 1189, 8388608, 56, 1792, 32, 16384, 512, 5, 0.19776 ms, 509.017 GB/s
   5, 0, Tesla P100-PCIE-16GB, 6.0, 715, 1189, 8388608, 56, 3584, 64, 16384, 512, 5, 0.19504 ms, 516.116 GB/s
   6, 0, Tesla P100-PCIE-16GB, 6.0, 715, 1189, 8388608, 56, 7168, 128, 16384, 512, 5, 0.192608 ms, 522.633 GB/s
   7, 0, Tesla P100-PCIE-16GB, 6.0, 715, 1189, 8388608, 56, 14336, 256, 16384, 512, 5, 0.192384 ms, 523.242 GB/s
   8, 0, Tesla P100-PCIE-16GB, 6.0, 715, 1189, 8388608, 56, 16384, 292, 16384, 512, 5, 0.192512 ms, 522.894 GB/s
   0, 0, Tesla P100-PCIE-16GB, 6.0, 715, 1189, 8388608, 56, 112, 2, 8192, 1024, 5, 0.19216 ms, 523.851 GB/s
   1, 0, Tesla P100-PCIE-16GB, 6.0, 715, 1189, 8388608, 56, 224, 4, 8192, 1024, 5, 0.195776 ms, 514.176 GB/s
   2, 0, Tesla P100-PCIE-16GB, 6.0, 715, 1189, 8388608, 56, 448, 8, 8192, 1024, 5, 0.199136 ms, 505.5 GB/s
   3, 0, Tesla P100-PCIE-16GB, 6.0, 715, 1189, 8388608, 56, 896, 16, 8192, 1024, 5, 0.19744 ms, 509.842 GB/s
   4, 0, Tesla P100-PCIE-16GB, 6.0, 715, 1189, 8388608, 56, 1792, 32, 8192, 1024, 5, 0.19616 ms, 513.169 GB/s
   5, 0, Tesla P100-PCIE-16GB, 6.0, 715, 1189, 8388608, 56, 3584, 64, 8192, 1024, 5, 0.194912 ms, 516.455 GB/s
   6, 0, Tesla P100-PCIE-16GB, 6.0, 715, 1189, 8388608, 56, 7168, 128, 8192, 1024, 5, 0.1944 ms, 517.815 GB/s
   7, 0, Tesla P100-PCIE-16GB, 6.0, 715, 1189, 8388608, 56, 8192, 146, 8192, 1024, 5, 0.19472 ms, 516.964 GB/s
   0, 0, Tesla P100-PCIE-16GB, 6.0, 715, 1189, 16777216, 56, 112, 2, 262144, 64, 5, 1.26954 ms, 158.583 GB/s
   1, 0, Tesla P100-PCIE-16GB, 6.0, 715, 1189, 16777216, 56, 224, 4, 262144, 64, 5, 0.74848 ms, 268.981 GB/s
   2, 0, Tesla P100-PCIE-16GB, 6.0, 715, 1189, 16777216, 56, 448, 8, 262144, 64, 5, 0.49088 ms, 410.134 GB/s
   3, 0, Tesla P100-PCIE-16GB, 6.0, 715, 1189, 16777216, 56, 896, 16, 262144, 64, 5, 0.394208 ms, 510.712 GB/s
   4, 0, Tesla P100-PCIE-16GB, 6.0, 715, 1189, 16777216, 56, 1792, 32, 262144, 64, 5, 0.3784 ms, 532.047 GB/s
   5, 0, Tesla P100-PCIE-16GB, 6.0, 715, 1189, 16777216, 56, 3584, 64, 262144, 64, 5, 0.38224 ms, 526.702 GB/s
   6, 0, Tesla P100-PCIE-16GB, 6.0, 715, 1189, 16777216, 56, 7168, 128, 262144, 64, 5, 0.391808 ms, 513.84 GB/s
   7, 0, Tesla P100-PCIE-16GB, 6.0, 715, 1189, 16777216, 56, 14336, 256, 262144, 64, 5, 0.39056 ms, 515.482 GB/s
   8, 0, Tesla P100-PCIE-16GB, 6.0, 715, 1189, 16777216, 56, 28672, 512, 262144, 64, 5, 0.382688 ms, 526.085 GB/s
   9, 0, Tesla P100-PCIE-16GB, 6.0, 715, 1189, 16777216, 56, 57344, 1024, 262144, 64, 5, 0.380608 ms, 528.96 GB/s
  10, 0, Tesla P100-PCIE-16GB, 6.0, 715, 1189, 16777216, 56, 114688, 2048, 262144, 64, 5, 0.375264 ms, 536.493 GB/s
  11, 0, Tesla P100-PCIE-16GB, 6.0, 715, 1189, 16777216, 56, 229376, 4096, 262144, 64, 5, 0.469888 ms, 428.457 GB/s
  12, 0, Tesla P100-PCIE-16GB, 6.0, 715, 1189, 16777216, 56, 262144, 4681, 262144, 64, 5, 0.498208 ms, 404.102 GB/s
   0, 0, Tesla P100-PCIE-16GB, 6.0, 715, 1189, 16777216, 56, 112, 2, 131072, 128, 5, 0.746528 ms, 269.684 GB/s
   1, 0, Tesla P100-PCIE-16GB, 6.0, 715, 1189, 16777216, 56, 224, 4, 131072, 128, 5, 0.494336 ms, 407.267 GB/s
   2, 0, Tesla P100-PCIE-16GB, 6.0, 715, 1189, 16777216, 56, 448, 8, 131072, 128, 5, 0.391104 ms, 514.765 GB/s
   3, 0, Tesla P100-PCIE-16GB, 6.0, 715, 1189, 16777216, 56, 896, 16, 131072, 128, 5, 0.381056 ms, 528.339 GB/s
   4, 0, Tesla P100-PCIE-16GB, 6.0, 715, 1189, 16777216, 56, 1792, 32, 131072, 128, 5, 0.383328 ms, 525.207 GB/s
   5, 0, Tesla P100-PCIE-16GB, 6.0, 715, 1189, 16777216, 56, 3584, 64, 131072, 128, 5, 0.389728 ms, 516.582 GB/s
   6, 0, Tesla P100-PCIE-16GB, 6.0, 715, 1189, 16777216, 56, 7168, 128, 131072, 128, 5, 0.3912 ms, 514.639 GB/s
   7, 0, Tesla P100-PCIE-16GB, 6.0, 715, 1189, 16777216, 56, 14336, 256, 131072, 128, 5, 0.381184 ms, 528.161 GB/s
   8, 0, Tesla P100-PCIE-16GB, 6.0, 715, 1189, 16777216, 56, 28672, 512, 131072, 128, 5, 0.377792 ms, 532.903 GB/s
   9, 0, Tesla P100-PCIE-16GB, 6.0, 715, 1189, 16777216, 56, 57344, 1024, 131072, 128, 5, 0.375456 ms, 536.219 GB/s
  10, 0, Tesla P100-PCIE-16GB, 6.0, 715, 1189, 16777216, 56, 114688, 2048, 131072, 128, 5, 0.372736 ms, 540.132 GB/s
  11, 0, Tesla P100-PCIE-16GB, 6.0, 715, 1189, 16777216, 56, 131072, 2340, 131072, 128, 5, 0.371584 ms, 541.806 GB/s
   0, 0, Tesla P100-PCIE-16GB, 6.0, 715, 1189, 16777216, 56, 112, 2, 65536, 256, 5, 0.49088 ms, 410.134 GB/s
   1, 0, Tesla P100-PCIE-16GB, 6.0, 715, 1189, 16777216, 56, 224, 4, 65536, 256, 5, 0.392448 ms, 513.002 GB/s
   2, 0, Tesla P100-PCIE-16GB, 6.0, 715, 1189, 16777216, 56, 448, 8, 65536, 256, 5, 0.379872 ms, 529.985 GB/s
   3, 0, Tesla P100-PCIE-16GB, 6.0, 715, 1189, 16777216, 56, 896, 16, 65536, 256, 5, 0.382176 ms, 526.79 GB/s
   4, 0, Tesla P100-PCIE-16GB, 6.0, 715, 1189, 16777216, 56, 1792, 32, 65536, 256, 5, 0.389664 ms, 516.667 GB/s
   5, 0, Tesla P100-PCIE-16GB, 6.0, 715, 1189, 16777216, 56, 3584, 64, 65536, 256, 5, 0.389984 ms, 516.243 GB/s
   6, 0, Tesla P100-PCIE-16GB, 6.0, 715, 1189, 16777216, 56, 7168, 128, 65536, 256, 5, 0.38176 ms, 527.364 GB/s
   7, 0, Tesla P100-PCIE-16GB, 6.0, 715, 1189, 16777216, 56, 14336, 256, 65536, 256, 5, 0.379904 ms, 529.941 GB/s
   8, 0, Tesla P100-PCIE-16GB, 6.0, 715, 1189, 16777216, 56, 28672, 512, 65536, 256, 5, 0.374272 ms, 537.915 GB/s
   9, 0, Tesla P100-PCIE-16GB, 6.0, 715, 1189, 16777216, 56, 57344, 1024, 65536, 256, 5, 0.373696 ms, 538.744 GB/s
  10, 0, Tesla P100-PCIE-16GB, 6.0, 715, 1189, 16777216, 56, 65536, 1170, 65536, 256, 5, 0.373408 ms, 539.16 GB/s
   0, 0, Tesla P100-PCIE-16GB, 6.0, 715, 1189, 16777216, 56, 112, 2, 32768, 512, 5, 0.392128 ms, 513.421 GB/s
   1, 0, Tesla P100-PCIE-16GB, 6.0, 715, 1189, 16777216, 56, 224, 4, 32768, 512, 5, 0.38336 ms, 525.163 GB/s
   2, 0, Tesla P100-PCIE-16GB, 6.0, 715, 1189, 16777216, 56, 448, 8, 32768, 512, 5, 0.384224 ms, 523.982 GB/s
   3, 0, Tesla P100-PCIE-16GB, 6.0, 715, 1189, 16777216, 56, 896, 16, 32768, 512, 5, 0.389376 ms, 517.049 GB/s
   4, 0, Tesla P100-PCIE-16GB, 6.0, 715, 1189, 16777216, 56, 1792, 32, 32768, 512, 5, 0.389888 ms, 516.37 GB/s
   5, 0, Tesla P100-PCIE-16GB, 6.0, 715, 1189, 16777216, 56, 3584, 64, 32768, 512, 5, 0.381472 ms, 527.762 GB/s
   6, 0, Tesla P100-PCIE-16GB, 6.0, 715, 1189, 16777216, 56, 7168, 128, 32768, 512, 5, 0.379328 ms, 530.745 GB/s
   7, 0, Tesla P100-PCIE-16GB, 6.0, 715, 1189, 16777216, 56, 14336, 256, 32768, 512, 5, 0.37616 ms, 535.215 GB/s
   8, 0, Tesla P100-PCIE-16GB, 6.0, 715, 1189, 16777216, 56, 28672, 512, 32768, 512, 5, 0.373856 ms, 538.514 GB/s
   9, 0, Tesla P100-PCIE-16GB, 6.0, 715, 1189, 16777216, 56, 32768, 585, 32768, 512, 5, 0.373696 ms, 538.744 GB/s
   0, 0, Tesla P100-PCIE-16GB, 6.0, 715, 1189, 16777216, 56, 112, 2, 16384, 1024, 5, 0.380384 ms, 529.272 GB/s
   1, 0, Tesla P100-PCIE-16GB, 6.0, 715, 1189, 16777216, 56, 224, 4, 16384, 1024, 5, 0.381824 ms, 527.276 GB/s
   2, 0, Tesla P100-PCIE-16GB, 6.0, 715, 1189, 16777216, 56, 448, 8, 16384, 1024, 5, 0.386752 ms, 520.557 GB/s
   3, 0, Tesla P100-PCIE-16GB, 6.0, 715, 1189, 16777216, 56, 896, 16, 16384, 1024, 5, 0.389664 ms, 516.667 GB/s
   4, 0, Tesla P100-PCIE-16GB, 6.0, 715, 1189, 16777216, 56, 1792, 32, 16384, 1024, 5, 0.383296 ms, 525.251 GB/s
   5, 0, Tesla P100-PCIE-16GB, 6.0, 715, 1189, 16777216, 56, 3584, 64, 16384, 1024, 5, 0.379168 ms, 530.969 GB/s
   6, 0, Tesla P100-PCIE-16GB, 6.0, 715, 1189, 16777216, 56, 7168, 128, 16384, 1024, 5, 0.378624 ms, 531.732 GB/s
   7, 0, Tesla P100-PCIE-16GB, 6.0, 715, 1189, 16777216, 56, 14336, 256, 16384, 1024, 5, 0.377408 ms, 533.445 GB/s
   8, 0, Tesla P100-PCIE-16GB, 6.0, 715, 1189, 16777216, 56, 16384, 292, 16384, 1024, 5, 0.37776 ms, 532.948 GB/s
   0, 0, Tesla P100-PCIE-16GB, 6.0, 715, 1189, 33554432, 56, 112, 2, 524288, 64, 5, 2.54179 ms, 158.413 GB/s
   1, 0, Tesla P100-PCIE-16GB, 6.0, 715, 1189, 33554432, 56, 224, 4, 524288, 64, 5, 1.48576 ms, 271.008 GB/s
   2, 0, Tesla P100-PCIE-16GB, 6.0, 715, 1189, 33554432, 56, 448, 8, 524288, 64, 5, 0.964864 ms, 417.316 GB/s
   3, 0, Tesla P100-PCIE-16GB, 6.0, 715, 1189, 33554432, 56, 896, 16, 524288, 64, 5, 0.777504 ms, 517.879 GB/s
   4, 0, Tesla P100-PCIE-16GB, 6.0, 715, 1189, 33554432, 56, 1792, 32, 524288, 64, 5, 0.757856 ms, 531.306 GB/s
   5, 0, Tesla P100-PCIE-16GB, 6.0, 715, 1189, 33554432, 56, 3584, 64, 524288, 64, 5, 0.764224 ms, 526.878 GB/s
   6, 0, Tesla P100-PCIE-16GB, 6.0, 715, 1189, 33554432, 56, 7168, 128, 524288, 64, 5, 0.796224 ms, 505.703 GB/s
   7, 0, Tesla P100-PCIE-16GB, 6.0, 715, 1189, 33554432, 56, 14336, 256, 524288, 64, 5, 0.778368 ms, 517.304 GB/s
   8, 0, Tesla P100-PCIE-16GB, 6.0, 715, 1189, 33554432, 56, 28672, 512, 524288, 64, 5, 0.757888 ms, 531.283 GB/s
   9, 0, Tesla P100-PCIE-16GB, 6.0, 715, 1189, 33554432, 56, 57344, 1024, 524288, 64, 5, 0.75616 ms, 532.497 GB/s
  10, 0, Tesla P100-PCIE-16GB, 6.0, 715, 1189, 33554432, 56, 114688, 2048, 524288, 64, 5, 0.757728 ms, 531.395 GB/s
  11, 0, Tesla P100-PCIE-16GB, 6.0, 715, 1189, 33554432, 56, 229376, 4096, 524288, 64, 5, 0.754176 ms, 533.898 GB/s
  12, 0, Tesla P100-PCIE-16GB, 6.0, 715, 1189, 33554432, 56, 458752, 8192, 524288, 64, 5, 0.932224 ms, 431.928 GB/s
  13, 0, Tesla P100-PCIE-16GB, 6.0, 715, 1189, 33554432, 56, 524288, 9362, 524288, 64, 5, 0.985952 ms, 408.39 GB/s
   0, 0, Tesla P100-PCIE-16GB, 6.0, 715, 1189, 33554432, 56, 112, 2, 262144, 128, 5, 1.488 ms, 270.6 GB/s
   1, 0, Tesla P100-PCIE-16GB, 6.0, 715, 1189, 33554432, 56, 224, 4, 262144, 128, 5, 0.965024 ms, 417.247 GB/s
   2, 0, Tesla P100-PCIE-16GB, 6.0, 715, 1189, 33554432, 56, 448, 8, 262144, 128, 5, 0.776384 ms, 518.626 GB/s
   3, 0, Tesla P100-PCIE-16GB, 6.0, 715, 1189, 33554432, 56, 896, 16, 262144, 128, 5, 0.755584 ms, 532.903 GB/s
   4, 0, Tesla P100-PCIE-16GB, 6.0, 715, 1189, 33554432, 56, 1792, 32, 262144, 128, 5, 0.760416 ms, 529.517 GB/s
   5, 0, Tesla P100-PCIE-16GB, 6.0, 715, 1189, 33554432, 56, 3584, 64, 262144, 128, 5, 0.791872 ms, 508.483 GB/s
   6, 0, Tesla P100-PCIE-16GB, 6.0, 715, 1189, 33554432, 56, 7168, 128, 262144, 128, 5, 0.7744 ms, 519.955 GB/s
   7, 0, Tesla P100-PCIE-16GB, 6.0, 715, 1189, 33554432, 56, 14336, 256, 262144, 128, 5, 0.756704 ms, 532.115 GB/s
   8, 0, Tesla P100-PCIE-16GB, 6.0, 715, 1189, 33554432, 56, 28672, 512, 262144, 128, 5, 0.755104 ms, 533.242 GB/s
   9, 0, Tesla P100-PCIE-16GB, 6.0, 715, 1189, 33554432, 56, 57344, 1024, 262144, 128, 5, 0.756544 ms, 532.227 GB/s
  10, 0, Tesla P100-PCIE-16GB, 6.0, 715, 1189, 33554432, 56, 114688, 2048, 262144, 128, 5, 0.754112 ms, 533.943 GB/s
  11, 0, Tesla P100-PCIE-16GB, 6.0, 715, 1189, 33554432, 56, 229376, 4096, 262144, 128, 5, 0.744736 ms, 540.666 GB/s
  12, 0, Tesla P100-PCIE-16GB, 6.0, 715, 1189, 33554432, 56, 262144, 4681, 262144, 128, 5, 0.74224 ms, 542.484 GB/s
   0, 0, Tesla P100-PCIE-16GB, 6.0, 715, 1189, 33554432, 56, 112, 2, 131072, 256, 5, 0.964384 ms, 417.524 GB/s
   1, 0, Tesla P100-PCIE-16GB, 6.0, 715, 1189, 33554432, 56, 224, 4, 131072, 256, 5, 0.776992 ms, 518.22 GB/s
   2, 0, Tesla P100-PCIE-16GB, 6.0, 715, 1189, 33554432, 56, 448, 8, 131072, 256, 5, 0.754112 ms, 533.943 GB/s
   3, 0, Tesla P100-PCIE-16GB, 6.0, 715, 1189, 33554432, 56, 896, 16, 131072, 256, 5, 0.75968 ms, 530.03 GB/s
   4, 0, Tesla P100-PCIE-16GB, 6.0, 715, 1189, 33554432, 56, 1792, 32, 131072, 256, 5, 0.791776 ms, 508.544 GB/s
   5, 0, Tesla P100-PCIE-16GB, 6.0, 715, 1189, 33554432, 56, 3584, 64, 131072, 256, 5, 0.774368 ms, 519.977 GB/s
   6, 0, Tesla P100-PCIE-16GB, 6.0, 715, 1189, 33554432, 56, 7168, 128, 131072, 256, 5, 0.757344 ms, 531.665 GB/s
   7, 0, Tesla P100-PCIE-16GB, 6.0, 715, 1189, 33554432, 56, 14336, 256, 131072, 256, 5, 0.75584 ms, 532.723 GB/s
   8, 0, Tesla P100-PCIE-16GB, 6.0, 715, 1189, 33554432, 56, 28672, 512, 131072, 256, 5, 0.756928 ms, 531.957 GB/s
   9, 0, Tesla P100-PCIE-16GB, 6.0, 715, 1189, 33554432, 56, 57344, 1024, 131072, 256, 5, 0.752608 ms, 535.01 GB/s
  10, 0, Tesla P100-PCIE-16GB, 6.0, 715, 1189, 33554432, 56, 114688, 2048, 131072, 256, 5, 0.743904 ms, 541.27 GB/s
  11, 0, Tesla P100-PCIE-16GB, 6.0, 715, 1189, 33554432, 56, 131072, 2340, 131072, 256, 5, 0.743392 ms, 541.643 GB/s
   0, 0, Tesla P100-PCIE-16GB, 6.0, 715, 1189, 33554432, 56, 112, 2, 65536, 512, 5, 0.779616 ms, 516.476 GB/s
   1, 0, Tesla P100-PCIE-16GB, 6.0, 715, 1189, 33554432, 56, 224, 4, 65536, 512, 5, 0.751232 ms, 535.99 GB/s
   2, 0, Tesla P100-PCIE-16GB, 6.0, 715, 1189, 33554432, 56, 448, 8, 65536, 512, 5, 0.757824 ms, 531.328 GB/s
   3, 0, Tesla P100-PCIE-16GB, 6.0, 715, 1189, 33554432, 56, 896, 16, 65536, 512, 5, 0.783488 ms, 513.924 GB/s
   4, 0, Tesla P100-PCIE-16GB, 6.0, 715, 1189, 33554432, 56, 1792, 32, 65536, 512, 5, 0.773536 ms, 520.536 GB/s
   5, 0, Tesla P100-PCIE-16GB, 6.0, 715, 1189, 33554432, 56, 3584, 64, 65536, 512, 5, 0.757536 ms, 531.53 GB/s
   6, 0, Tesla P100-PCIE-16GB, 6.0, 715, 1189, 33554432, 56, 7168, 128, 65536, 512, 5, 0.754688 ms, 533.536 GB/s
   7, 0, Tesla P100-PCIE-16GB, 6.0, 715, 1189, 33554432, 56, 14336, 256, 65536, 512, 5, 0.755552 ms, 532.926 GB/s
   8, 0, Tesla P100-PCIE-16GB, 6.0, 715, 1189, 33554432, 56, 28672, 512, 65536, 512, 5, 0.75184 ms, 535.557 GB/s
   9, 0, Tesla P100-PCIE-16GB, 6.0, 715, 1189, 33554432, 56, 57344, 1024, 65536, 512, 5, 0.746816 ms, 539.16 GB/s
  10, 0, Tesla P100-PCIE-16GB, 6.0, 715, 1189, 33554432, 56, 65536, 1170, 65536, 512, 5, 0.745184 ms, 540.341 GB/s
   0, 0, Tesla P100-PCIE-16GB, 6.0, 715, 1189, 33554432, 56, 112, 2, 32768, 1024, 5, 0.755904 ms, 532.678 GB/s
   1, 0, Tesla P100-PCIE-16GB, 6.0, 715, 1189, 33554432, 56, 224, 4, 32768, 1024, 5, 0.757824 ms, 531.328 GB/s
   2, 0, Tesla P100-PCIE-16GB, 6.0, 715, 1189, 33554432, 56, 448, 8, 32768, 1024, 5, 0.784832 ms, 513.044 GB/s
   3, 0, Tesla P100-PCIE-16GB, 6.0, 715, 1189, 33554432, 56, 896, 16, 32768, 1024, 5, 0.771328 ms, 522.026 GB/s
   4, 0, Tesla P100-PCIE-16GB, 6.0, 715, 1189, 33554432, 56, 1792, 32, 32768, 1024, 5, 0.757824 ms, 531.328 GB/s
   5, 0, Tesla P100-PCIE-16GB, 6.0, 715, 1189, 33554432, 56, 3584, 64, 32768, 1024, 5, 0.754208 ms, 533.875 GB/s
   6, 0, Tesla P100-PCIE-16GB, 6.0, 715, 1189, 33554432, 56, 7168, 128, 32768, 1024, 5, 0.756416 ms, 532.317 GB/s
   7, 0, Tesla P100-PCIE-16GB, 6.0, 715, 1189, 33554432, 56, 14336, 256, 32768, 1024, 5, 0.757344 ms, 531.665 GB/s
   8, 0, Tesla P100-PCIE-16GB, 6.0, 715, 1189, 33554432, 56, 28672, 512, 32768, 1024, 5, 0.757472 ms, 531.575 GB/s
   9, 0, Tesla P100-PCIE-16GB, 6.0, 715, 1189, 33554432, 56, 32768, 585, 32768, 1024, 5, 0.758144 ms, 531.104 GB/s
   0, 0, Tesla P100-PCIE-16GB, 6.0, 715, 1189, 67108864, 56, 112, 2, 1048576, 64, 5, 5.13066 ms, 156.96 GB/s
   1, 0, Tesla P100-PCIE-16GB, 6.0, 715, 1189, 67108864, 56, 224, 4, 1048576, 64, 5, 3.02157 ms, 266.519 GB/s
   2, 0, Tesla P100-PCIE-16GB, 6.0, 715, 1189, 67108864, 56, 448, 8, 1048576, 64, 5, 1.96643 ms, 409.527 GB/s
   3, 0, Tesla P100-PCIE-16GB, 6.0, 715, 1189, 67108864, 56, 896, 16, 1048576, 64, 5, 1.57917 ms, 509.956 GB/s
   4, 0, Tesla P100-PCIE-16GB, 6.0, 715, 1189, 67108864, 56, 1792, 32, 1048576, 64, 5, 1.53811 ms, 523.568 GB/s
   5, 0, Tesla P100-PCIE-16GB, 6.0, 715, 1189, 67108864, 56, 3584, 64, 1048576, 64, 5, 1.55459 ms, 518.018 GB/s
   6, 0, Tesla P100-PCIE-16GB, 6.0, 715, 1189, 67108864, 56, 7168, 128, 1048576, 64, 5, 1.58976 ms, 506.558 GB/s
   7, 0, Tesla P100-PCIE-16GB, 6.0, 715, 1189, 67108864, 56, 14336, 256, 1048576, 64, 5, 1.55392 ms, 518.242 GB/s
   8, 0, Tesla P100-PCIE-16GB, 6.0, 715, 1189, 67108864, 56, 28672, 512, 1048576, 64, 5, 1.53203 ms, 525.646 GB/s
   9, 0, Tesla P100-PCIE-16GB, 6.0, 715, 1189, 67108864, 56, 57344, 1024, 1048576, 64, 5, 1.51149 ms, 532.79 GB/s
  10, 0, Tesla P100-PCIE-16GB, 6.0, 715, 1189, 67108864, 56, 114688, 2048, 1048576, 64, 5, 1.48374 ms, 542.753 GB/s
  11, 0, Tesla P100-PCIE-16GB, 6.0, 715, 1189, 67108864, 56, 229376, 4096, 1048576, 64, 5, 1.48646 ms, 541.76 GB/s
  12, 0, Tesla P100-PCIE-16GB, 6.0, 715, 1189, 67108864, 56, 458752, 8192, 1048576, 64, 5, 1.48365 ms, 542.788 GB/s
  13, 0, Tesla P100-PCIE-16GB, 6.0, 715, 1189, 67108864, 56, 917504, 16384, 1048576, 64, 5, 1.85603 ms, 433.886 GB/s
  14, 0, Tesla P100-PCIE-16GB, 6.0, 715, 1189, 67108864, 56, 1048576, 18724, 1048576, 64, 5, 1.96845 ms, 409.107 GB/s
   0, 0, Tesla P100-PCIE-16GB, 6.0, 715, 1189, 67108864, 56, 112, 2, 524288, 128, 5, 3.00646 ms, 267.858 GB/s
   1, 0, Tesla P100-PCIE-16GB, 6.0, 715, 1189, 67108864, 56, 224, 4, 524288, 128, 5, 1.96544 ms, 409.733 GB/s
   2, 0, Tesla P100-PCIE-16GB, 6.0, 715, 1189, 67108864, 56, 448, 8, 524288, 128, 5, 1.57773 ms, 510.422 GB/s
   3, 0, Tesla P100-PCIE-16GB, 6.0, 715, 1189, 67108864, 56, 896, 16, 524288, 128, 5, 1.56573 ms, 514.334 GB/s
   4, 0, Tesla P100-PCIE-16GB, 6.0, 715, 1189, 67108864, 56, 1792, 32, 524288, 128, 5, 1.53696 ms, 523.961 GB/s
   5, 0, Tesla P100-PCIE-16GB, 6.0, 715, 1189, 67108864, 56, 3584, 64, 524288, 128, 5, 1.5544 ms, 518.082 GB/s
   6, 0, Tesla P100-PCIE-16GB, 6.0, 715, 1189, 67108864, 56, 7168, 128, 524288, 128, 5, 1.55549 ms, 517.719 GB/s
   7, 0, Tesla P100-PCIE-16GB, 6.0, 715, 1189, 67108864, 56, 14336, 256, 524288, 128, 5, 1.54403 ms, 521.561 GB/s
   8, 0, Tesla P100-PCIE-16GB, 6.0, 715, 1189, 67108864, 56, 28672, 512, 524288, 128, 5, 1.5208 ms, 529.528 GB/s
   9, 0, Tesla P100-PCIE-16GB, 6.0, 715, 1189, 67108864, 56, 57344, 1024, 524288, 128, 5, 1.50307 ms, 535.774 GB/s
  10, 0, Tesla P100-PCIE-16GB, 6.0, 715, 1189, 67108864, 56, 114688, 2048, 524288, 128, 5, 1.5039 ms, 535.477 GB/s
  11, 0, Tesla P100-PCIE-16GB, 6.0, 715, 1189, 67108864, 56, 229376, 4096, 524288, 128, 5, 1.48496 ms, 542.308 GB/s
  12, 0, Tesla P100-PCIE-16GB, 6.0, 715, 1189, 67108864, 56, 458752, 8192, 524288, 128, 5, 1.46874 ms, 548.299 GB/s
  13, 0, Tesla P100-PCIE-16GB, 6.0, 715, 1189, 67108864, 56, 524288, 9362, 524288, 128, 5, 1.46352 ms, 550.253 GB/s
   0, 0, Tesla P100-PCIE-16GB, 6.0, 715, 1189, 67108864, 56, 112, 2, 262144, 256, 5, 1.96554 ms, 409.713 GB/s
   1, 0, Tesla P100-PCIE-16GB, 6.0, 715, 1189, 67108864, 56, 224, 4, 262144, 256, 5, 1.5657 ms, 514.344 GB/s
   2, 0, Tesla P100-PCIE-16GB, 6.0, 715, 1189, 67108864, 56, 448, 8, 262144, 256, 5, 1.53085 ms, 526.052 GB/s
   3, 0, Tesla P100-PCIE-16GB, 6.0, 715, 1189, 67108864, 56, 896, 16, 262144, 256, 5, 1.53706 ms, 523.928 GB/s
   4, 0, Tesla P100-PCIE-16GB, 6.0, 715, 1189, 67108864, 56, 1792, 32, 262144, 256, 5, 1.59174 ms, 505.927 GB/s
   5, 0, Tesla P100-PCIE-16GB, 6.0, 715, 1189, 67108864, 56, 3584, 64, 262144, 256, 5, 1.54918 ms, 519.826 GB/s
   6, 0, Tesla P100-PCIE-16GB, 6.0, 715, 1189, 67108864, 56, 7168, 128, 262144, 256, 5, 1.52922 ms, 526.614 GB/s
   7, 0, Tesla P100-PCIE-16GB, 6.0, 715, 1189, 67108864, 56, 14336, 256, 262144, 256, 5, 1.50656 ms, 534.533 GB/s
   8, 0, Tesla P100-PCIE-16GB, 6.0, 715, 1189, 67108864, 56, 28672, 512, 262144, 256, 5, 1.48416 ms, 542.601 GB/s
   9, 0, Tesla P100-PCIE-16GB, 6.0, 715, 1189, 67108864, 56, 57344, 1024, 262144, 256, 5, 1.4817 ms, 543.503 GB/s
  10, 0, Tesla P100-PCIE-16GB, 6.0, 715, 1189, 67108864, 56, 114688, 2048, 262144, 256, 5, 1.47501 ms, 545.967 GB/s
  11, 0, Tesla P100-PCIE-16GB, 6.0, 715, 1189, 67108864, 56, 229376, 4096, 262144, 256, 5, 1.47536 ms, 545.837 GB/s
  12, 0, Tesla P100-PCIE-16GB, 6.0, 715, 1189, 67108864, 56, 262144, 4681, 262144, 256, 5, 1.4751 ms, 545.932 GB/s
   0, 0, Tesla P100-PCIE-16GB, 6.0, 715, 1189, 67108864, 56, 112, 2, 131072, 512, 5, 1.55389 ms, 518.253 GB/s
   1, 0, Tesla P100-PCIE-16GB, 6.0, 715, 1189, 67108864, 56, 224, 4, 131072, 512, 5, 1.54451 ms, 521.399 GB/s
   2, 0, Tesla P100-PCIE-16GB, 6.0, 715, 1189, 67108864, 56, 448, 8, 131072, 512, 5, 1.54848 ms, 520.062 GB/s
   3, 0, Tesla P100-PCIE-16GB, 6.0, 715, 1189, 67108864, 56, 896, 16, 131072, 512, 5, 1.55603 ms, 517.538 GB/s
   4, 0, Tesla P100-PCIE-16GB, 6.0, 715, 1189, 67108864, 56, 1792, 32, 131072, 512, 5, 1.54778 ms, 520.299 GB/s
   5, 0, Tesla P100-PCIE-16GB, 6.0, 715, 1189, 67108864, 56, 3584, 64, 131072, 512, 5, 1.53389 ms, 525.01 GB/s
   6, 0, Tesla P100-PCIE-16GB, 6.0, 715, 1189, 67108864, 56, 7168, 128, 131072, 512, 5, 1.5161 ms, 531.171 GB/s
   7, 0, Tesla P100-PCIE-16GB, 6.0, 715, 1189, 67108864, 56, 14336, 256, 131072, 512, 5, 1.49229 ms, 539.645 GB/s
   8, 0, Tesla P100-PCIE-16GB, 6.0, 715, 1189, 67108864, 56, 28672, 512, 131072, 512, 5, 1.48614 ms, 541.876 GB/s
   9, 0, Tesla P100-PCIE-16GB, 6.0, 715, 1189, 67108864, 56, 57344, 1024, 131072, 512, 5, 1.47254 ms, 546.881 GB/s
  10, 0, Tesla P100-PCIE-16GB, 6.0, 715, 1189, 67108864, 56, 114688, 2048, 131072, 512, 5, 1.47094 ms, 547.476 GB/s
  11, 0, Tesla P100-PCIE-16GB, 6.0, 715, 1189, 67108864, 56, 131072, 2340, 131072, 512, 5, 1.46595 ms, 549.34 GB/s
   0, 0, Tesla P100-PCIE-16GB, 6.0, 715, 1189, 67108864, 56, 112, 2, 65536, 1024, 5, 1.55658 ms, 517.358 GB/s
   1, 0, Tesla P100-PCIE-16GB, 6.0, 715, 1189, 67108864, 56, 224, 4, 65536, 1024, 5, 1.54659 ms, 520.697 GB/s
   2, 0, Tesla P100-PCIE-16GB, 6.0, 715, 1189, 67108864, 56, 448, 8, 65536, 1024, 5, 1.54422 ms, 521.496 GB/s
   3, 0, Tesla P100-PCIE-16GB, 6.0, 715, 1189, 67108864, 56, 896, 16, 65536, 1024, 5, 1.53386 ms, 525.021 GB/s
   4, 0, Tesla P100-PCIE-16GB, 6.0, 715, 1189, 67108864, 56, 1792, 32, 65536, 1024, 5, 1.52512 ms, 528.028 GB/s
   5, 0, Tesla P100-PCIE-16GB, 6.0, 715, 1189, 67108864, 56, 3584, 64, 65536, 1024, 5, 1.50554 ms, 534.897 GB/s
   6, 0, Tesla P100-PCIE-16GB, 6.0, 715, 1189, 67108864, 56, 7168, 128, 65536, 1024, 5, 1.4919 ms, 539.784 GB/s
   7, 0, Tesla P100-PCIE-16GB, 6.0, 715, 1189, 67108864, 56, 14336, 256, 65536, 1024, 5, 1.48835 ms, 541.073 GB/s
   8, 0, Tesla P100-PCIE-16GB, 6.0, 715, 1189, 67108864, 56, 28672, 512, 65536, 1024, 5, 1.49005 ms, 540.457 GB/s
   9, 0, Tesla P100-PCIE-16GB, 6.0, 715, 1189, 67108864, 56, 57344, 1024, 65536, 1024, 5, 1.49149 ms, 539.935 GB/s
  10, 0, Tesla P100-PCIE-16GB, 6.0, 715, 1189, 67108864, 56, 65536, 1170, 65536, 1024, 5, 1.48541 ms, 542.145 GB/s
   0, 0, Tesla P100-PCIE-16GB, 6.0, 715, 1189, 134217728, 56, 112, 2, 2097152, 64, 5, 10.2747 ms, 156.755 GB/s
   1, 0, Tesla P100-PCIE-16GB, 6.0, 715, 1189, 134217728, 56, 224, 4, 2097152, 64, 5, 6.06541 ms, 265.541 GB/s
   2, 0, Tesla P100-PCIE-16GB, 6.0, 715, 1189, 134217728, 56, 448, 8, 2097152, 64, 5, 3.93955 ms, 408.831 GB/s
   3, 0, Tesla P100-PCIE-16GB, 6.0, 715, 1189, 134217728, 56, 896, 16, 2097152, 64, 5, 3.18762 ms, 505.272 GB/s
   4, 0, Tesla P100-PCIE-16GB, 6.0, 715, 1189, 134217728, 56, 1792, 32, 2097152, 64, 5, 3.19738 ms, 503.73 GB/s
   5, 0, Tesla P100-PCIE-16GB, 6.0, 715, 1189, 134217728, 56, 3584, 64, 2097152, 64, 5, 3.15533 ms, 510.442 GB/s
   6, 0, Tesla P100-PCIE-16GB, 6.0, 715, 1189, 134217728, 56, 7168, 128, 2097152, 64, 5, 3.16768 ms, 508.452 GB/s
   7, 0, Tesla P100-PCIE-16GB, 6.0, 715, 1189, 134217728, 56, 14336, 256, 2097152, 64, 5, 3.12851 ms, 514.818 GB/s
   8, 0, Tesla P100-PCIE-16GB, 6.0, 715, 1189, 134217728, 56, 28672, 512, 2097152, 64, 5, 3.12083 ms, 516.084 GB/s
   9, 0, Tesla P100-PCIE-16GB, 6.0, 715, 1189, 134217728, 56, 57344, 1024, 2097152, 64, 5, 3.04323 ms, 529.244 GB/s
  10, 0, Tesla P100-PCIE-16GB, 6.0, 715, 1189, 134217728, 56, 114688, 2048, 2097152, 64, 5, 2.96384 ms, 543.421 GB/s
  11, 0, Tesla P100-PCIE-16GB, 6.0, 715, 1189, 134217728, 56, 229376, 4096, 2097152, 64, 5, 2.96534 ms, 543.145 GB/s
  12, 0, Tesla P100-PCIE-16GB, 6.0, 715, 1189, 134217728, 56, 458752, 8192, 2097152, 64, 5, 2.95046 ms, 545.885 GB/s
  13, 0, Tesla P100-PCIE-16GB, 6.0, 715, 1189, 134217728, 56, 917504, 16384, 2097152, 64, 5, 2.9535 ms, 545.323 GB/s
  14, 0, Tesla P100-PCIE-16GB, 6.0, 715, 1189, 134217728, 56, 1835008, 32768, 2097152, 64, 5, 3.69498 ms, 435.893 GB/s
  15, 0, Tesla P100-PCIE-16GB, 6.0, 715, 1189, 134217728, 56, 2097152, 37449, 2097152, 64, 5, 3.91722 ms, 411.163 GB/s
   0, 0, Tesla P100-PCIE-16GB, 6.0, 715, 1189, 134217728, 56, 112, 2, 1048576, 128, 5, 6.05261 ms, 266.102 GB/s
   1, 0, Tesla P100-PCIE-16GB, 6.0, 715, 1189, 134217728, 56, 224, 4, 1048576, 128, 5, 3.94198 ms, 408.579 GB/s
   2, 0, Tesla P100-PCIE-16GB, 6.0, 715, 1189, 134217728, 56, 448, 8, 1048576, 128, 5, 3.2224 ms, 499.818 GB/s
   3, 0, Tesla P100-PCIE-16GB, 6.0, 715, 1189, 134217728, 56, 896, 16, 1048576, 128, 5, 3.23741 ms, 497.501 GB/s
   4, 0, Tesla P100-PCIE-16GB, 6.0, 715, 1189, 134217728, 56, 1792, 32, 1048576, 128, 5, 3.16445 ms, 508.971 GB/s
   5, 0, Tesla P100-PCIE-16GB, 6.0, 715, 1189, 134217728, 56, 3584, 64, 1048576, 128, 5, 3.15149 ms, 511.064 GB/s
   6, 0, Tesla P100-PCIE-16GB, 6.0, 715, 1189, 134217728, 56, 7168, 128, 1048576, 128, 5, 3.11302 ms, 517.379 GB/s
   7, 0, Tesla P100-PCIE-16GB, 6.0, 715, 1189, 134217728, 56, 14336, 256, 1048576, 128, 5, 3.10685 ms, 518.407 GB/s
   8, 0, Tesla P100-PCIE-16GB, 6.0, 715, 1189, 134217728, 56, 28672, 512, 1048576, 128, 5, 3.03062 ms, 531.446 GB/s
   9, 0, Tesla P100-PCIE-16GB, 6.0, 715, 1189, 134217728, 56, 57344, 1024, 1048576, 128, 5, 2.96048 ms, 544.038 GB/s
  10, 0, Tesla P100-PCIE-16GB, 6.0, 715, 1189, 134217728, 56, 114688, 2048, 1048576, 128, 5, 2.95651 ms, 544.768 GB/s
  11, 0, Tesla P100-PCIE-16GB, 6.0, 715, 1189, 134217728, 56, 229376, 4096, 1048576, 128, 5, 2.93283 ms, 549.166 GB/s
  12, 0, Tesla P100-PCIE-16GB, 6.0, 715, 1189, 134217728, 56, 458752, 8192, 1048576, 128, 5, 2.93318 ms, 549.1 GB/s
  13, 0, Tesla P100-PCIE-16GB, 6.0, 715, 1189, 134217728, 56, 917504, 16384, 1048576, 128, 5, 2.92378 ms, 550.867 GB/s
  14, 0, Tesla P100-PCIE-16GB, 6.0, 715, 1189, 134217728, 56, 1048576, 18724, 1048576, 128, 5, 2.92378 ms, 550.867 GB/s
   0, 0, Tesla P100-PCIE-16GB, 6.0, 715, 1189, 134217728, 56, 112, 2, 524288, 256, 5, 3.95907 ms, 406.816 GB/s
   1, 0, Tesla P100-PCIE-16GB, 6.0, 715, 1189, 134217728, 56, 224, 4, 524288, 256, 5, 3.15808 ms, 509.997 GB/s
   2, 0, Tesla P100-PCIE-16GB, 6.0, 715, 1189, 134217728, 56, 448, 8, 524288, 256, 5, 3.21133 ms, 501.541 GB/s
   3, 0, Tesla P100-PCIE-16GB, 6.0, 715, 1189, 134217728, 56, 896, 16, 524288, 256, 5, 3.14019 ms, 512.903 GB/s
   4, 0, Tesla P100-PCIE-16GB, 6.0, 715, 1189, 134217728, 56, 1792, 32, 524288, 256, 5, 3.1385 ms, 513.18 GB/s
   5, 0, Tesla P100-PCIE-16GB, 6.0, 715, 1189, 134217728, 56, 3584, 64, 524288, 256, 5, 3.08864 ms, 521.463 GB/s
   6, 0, Tesla P100-PCIE-16GB, 6.0, 715, 1189, 134217728, 56, 7168, 128, 524288, 256, 5, 3.10538 ms, 518.653 GB/s
   7, 0, Tesla P100-PCIE-16GB, 6.0, 715, 1189, 134217728, 56, 14336, 256, 524288, 256, 5, 3.03734 ms, 530.27 GB/s
   8, 0, Tesla P100-PCIE-16GB, 6.0, 715, 1189, 134217728, 56, 28672, 512, 524288, 256, 5, 2.96173 ms, 543.808 GB/s
   9, 0, Tesla P100-PCIE-16GB, 6.0, 715, 1189, 134217728, 56, 57344, 1024, 524288, 256, 5, 2.96672 ms, 542.893 GB/s
  10, 0, Tesla P100-PCIE-16GB, 6.0, 715, 1189, 134217728, 56, 114688, 2048, 524288, 256, 5, 2.95731 ms, 544.62 GB/s
  11, 0, Tesla P100-PCIE-16GB, 6.0, 715, 1189, 134217728, 56, 229376, 4096, 524288, 256, 5, 2.9623 ms, 543.703 GB/s
  12, 0, Tesla P100-PCIE-16GB, 6.0, 715, 1189, 134217728, 56, 458752, 8192, 524288, 256, 5, 2.93306 ms, 549.124 GB/s
  13, 0, Tesla P100-PCIE-16GB, 6.0, 715, 1189, 134217728, 56, 524288, 9362, 524288, 256, 5, 2.92576 ms, 550.494 GB/s
   0, 0, Tesla P100-PCIE-16GB, 6.0, 715, 1189, 134217728, 56, 112, 2, 262144, 512, 5, 3.1697 ms, 508.128 GB/s
   1, 0, Tesla P100-PCIE-16GB, 6.0, 715, 1189, 134217728, 56, 224, 4, 262144, 512, 5, 3.2087 ms, 501.951 GB/s
   2, 0, Tesla P100-PCIE-16GB, 6.0, 715, 1189, 134217728, 56, 448, 8, 262144, 512, 5, 3.15763 ms, 510.07 GB/s
   3, 0, Tesla P100-PCIE-16GB, 6.0, 715, 1189, 134217728, 56, 896, 16, 262144, 512, 5, 3.15152 ms, 511.059 GB/s
   4, 0, Tesla P100-PCIE-16GB, 6.0, 715, 1189, 134217728, 56, 1792, 32, 262144, 512, 5, 3.10115 ms, 519.36 GB/s
   5, 0, Tesla P100-PCIE-16GB, 6.0, 715, 1189, 134217728, 56, 3584, 64, 262144, 512, 5, 3.09984 ms, 519.579 GB/s
   6, 0, Tesla P100-PCIE-16GB, 6.0, 715, 1189, 134217728, 56, 7168, 128, 262144, 512, 5, 3.01741 ms, 533.774 GB/s
   7, 0, Tesla P100-PCIE-16GB, 6.0, 715, 1189, 134217728, 56, 14336, 256, 262144, 512, 5, 2.95478 ms, 545.086 GB/s
   8, 0, Tesla P100-PCIE-16GB, 6.0, 715, 1189, 134217728, 56, 28672, 512, 262144, 512, 5, 2.94858 ms, 546.234 GB/s
   9, 0, Tesla P100-PCIE-16GB, 6.0, 715, 1189, 134217728, 56, 57344, 1024, 262144, 512, 5, 2.93357 ms, 549.029 GB/s
  10, 0, Tesla P100-PCIE-16GB, 6.0, 715, 1189, 134217728, 56, 114688, 2048, 262144, 512, 5, 2.94064 ms, 547.708 GB/s
  11, 0, Tesla P100-PCIE-16GB, 6.0, 715, 1189, 134217728, 56, 229376, 4096, 262144, 512, 5, 2.92355 ms, 550.91 GB/s
  12, 0, Tesla P100-PCIE-16GB, 6.0, 715, 1189, 134217728, 56, 262144, 4681, 262144, 512, 5, 2.92387 ms, 550.849 GB/s
   0, 0, Tesla P100-PCIE-16GB, 6.0, 715, 1189, 134217728, 56, 112, 2, 131072, 1024, 5, 3.20502 ms, 502.528 GB/s
   1, 0, Tesla P100-PCIE-16GB, 6.0, 715, 1189, 134217728, 56, 224, 4, 131072, 1024, 5, 3.16157 ms, 509.435 GB/s
   2, 0, Tesla P100-PCIE-16GB, 6.0, 715, 1189, 134217728, 56, 448, 8, 131072, 1024, 5, 3.14304 ms, 512.438 GB/s
   3, 0, Tesla P100-PCIE-16GB, 6.0, 715, 1189, 134217728, 56, 896, 16, 131072, 1024, 5, 3.0969 ms, 520.073 GB/s
   4, 0, Tesla P100-PCIE-16GB, 6.0, 715, 1189, 134217728, 56, 1792, 32, 131072, 1024, 5, 3.10026 ms, 519.51 GB/s
   5, 0, Tesla P100-PCIE-16GB, 6.0, 715, 1189, 134217728, 56, 3584, 64, 131072, 1024, 5, 3.02461 ms, 532.503 GB/s
   6, 0, Tesla P100-PCIE-16GB, 6.0, 715, 1189, 134217728, 56, 7168, 128, 131072, 1024, 5, 2.96221 ms, 543.72 GB/s
   7, 0, Tesla P100-PCIE-16GB, 6.0, 715, 1189, 134217728, 56, 14336, 256, 131072, 1024, 5, 2.96234 ms, 543.697 GB/s
   8, 0, Tesla P100-PCIE-16GB, 6.0, 715, 1189, 134217728, 56, 28672, 512, 131072, 1024, 5, 2.95952 ms, 544.214 GB/s
   9, 0, Tesla P100-PCIE-16GB, 6.0, 715, 1189, 134217728, 56, 57344, 1024, 131072, 1024, 5, 2.98842 ms, 538.952 GB/s
  10, 0, Tesla P100-PCIE-16GB, 6.0, 715, 1189, 134217728, 56, 114688, 2048, 131072, 1024, 5, 2.97027 ms, 542.244 GB/s
  11, 0, Tesla P100-PCIE-16GB, 6.0, 715, 1189, 134217728, 56, 131072, 2340, 131072, 1024, 5, 2.96342 ms, 543.497 GB/s
   0, 0, Tesla P100-PCIE-16GB, 6.0, 715, 1189, 268435456, 56, 112, 2, 4194304, 64, 5, 20.4221 ms, 157.732 GB/s
   1, 0, Tesla P100-PCIE-16GB, 6.0, 715, 1189, 268435456, 56, 224, 4, 4194304, 64, 5, 12.1424 ms, 265.288 GB/s
   2, 0, Tesla P100-PCIE-16GB, 6.0, 715, 1189, 268435456, 56, 448, 8, 4194304, 64, 5, 7.9136 ms, 407.049 GB/s
   3, 0, Tesla P100-PCIE-16GB, 6.0, 715, 1189, 268435456, 56, 896, 16, 4194304, 64, 5, 6.57491 ms, 489.927 GB/s
   4, 0, Tesla P100-PCIE-16GB, 6.0, 715, 1189, 268435456, 56, 1792, 32, 4194304, 64, 5, 6.58986 ms, 488.816 GB/s
   5, 0, Tesla P100-PCIE-16GB, 6.0, 715, 1189, 268435456, 56, 3584, 64, 4194304, 64, 5, 6.55184 ms, 491.652 GB/s
   6, 0, Tesla P100-PCIE-16GB, 6.0, 715, 1189, 268435456, 56, 7168, 128, 4194304, 64, 5, 6.50678 ms, 495.056 GB/s
   7, 0, Tesla P100-PCIE-16GB, 6.0, 715, 1189, 268435456, 56, 14336, 256, 4194304, 64, 5, 6.47478 ms, 497.503 GB/s
   8, 0, Tesla P100-PCIE-16GB, 6.0, 715, 1189, 268435456, 56, 28672, 512, 4194304, 64, 5, 6.43552 ms, 500.538 GB/s
   9, 0, Tesla P100-PCIE-16GB, 6.0, 715, 1189, 268435456, 56, 57344, 1024, 4194304, 64, 5, 6.20342 ms, 519.266 GB/s
  10, 0, Tesla P100-PCIE-16GB, 6.0, 715, 1189, 268435456, 56, 114688, 2048, 4194304, 64, 5, 6.04246 ms, 533.098 GB/s
  11, 0, Tesla P100-PCIE-16GB, 6.0, 715, 1189, 268435456, 56, 229376, 4096, 4194304, 64, 5, 6.0248 ms, 534.661 GB/s
  12, 0, Tesla P100-PCIE-16GB, 6.0, 715, 1189, 268435456, 56, 458752, 8192, 4194304, 64, 5, 5.95219 ms, 541.183 GB/s
  13, 0, Tesla P100-PCIE-16GB, 6.0, 715, 1189, 268435456, 56, 917504, 16384, 4194304, 64, 5, 6.08275 ms, 529.567 GB/s
  14, 0, Tesla P100-PCIE-16GB, 6.0, 715, 1189, 268435456, 56, 1835008, 32768, 4194304, 64, 5, 6.02026 ms, 535.065 GB/s
  15, 0, Tesla P100-PCIE-16GB, 6.0, 715, 1189, 268435456, 56, 3670016, 65536, 4194304, 64, 5, 7.38429 ms, 436.227 GB/s
  16, 0, Tesla P100-PCIE-16GB, 6.0, 715, 1189, 268435456, 56, 4194304, 74898, 4194304, 64, 5, 7.81712 ms, 412.073 GB/s
   0, 0, Tesla P100-PCIE-16GB, 6.0, 715, 1189, 268435456, 56, 112, 2, 2097152, 128, 5, 12.138 ms, 265.382 GB/s
   1, 0, Tesla P100-PCIE-16GB, 6.0, 715, 1189, 268435456, 56, 224, 4, 2097152, 128, 5, 7.89066 ms, 408.233 GB/s
   2, 0, Tesla P100-PCIE-16GB, 6.0, 715, 1189, 268435456, 56, 448, 8, 2097152, 128, 5, 6.55248 ms, 491.604 GB/s
   3, 0, Tesla P100-PCIE-16GB, 6.0, 715, 1189, 268435456, 56, 896, 16, 2097152, 128, 5, 6.59098 ms, 488.733 GB/s
   4, 0, Tesla P100-PCIE-16GB, 6.0, 715, 1189, 268435456, 56, 1792, 32, 2097152, 128, 5, 6.56784 ms, 490.454 GB/s
   5, 0, Tesla P100-PCIE-16GB, 6.0, 715, 1189, 268435456, 56, 3584, 64, 2097152, 128, 5, 6.50214 ms, 495.41 GB/s
   6, 0, Tesla P100-PCIE-16GB, 6.0, 715, 1189, 268435456, 56, 7168, 128, 2097152, 128, 5, 6.45386 ms, 499.116 GB/s
   7, 0, Tesla P100-PCIE-16GB, 6.0, 715, 1189, 268435456, 56, 14336, 256, 2097152, 128, 5, 6.44317 ms, 499.944 GB/s
   8, 0, Tesla P100-PCIE-16GB, 6.0, 715, 1189, 268435456, 56, 28672, 512, 2097152, 128, 5, 6.24598 ms, 515.727 GB/s
   9, 0, Tesla P100-PCIE-16GB, 6.0, 715, 1189, 268435456, 56, 57344, 1024, 2097152, 128, 5, 6.05085 ms, 532.359 GB/s
  10, 0, Tesla P100-PCIE-16GB, 6.0, 715, 1189, 268435456, 56, 114688, 2048, 2097152, 128, 5, 5.95581 ms, 540.854 GB/s
  11, 0, Tesla P100-PCIE-16GB, 6.0, 715, 1189, 268435456, 56, 229376, 4096, 2097152, 128, 5, 5.91789 ms, 544.32 GB/s
  12, 0, Tesla P100-PCIE-16GB, 6.0, 715, 1189, 268435456, 56, 458752, 8192, 2097152, 128, 5, 6.07856 ms, 529.932 GB/s
  13, 0, Tesla P100-PCIE-16GB, 6.0, 715, 1189, 268435456, 56, 917504, 16384, 2097152, 128, 5, 6.06205 ms, 531.376 GB/s
  14, 0, Tesla P100-PCIE-16GB, 6.0, 715, 1189, 268435456, 56, 1835008, 32768, 2097152, 128, 5, 5.92458 ms, 543.706 GB/s
  15, 0, Tesla P100-PCIE-16GB, 6.0, 715, 1189, 268435456, 56, 2097152, 37449, 2097152, 128, 5, 5.89472 ms, 546.459 GB/s
   0, 0, Tesla P100-PCIE-16GB, 6.0, 715, 1189, 268435456, 56, 112, 2, 1048576, 256, 5, 7.93286 ms, 406.061 GB/s
   1, 0, Tesla P100-PCIE-16GB, 6.0, 715, 1189, 268435456, 56, 224, 4, 1048576, 256, 5, 6.43789 ms, 500.354 GB/s
   2, 0, Tesla P100-PCIE-16GB, 6.0, 715, 1189, 268435456, 56, 448, 8, 1048576, 256, 5, 6.62493 ms, 486.228 GB/s
   3, 0, Tesla P100-PCIE-16GB, 6.0, 715, 1189, 268435456, 56, 896, 16, 1048576, 256, 5, 6.56675 ms, 490.536 GB/s
   4, 0, Tesla P100-PCIE-16GB, 6.0, 715, 1189, 268435456, 56, 1792, 32, 1048576, 256, 5, 6.48362 ms, 496.825 GB/s
   5, 0, Tesla P100-PCIE-16GB, 6.0, 715, 1189, 268435456, 56, 3584, 64, 1048576, 256, 5, 6.40618 ms, 502.831 GB/s
   6, 0, Tesla P100-PCIE-16GB, 6.0, 715, 1189, 268435456, 56, 7168, 128, 1048576, 256, 5, 6.35469 ms, 506.905 GB/s
   7, 0, Tesla P100-PCIE-16GB, 6.0, 715, 1189, 268435456, 56, 14336, 256, 1048576, 256, 5, 6.15443 ms, 523.399 GB/s
   8, 0, Tesla P100-PCIE-16GB, 6.0, 715, 1189, 268435456, 56, 28672, 512, 1048576, 256, 5, 6.02544 ms, 534.604 GB/s
   9, 0, Tesla P100-PCIE-16GB, 6.0, 715, 1189, 268435456, 56, 57344, 1024, 1048576, 256, 5, 6.00954 ms, 536.019 GB/s
  10, 0, Tesla P100-PCIE-16GB, 6.0, 715, 1189, 268435456, 56, 114688, 2048, 1048576, 256, 5, 5.95302 ms, 541.107 GB/s
  11, 0, Tesla P100-PCIE-16GB, 6.0, 715, 1189, 268435456, 56, 229376, 4096, 1048576, 256, 5, 6.05398 ms, 532.084 GB/s
  12, 0, Tesla P100-PCIE-16GB, 6.0, 715, 1189, 268435456, 56, 458752, 8192, 1048576, 256, 5, 5.98474 ms, 538.24 GB/s
  13, 0, Tesla P100-PCIE-16GB, 6.0, 715, 1189, 268435456, 56, 917504, 16384, 1048576, 256, 5, 5.91699 ms, 544.402 GB/s
  14, 0, Tesla P100-PCIE-16GB, 6.0, 715, 1189, 268435456, 56, 1048576, 18724, 1048576, 256, 5, 5.89706 ms, 546.243 GB/s
   0, 0, Tesla P100-PCIE-16GB, 6.0, 715, 1189, 268435456, 56, 112, 2, 524288, 512, 5, 6.42595 ms, 501.284 GB/s
   1, 0, Tesla P100-PCIE-16GB, 6.0, 715, 1189, 268435456, 56, 224, 4, 524288, 512, 5, 6.61357 ms, 487.063 GB/s
   2, 0, Tesla P100-PCIE-16GB, 6.0, 715, 1189, 268435456, 56, 448, 8, 524288, 512, 5, 6.58102 ms, 489.472 GB/s
   3, 0, Tesla P100-PCIE-16GB, 6.0, 715, 1189, 268435456, 56, 896, 16, 524288, 512, 5, 6.49197 ms, 496.186 GB/s
   4, 0, Tesla P100-PCIE-16GB, 6.0, 715, 1189, 268435456, 56, 1792, 32, 524288, 512, 5, 6.43488 ms, 500.588 GB/s
   5, 0, Tesla P100-PCIE-16GB, 6.0, 715, 1189, 268435456, 56, 3584, 64, 524288, 512, 5, 6.37907 ms, 504.968 GB/s
   6, 0, Tesla P100-PCIE-16GB, 6.0, 715, 1189, 268435456, 56, 7168, 128, 524288, 512, 5, 6.19203 ms, 520.221 GB/s
   7, 0, Tesla P100-PCIE-16GB, 6.0, 715, 1189, 268435456, 56, 14336, 256, 524288, 512, 5, 6.0215 ms, 534.954 GB/s
   8, 0, Tesla P100-PCIE-16GB, 6.0, 715, 1189, 268435456, 56, 28672, 512, 524288, 512, 5, 5.95018 ms, 541.366 GB/s
   9, 0, Tesla P100-PCIE-16GB, 6.0, 715, 1189, 268435456, 56, 57344, 1024, 524288, 512, 5, 5.92422 ms, 543.738 GB/s
  10, 0, Tesla P100-PCIE-16GB, 6.0, 715, 1189, 268435456, 56, 114688, 2048, 524288, 512, 5, 6.0712 ms, 530.575 GB/s
  11, 0, Tesla P100-PCIE-16GB, 6.0, 715, 1189, 268435456, 56, 229376, 4096, 524288, 512, 5, 6.04896 ms, 532.525 GB/s
  12, 0, Tesla P100-PCIE-16GB, 6.0, 715, 1189, 268435456, 56, 458752, 8192, 524288, 512, 5, 5.93379 ms, 542.861 GB/s
  13, 0, Tesla P100-PCIE-16GB, 6.0, 715, 1189, 268435456, 56, 524288, 9362, 524288, 512, 5, 5.91389 ms, 544.688 GB/s
   0, 0, Tesla P100-PCIE-16GB, 6.0, 715, 1189, 268435456, 56, 112, 2, 262144, 1024, 5, 6.59261 ms, 488.612 GB/s
   1, 0, Tesla P100-PCIE-16GB, 6.0, 715, 1189, 268435456, 56, 224, 4, 262144, 1024, 5, 6.61226 ms, 487.16 GB/s
   2, 0, Tesla P100-PCIE-16GB, 6.0, 715, 1189, 268435456, 56, 448, 8, 262144, 1024, 5, 6.5264 ms, 493.568 GB/s
   3, 0, Tesla P100-PCIE-16GB, 6.0, 715, 1189, 268435456, 56, 896, 16, 262144, 1024, 5, 6.47904 ms, 497.176 GB/s
   4, 0, Tesla P100-PCIE-16GB, 6.0, 715, 1189, 268435456, 56, 1792, 32, 262144, 1024, 5, 6.37971 ms, 504.917 GB/s
   5, 0, Tesla P100-PCIE-16GB, 6.0, 715, 1189, 268435456, 56, 3584, 64, 262144, 1024, 5, 6.17229 ms, 521.885 GB/s
   6, 0, Tesla P100-PCIE-16GB, 6.0, 715, 1189, 268435456, 56, 7168, 128, 262144, 1024, 5, 6.01949 ms, 535.133 GB/s
   7, 0, Tesla P100-PCIE-16GB, 6.0, 715, 1189, 268435456, 56, 14336, 256, 262144, 1024, 5, 5.99632 ms, 537.2 GB/s
   8, 0, Tesla P100-PCIE-16GB, 6.0, 715, 1189, 268435456, 56, 28672, 512, 262144, 1024, 5, 5.94598 ms, 541.748 GB/s
   9, 0, Tesla P100-PCIE-16GB, 6.0, 715, 1189, 268435456, 56, 57344, 1024, 262144, 1024, 5, 6.02538 ms, 534.61 GB/s
  10, 0, Tesla P100-PCIE-16GB, 6.0, 715, 1189, 268435456, 56, 114688, 2048, 262144, 1024, 5, 6.01286 ms, 535.722 GB/s
  11, 0, Tesla P100-PCIE-16GB, 6.0, 715, 1189, 268435456, 56, 229376, 4096, 262144, 1024, 5, 6.00928 ms, 536.042 GB/s
  12, 0, Tesla P100-PCIE-16GB, 6.0, 715, 1189, 268435456, 56, 262144, 4681, 262144, 1024, 5, 5.99901 ms, 536.96 GB/s
   0, 0, Tesla P100-PCIE-16GB, 6.0, 715, 1189, 536870912, 56, 112, 2, 8388608, 64, 5, 40.9178 ms, 157.449 GB/s
   1, 0, Tesla P100-PCIE-16GB, 6.0, 715, 1189, 536870912, 56, 224, 4, 8388608, 64, 5, 24.3882 ms, 264.162 GB/s
   2, 0, Tesla P100-PCIE-16GB, 6.0, 715, 1189, 536870912, 56, 448, 8, 8388608, 64, 5, 15.8907 ms, 405.424 GB/s
   3, 0, Tesla P100-PCIE-16GB, 6.0, 715, 1189, 536870912, 56, 896, 16, 8388608, 64, 5, 13.4766 ms, 478.046 GB/s
   4, 0, Tesla P100-PCIE-16GB, 6.0, 715, 1189, 536870912, 56, 1792, 32, 8388608, 64, 5, 13.6823 ms, 470.861 GB/s
   5, 0, Tesla P100-PCIE-16GB, 6.0, 715, 1189, 536870912, 56, 3584, 64, 8388608, 64, 5, 13.4542 ms, 478.844 GB/s
   6, 0, Tesla P100-PCIE-16GB, 6.0, 715, 1189, 536870912, 56, 7168, 128, 8388608, 64, 5, 13.1462 ms, 490.06 GB/s
   7, 0, Tesla P100-PCIE-16GB, 6.0, 715, 1189, 536870912, 56, 14336, 256, 8388608, 64, 5, 13.2292 ms, 486.988 GB/s
   8, 0, Tesla P100-PCIE-16GB, 6.0, 715, 1189, 536870912, 56, 28672, 512, 8388608, 64, 5, 13.201 ms, 488.027 GB/s
   9, 0, Tesla P100-PCIE-16GB, 6.0, 715, 1189, 536870912, 56, 57344, 1024, 8388608, 64, 5, 13.0995 ms, 491.808 GB/s
  10, 0, Tesla P100-PCIE-16GB, 6.0, 715, 1189, 536870912, 56, 114688, 2048, 8388608, 64, 5, 15.6625 ms, 411.329 GB/s
  11, 0, Tesla P100-PCIE-16GB, 6.0, 715, 1189, 536870912, 56, 229376, 4096, 8388608, 64, 5, 12.2226 ms, 527.095 GB/s
  12, 0, Tesla P100-PCIE-16GB, 6.0, 715, 1189, 536870912, 56, 458752, 8192, 8388608, 64, 5, 11.9198 ms, 540.481 GB/s
  13, 0, Tesla P100-PCIE-16GB, 6.0, 715, 1189, 536870912, 56, 917504, 16384, 8388608, 64, 5, 11.9544 ms, 538.919 GB/s
  14, 0, Tesla P100-PCIE-16GB, 6.0, 715, 1189, 536870912, 56, 1835008, 32768, 8388608, 64, 5, 11.8403 ms, 544.111 GB/s
  15, 0, Tesla P100-PCIE-16GB, 6.0, 715, 1189, 536870912, 56, 3670016, 65536, 8388608, 64, 5, 11.7571 ms, 547.963 GB/s
  16, 0, Tesla P100-PCIE-16GB, 6.0, 715, 1189, 536870912, 56, 7340032, 131072, 8388608, 64, 5, 14.7092 ms, 437.989 GB/s
  17, 0, Tesla P100-PCIE-16GB, 6.0, 715, 1189, 536870912, 56, 8388608, 149796, 8388608, 64, 5, 15.6199 ms, 412.451 GB/s
   0, 0, Tesla P100-PCIE-16GB, 6.0, 715, 1189, 536870912, 56, 112, 2, 4194304, 128, 5, 24.4094 ms, 263.933 GB/s
   1, 0, Tesla P100-PCIE-16GB, 6.0, 715, 1189, 536870912, 56, 224, 4, 4194304, 128, 5, 15.889 ms, 405.467 GB/s
   2, 0, Tesla P100-PCIE-16GB, 6.0, 715, 1189, 536870912, 56, 448, 8, 4194304, 128, 5, 13.4202 ms, 480.057 GB/s
   3, 0, Tesla P100-PCIE-16GB, 6.0, 715, 1189, 536870912, 56, 896, 16, 4194304, 128, 5, 13.587 ms, 474.164 GB/s
   4, 0, Tesla P100-PCIE-16GB, 6.0, 715, 1189, 536870912, 56, 1792, 32, 4194304, 128, 5, 13.4171 ms, 480.168 GB/s
   5, 0, Tesla P100-PCIE-16GB, 6.0, 715, 1189, 536870912, 56, 3584, 64, 4194304, 128, 5, 13.1235 ms, 490.909 GB/s
   6, 0, Tesla P100-PCIE-16GB, 6.0, 715, 1189, 536870912, 56, 7168, 128, 4194304, 128, 5, 13.0494 ms, 493.697 GB/s
   7, 0, Tesla P100-PCIE-16GB, 6.0, 715, 1189, 536870912, 56, 14336, 256, 4194304, 128, 5, 13.0953 ms, 491.968 GB/s
   8, 0, Tesla P100-PCIE-16GB, 6.0, 715, 1189, 536870912, 56, 28672, 512, 4194304, 128, 5, 12.6905 ms, 507.659 GB/s
   9, 0, Tesla P100-PCIE-16GB, 6.0, 715, 1189, 536870912, 56, 57344, 1024, 4194304, 128, 5, 14.9191 ms, 431.827 GB/s
  10, 0, Tesla P100-PCIE-16GB, 6.0, 715, 1189, 536870912, 56, 114688, 2048, 4194304, 128, 5, 12.1253 ms, 531.324 GB/s
  11, 0, Tesla P100-PCIE-16GB, 6.0, 715, 1189, 536870912, 56, 229376, 4096, 4194304, 128, 5, 11.9052 ms, 541.144 GB/s
  12, 0, Tesla P100-PCIE-16GB, 6.0, 715, 1189, 536870912, 56, 458752, 8192, 4194304, 128, 5, 11.7681 ms, 547.452 GB/s
  13, 0, Tesla P100-PCIE-16GB, 6.0, 715, 1189, 536870912, 56, 917504, 16384, 4194304, 128, 5, 11.7172 ms, 549.828 GB/s
  14, 0, Tesla P100-PCIE-16GB, 6.0, 715, 1189, 536870912, 56, 1835008, 32768, 4194304, 128, 5, 11.7812 ms, 546.839 GB/s
  15, 0, Tesla P100-PCIE-16GB, 6.0, 715, 1189, 536870912, 56, 3670016, 65536, 4194304, 128, 5, 11.743 ms, 548.622 GB/s
  16, 0, Tesla P100-PCIE-16GB, 6.0, 715, 1189, 536870912, 56, 4194304, 74898, 4194304, 128, 5, 11.7035 ms, 550.474 GB/s
   0, 0, Tesla P100-PCIE-16GB, 6.0, 715, 1189, 536870912, 56, 112, 2, 2097152, 256, 5, 15.9166 ms, 404.763 GB/s
   1, 0, Tesla P100-PCIE-16GB, 6.0, 715, 1189, 536870912, 56, 224, 4, 2097152, 256, 5, 13.1724 ms, 489.087 GB/s
   2, 0, Tesla P100-PCIE-16GB, 6.0, 715, 1189, 536870912, 56, 448, 8, 2097152, 256, 5, 13.661 ms, 471.594 GB/s
   3, 0, Tesla P100-PCIE-16GB, 6.0, 715, 1189, 536870912, 56, 896, 16, 2097152, 256, 5, 13.5408 ms, 475.781 GB/s
   4, 0, Tesla P100-PCIE-16GB, 6.0, 715, 1189, 536870912, 56, 1792, 32, 2097152, 256, 5, 13.1361 ms, 490.44 GB/s
   5, 0, Tesla P100-PCIE-16GB, 6.0, 715, 1189, 536870912, 56, 3584, 64, 2097152, 256, 5, 13.236 ms, 486.737 GB/s
   6, 0, Tesla P100-PCIE-16GB, 6.0, 715, 1189, 536870912, 56, 7168, 128, 2097152, 256, 5, 13.0374 ms, 494.15 GB/s
   7, 0, Tesla P100-PCIE-16GB, 6.0, 715, 1189, 536870912, 56, 14336, 256, 2097152, 256, 5, 12.6268 ms, 510.218 GB/s
   8, 0, Tesla P100-PCIE-16GB, 6.0, 715, 1189, 536870912, 56, 28672, 512, 2097152, 256, 5, 13.131 ms, 490.629 GB/s
   9, 0, Tesla P100-PCIE-16GB, 6.0, 715, 1189, 536870912, 56, 57344, 1024, 2097152, 256, 5, 12.0529 ms, 534.513 GB/s
  10, 0, Tesla P100-PCIE-16GB, 6.0, 715, 1189, 536870912, 56, 114688, 2048, 2097152, 256, 5, 11.8007 ms, 545.938 GB/s
  11, 0, Tesla P100-PCIE-16GB, 6.0, 715, 1189, 536870912, 56, 229376, 4096, 2097152, 256, 5, 11.8193 ms, 545.081 GB/s
  12, 0, Tesla P100-PCIE-16GB, 6.0, 715, 1189, 536870912, 56, 458752, 8192, 2097152, 256, 5, 11.7474 ms, 548.415 GB/s
  13, 0, Tesla P100-PCIE-16GB, 6.0, 715, 1189, 536870912, 56, 917504, 16384, 2097152, 256, 5, 11.6901 ms, 551.103 GB/s
  14, 0, Tesla P100-PCIE-16GB, 6.0, 715, 1189, 536870912, 56, 1835008, 32768, 2097152, 256, 5, 11.6206 ms, 554.399 GB/s
  15, 0, Tesla P100-PCIE-16GB, 6.0, 715, 1189, 536870912, 56, 2097152, 37449, 2097152, 256, 5, 11.5977 ms, 555.494 GB/s
   0, 0, Tesla P100-PCIE-16GB, 6.0, 715, 1189, 536870912, 56, 112, 2, 1048576, 512, 5, 13.0406 ms, 494.031 GB/s
   1, 0, Tesla P100-PCIE-16GB, 6.0, 715, 1189, 536870912, 56, 224, 4, 1048576, 512, 5, 13.6191 ms, 473.044 GB/s
   2, 0, Tesla P100-PCIE-16GB, 6.0, 715, 1189, 536870912, 56, 448, 8, 1048576, 512, 5, 13.541 ms, 475.774 GB/s
   3, 0, Tesla P100-PCIE-16GB, 6.0, 715, 1189, 536870912, 56, 896, 16, 1048576, 512, 5, 13.1296 ms, 490.683 GB/s
   4, 0, Tesla P100-PCIE-16GB, 6.0, 715, 1189, 536870912, 56, 1792, 32, 1048576, 512, 5, 13.2349 ms, 486.778 GB/s
   5, 0, Tesla P100-PCIE-16GB, 6.0, 715, 1189, 536870912, 56, 3584, 64, 1048576, 512, 5, 13.0198 ms, 494.818 GB/s
   6, 0, Tesla P100-PCIE-16GB, 6.0, 715, 1189, 536870912, 56, 7168, 128, 1048576, 512, 5, 12.6044 ms, 511.126 GB/s
   7, 0, Tesla P100-PCIE-16GB, 6.0, 715, 1189, 536870912, 56, 14336, 256, 1048576, 512, 5, 12.2578 ms, 525.579 GB/s
   8, 0, Tesla P100-PCIE-16GB, 6.0, 715, 1189, 536870912, 56, 28672, 512, 1048576, 512, 5, 12.0399 ms, 535.09 GB/s
   9, 0, Tesla P100-PCIE-16GB, 6.0, 715, 1189, 536870912, 56, 57344, 1024, 1048576, 512, 5, 11.7816 ms, 546.822 GB/s
  10, 0, Tesla P100-PCIE-16GB, 6.0, 715, 1189, 536870912, 56, 114688, 2048, 1048576, 512, 5, 11.7461 ms, 548.474 GB/s
  11, 0, Tesla P100-PCIE-16GB, 6.0, 715, 1189, 536870912, 56, 229376, 4096, 1048576, 512, 5, 11.7055 ms, 550.378 GB/s
  12, 0, Tesla P100-PCIE-16GB, 6.0, 715, 1189, 536870912, 56, 458752, 8192, 1048576, 512, 5, 11.7033 ms, 550.48 GB/s
  13, 0, Tesla P100-PCIE-16GB, 6.0, 715, 1189, 536870912, 56, 917504, 16384, 1048576, 512, 5, 11.6504 ms, 552.98 GB/s
  14, 0, Tesla P100-PCIE-16GB, 6.0, 715, 1189, 536870912, 56, 1048576, 18724, 1048576, 512, 5, 11.6099 ms, 554.912 GB/s
   0, 0, Tesla P100-PCIE-16GB, 6.0, 715, 1189, 536870912, 56, 112, 2, 524288, 1024, 5, 13.552 ms, 475.387 GB/s
   1, 0, Tesla P100-PCIE-16GB, 6.0, 715, 1189, 536870912, 56, 224, 4, 524288, 1024, 5, 13.5747 ms, 474.593 GB/s
   2, 0, Tesla P100-PCIE-16GB, 6.0, 715, 1189, 536870912, 56, 448, 8, 524288, 1024, 5, 13.2276 ms, 487.048 GB/s
   3, 0, Tesla P100-PCIE-16GB, 6.0, 715, 1189, 536870912, 56, 896, 16, 524288, 1024, 5, 13.3516 ms, 482.521 GB/s
   4, 0, Tesla P100-PCIE-16GB, 6.0, 715, 1189, 536870912, 56, 1792, 32, 524288, 1024, 5, 13.0455 ms, 493.843 GB/s
   5, 0, Tesla P100-PCIE-16GB, 6.0, 715, 1189, 536870912, 56, 3584, 64, 524288, 1024, 5, 12.597 ms, 511.428 GB/s
   6, 0, Tesla P100-PCIE-16GB, 6.0, 715, 1189, 536870912, 56, 7168, 128, 524288, 1024, 5, 12.2153 ms, 527.409 GB/s
   7, 0, Tesla P100-PCIE-16GB, 6.0, 715, 1189, 536870912, 56, 14336, 256, 524288, 1024, 5, 12.016 ms, 536.156 GB/s
   8, 0, Tesla P100-PCIE-16GB, 6.0, 715, 1189, 536870912, 56, 28672, 512, 524288, 1024, 5, 11.7976 ms, 546.08 GB/s
   9, 0, Tesla P100-PCIE-16GB, 6.0, 715, 1189, 536870912, 56, 57344, 1024, 524288, 1024, 5, 11.8113 ms, 545.45 GB/s
  10, 0, Tesla P100-PCIE-16GB, 6.0, 715, 1189, 536870912, 56, 114688, 2048, 524288, 1024, 5, 11.7413 ms, 548.701 GB/s
  11, 0, Tesla P100-PCIE-16GB, 6.0, 715, 1189, 536870912, 56, 229376, 4096, 524288, 1024, 5, 11.7443 ms, 548.562 GB/s
  12, 0, Tesla P100-PCIE-16GB, 6.0, 715, 1189, 536870912, 56, 458752, 8192, 524288, 1024, 5, 11.6829 ms, 551.442 GB/s
  13, 0, Tesla P100-PCIE-16GB, 6.0, 715, 1189, 536870912, 56, 524288, 9362, 524288, 1024, 5, 11.645 ms, 553.239 GB/s
   0, 0, Tesla P100-PCIE-16GB, 6.0, 715, 1189, 1073741824, 56, 112, 2, 16777216, 64, 5, 82.3079 ms, 156.545 GB/s
   1, 0, Tesla P100-PCIE-16GB, 6.0, 715, 1189, 1073741824, 56, 224, 4, 16777216, 64, 5, 49.0075 ms, 262.917 GB/s
   2, 0, Tesla P100-PCIE-16GB, 6.0, 715, 1189, 1073741824, 56, 448, 8, 16777216, 64, 5, 31.8454 ms, 404.607 GB/s
   3, 0, Tesla P100-PCIE-16GB, 6.0, 715, 1189, 1073741824, 56, 896, 16, 16777216, 64, 5, 27.5033 ms, 468.486 GB/s
   4, 0, Tesla P100-PCIE-16GB, 6.0, 715, 1189, 1073741824, 56, 1792, 32, 16777216, 64, 5, 27.7388 ms, 464.507 GB/s
   5, 0, Tesla P100-PCIE-16GB, 6.0, 715, 1189, 1073741824, 56, 3584, 64, 16777216, 64, 5, 27.5211 ms, 468.183 GB/s
   6, 0, Tesla P100-PCIE-16GB, 6.0, 715, 1189, 1073741824, 56, 7168, 128, 16777216, 64, 5, 27.1868 ms, 473.939 GB/s
   7, 0, Tesla P100-PCIE-16GB, 6.0, 715, 1189, 1073741824, 56, 14336, 256, 16777216, 64, 5, 27.0295 ms, 476.698 GB/s
   8, 0, Tesla P100-PCIE-16GB, 6.0, 715, 1189, 1073741824, 56, 28672, 512, 16777216, 64, 5, 26.5843 ms, 484.681 GB/s
   9, 0, Tesla P100-PCIE-16GB, 6.0, 715, 1189, 1073741824, 56, 57344, 1024, 16777216, 64, 5, 36.7749 ms, 350.372 GB/s
  10, 0, Tesla P100-PCIE-16GB, 6.0, 715, 1189, 1073741824, 56, 114688, 2048, 16777216, 64, 5, 55.8109 ms, 230.867 GB/s
  11, 0, Tesla P100-PCIE-16GB, 6.0, 715, 1189, 1073741824, 56, 229376, 4096, 16777216, 64, 5, 40.4745 ms, 318.346 GB/s
  12, 0, Tesla P100-PCIE-16GB, 6.0, 715, 1189, 1073741824, 56, 458752, 8192, 16777216, 64, 5, 23.9216 ms, 538.63 GB/s
  13, 0, Tesla P100-PCIE-16GB, 6.0, 715, 1189, 1073741824, 56, 917504, 16384, 16777216, 64, 5, 23.6922 ms, 543.845 GB/s
  14, 0, Tesla P100-PCIE-16GB, 6.0, 715, 1189, 1073741824, 56, 1835008, 32768, 16777216, 64, 5, 23.5264 ms, 547.678 GB/s
  15, 0, Tesla P100-PCIE-16GB, 6.0, 715, 1189, 1073741824, 56, 3670016, 65536, 16777216, 64, 5, 23.3967 ms, 550.714 GB/s
  16, 0, Tesla P100-PCIE-16GB, 6.0, 715, 1189, 1073741824, 56, 7340032, 131072, 16777216, 64, 5, 23.4726 ms, 548.934 GB/s
  17, 0, Tesla P100-PCIE-16GB, 6.0, 715, 1189, 1073741824, 56, 14680064, 262144, 16777216, 64, 5, 29.4105 ms, 438.106 GB/s
  18, 0, Tesla P100-PCIE-16GB, 6.0, 715, 1189, 1073741824, 56, 16777216, 299593, 16777216, 64, 5, 31.2129 ms, 412.807 GB/s
   0, 0, Tesla P100-PCIE-16GB, 6.0, 715, 1189, 1073741824, 56, 112, 2, 8388608, 128, 5, 48.9969 ms, 262.974 GB/s
   1, 0, Tesla P100-PCIE-16GB, 6.0, 715, 1189, 1073741824, 56, 224, 4, 8388608, 128, 5, 31.7717 ms, 405.546 GB/s
   2, 0, Tesla P100-PCIE-16GB, 6.0, 715, 1189, 1073741824, 56, 448, 8, 8388608, 128, 5, 27.3286 ms, 471.48 GB/s
   3, 0, Tesla P100-PCIE-16GB, 6.0, 715, 1189, 1073741824, 56, 896, 16, 8388608, 128, 5, 27.6896 ms, 465.334 GB/s
   4, 0, Tesla P100-PCIE-16GB, 6.0, 715, 1189, 1073741824, 56, 1792, 32, 8388608, 128, 5, 27.5123 ms, 468.333 GB/s
   5, 0, Tesla P100-PCIE-16GB, 6.0, 715, 1189, 1073741824, 56, 3584, 64, 8388608, 128, 5, 27.0304 ms, 476.682 GB/s
   6, 0, Tesla P100-PCIE-16GB, 6.0, 715, 1189, 1073741824, 56, 7168, 128, 8388608, 128, 5, 27.1049 ms, 475.372 GB/s
   7, 0, Tesla P100-PCIE-16GB, 6.0, 715, 1189, 1073741824, 56, 14336, 256, 8388608, 128, 5, 26.5431 ms, 485.434 GB/s
   8, 0, Tesla P100-PCIE-16GB, 6.0, 715, 1189, 1073741824, 56, 28672, 512, 8388608, 128, 5, 31.3029 ms, 411.619 GB/s
   9, 0, Tesla P100-PCIE-16GB, 6.0, 715, 1189, 1073741824, 56, 57344, 1024, 8388608, 128, 5, 50.0453 ms, 257.465 GB/s
  10, 0, Tesla P100-PCIE-16GB, 6.0, 715, 1189, 1073741824, 56, 114688, 2048, 8388608, 128, 5, 39.6805 ms, 324.716 GB/s
  11, 0, Tesla P100-PCIE-16GB, 6.0, 715, 1189, 1073741824, 56, 229376, 4096, 8388608, 128, 5, 23.9227 ms, 538.607 GB/s
  12, 0, Tesla P100-PCIE-16GB, 6.0, 715, 1189, 1073741824, 56, 458752, 8192, 8388608, 128, 5, 23.6996 ms, 543.676 GB/s
  13, 0, Tesla P100-PCIE-16GB, 6.0, 715, 1189, 1073741824, 56, 917504, 16384, 8388608, 128, 5, 23.5588 ms, 546.926 GB/s
  14, 0, Tesla P100-PCIE-16GB, 6.0, 715, 1189, 1073741824, 56, 1835008, 32768, 8388608, 128, 5, 23.3641 ms, 551.483 GB/s
  15, 0, Tesla P100-PCIE-16GB, 6.0, 715, 1189, 1073741824, 56, 3670016, 65536, 8388608, 128, 5, 23.3005 ms, 552.989 GB/s
  16, 0, Tesla P100-PCIE-16GB, 6.0, 715, 1189, 1073741824, 56, 7340032, 131072, 8388608, 128, 5, 23.2835 ms, 553.392 GB/s
  17, 0, Tesla P100-PCIE-16GB, 6.0, 715, 1189, 1073741824, 56, 8388608, 149796, 8388608, 128, 5, 23.2685 ms, 553.748 GB/s
   0, 0, Tesla P100-PCIE-16GB, 6.0, 715, 1189, 1073741824, 56, 112, 2, 4194304, 256, 5, 31.7722 ms, 405.54 GB/s
   1, 0, Tesla P100-PCIE-16GB, 6.0, 715, 1189, 1073741824, 56, 224, 4, 4194304, 256, 5, 26.706 ms, 482.472 GB/s
   2, 0, Tesla P100-PCIE-16GB, 6.0, 715, 1189, 1073741824, 56, 448, 8, 4194304, 256, 5, 27.5839 ms, 467.117 GB/s
   3, 0, Tesla P100-PCIE-16GB, 6.0, 715, 1189, 1073741824, 56, 896, 16, 4194304, 256, 5, 27.3422 ms, 471.246 GB/s
   4, 0, Tesla P100-PCIE-16GB, 6.0, 715, 1189, 1073741824, 56, 1792, 32, 4194304, 256, 5, 26.9762 ms, 477.639 GB/s
   5, 0, Tesla P100-PCIE-16GB, 6.0, 715, 1189, 1073741824, 56, 3584, 64, 4194304, 256, 5, 27.0473 ms, 476.384 GB/s
   6, 0, Tesla P100-PCIE-16GB, 6.0, 715, 1189, 1073741824, 56, 7168, 128, 4194304, 256, 5, 26.558 ms, 485.161 GB/s
   7, 0, Tesla P100-PCIE-16GB, 6.0, 715, 1189, 1073741824, 56, 14336, 256, 4194304, 256, 5, 31.6751 ms, 406.783 GB/s
   8, 0, Tesla P100-PCIE-16GB, 6.0, 715, 1189, 1073741824, 56, 28672, 512, 4194304, 256, 5, 45.3927 ms, 283.854 GB/s
   9, 0, Tesla P100-PCIE-16GB, 6.0, 715, 1189, 1073741824, 56, 57344, 1024, 4194304, 256, 5, 36.7714 ms, 350.406 GB/s
  10, 0, Tesla P100-PCIE-16GB, 6.0, 715, 1189, 1073741824, 56, 114688, 2048, 4194304, 256, 5, 24.0826 ms, 535.029 GB/s
  11, 0, Tesla P100-PCIE-16GB, 6.0, 715, 1189, 1073741824, 56, 229376, 4096, 4194304, 256, 5, 23.6494 ms, 544.829 GB/s
  12, 0, Tesla P100-PCIE-16GB, 6.0, 715, 1189, 1073741824, 56, 458752, 8192, 4194304, 256, 5, 23.9111 ms, 538.868 GB/s
  13, 0, Tesla P100-PCIE-16GB, 6.0, 715, 1189, 1073741824, 56, 917504, 16384, 4194304, 256, 5, 23.7287 ms, 543.01 GB/s
  14, 0, Tesla P100-PCIE-16GB, 6.0, 715, 1189, 1073741824, 56, 1835008, 32768, 4194304, 256, 5, 23.3381 ms, 552.097 GB/s
  15, 0, Tesla P100-PCIE-16GB, 6.0, 715, 1189, 1073741824, 56, 3670016, 65536, 4194304, 256, 5, 23.3266 ms, 552.369 GB/s
  16, 0, Tesla P100-PCIE-16GB, 6.0, 715, 1189, 1073741824, 56, 4194304, 74898, 4194304, 256, 5, 23.3395 ms, 552.065 GB/s
   0, 0, Tesla P100-PCIE-16GB, 6.0, 715, 1189, 1073741824, 56, 112, 2, 2097152, 512, 5, 26.7677 ms, 481.359 GB/s
   1, 0, Tesla P100-PCIE-16GB, 6.0, 715, 1189, 1073741824, 56, 224, 4, 2097152, 512, 5, 27.5721 ms, 467.317 GB/s
   2, 0, Tesla P100-PCIE-16GB, 6.0, 715, 1189, 1073741824, 56, 448, 8, 2097152, 512, 5, 27.5422 ms, 467.824 GB/s
   3, 0, Tesla P100-PCIE-16GB, 6.0, 715, 1189, 1073741824, 56, 896, 16, 2097152, 512, 5, 27.1968 ms, 473.765 GB/s
   4, 0, Tesla P100-PCIE-16GB, 6.0, 715, 1189, 1073741824, 56, 1792, 32, 2097152, 512, 5, 27.0198 ms, 476.869 GB/s
   5, 0, Tesla P100-PCIE-16GB, 6.0, 715, 1189, 1073741824, 56, 3584, 64, 2097152, 512, 5, 26.4476 ms, 487.186 GB/s
   6, 0, Tesla P100-PCIE-16GB, 6.0, 715, 1189, 1073741824, 56, 7168, 128, 2097152, 512, 5, 26.6138 ms, 484.143 GB/s
   7, 0, Tesla P100-PCIE-16GB, 6.0, 715, 1189, 1073741824, 56, 14336, 256, 2097152, 512, 5, 41.5776 ms, 309.9 GB/s
   8, 0, Tesla P100-PCIE-16GB, 6.0, 715, 1189, 1073741824, 56, 28672, 512, 2097152, 512, 5, 24.3009 ms, 530.223 GB/s
   9, 0, Tesla P100-PCIE-16GB, 6.0, 715, 1189, 1073741824, 56, 57344, 1024, 2097152, 512, 5, 23.8692 ms, 539.814 GB/s
  10, 0, Tesla P100-PCIE-16GB, 6.0, 715, 1189, 1073741824, 56, 114688, 2048, 2097152, 512, 5, 23.7619 ms, 542.252 GB/s
  11, 0, Tesla P100-PCIE-16GB, 6.0, 715, 1189, 1073741824, 56, 229376, 4096, 2097152, 512, 5, 23.6418 ms, 545.005 GB/s
  12, 0, Tesla P100-PCIE-16GB, 6.0, 715, 1189, 1073741824, 56, 458752, 8192, 2097152, 512, 5, 23.4013 ms, 550.606 GB/s
  13, 0, Tesla P100-PCIE-16GB, 6.0, 715, 1189, 1073741824, 56, 917504, 16384, 2097152, 512, 5, 23.3565 ms, 551.663 GB/s
  14, 0, Tesla P100-PCIE-16GB, 6.0, 715, 1189, 1073741824, 56, 1835008, 32768, 2097152, 512, 5, 23.3831 ms, 551.035 GB/s
  15, 0, Tesla P100-PCIE-16GB, 6.0, 715, 1189, 1073741824, 56, 2097152, 37449, 2097152, 512, 5, 23.388 ms, 550.92 GB/s
   0, 0, Tesla P100-PCIE-16GB, 6.0, 715, 1189, 1073741824, 56, 112, 2, 1048576, 1024, 5, 27.724 ms, 464.757 GB/s
   1, 0, Tesla P100-PCIE-16GB, 6.0, 715, 1189, 1073741824, 56, 224, 4, 1048576, 1024, 5, 27.7404 ms, 464.481 GB/s
   2, 0, Tesla P100-PCIE-16GB, 6.0, 715, 1189, 1073741824, 56, 448, 8, 1048576, 1024, 5, 27.2488 ms, 472.862 GB/s
   3, 0, Tesla P100-PCIE-16GB, 6.0, 715, 1189, 1073741824, 56, 896, 16, 1048576, 1024, 5, 27.0235 ms, 476.804 GB/s
   4, 0, Tesla P100-PCIE-16GB, 6.0, 715, 1189, 1073741824, 56, 1792, 32, 1048576, 1024, 5, 26.4915 ms, 486.378 GB/s
   5, 0, Tesla P100-PCIE-16GB, 6.0, 715, 1189, 1073741824, 56, 3584, 64, 1048576, 1024, 5, 25.9464 ms, 496.597 GB/s
   6, 0, Tesla P100-PCIE-16GB, 6.0, 715, 1189, 1073741824, 56, 7168, 128, 1048576, 1024, 5, 24.9348 ms, 516.743 GB/s
   7, 0, Tesla P100-PCIE-16GB, 6.0, 715, 1189, 1073741824, 56, 14336, 256, 1048576, 1024, 5, 24.2517 ms, 531.299 GB/s
   8, 0, Tesla P100-PCIE-16GB, 6.0, 715, 1189, 1073741824, 56, 28672, 512, 1048576, 1024, 5, 23.9728 ms, 537.481 GB/s
   9, 0, Tesla P100-PCIE-16GB, 6.0, 715, 1189, 1073741824, 56, 57344, 1024, 1048576, 1024, 5, 23.6394 ms, 545.061 GB/s
  10, 0, Tesla P100-PCIE-16GB, 6.0, 715, 1189, 1073741824, 56, 114688, 2048, 1048576, 1024, 5, 23.7105 ms, 543.426 GB/s
  11, 0, Tesla P100-PCIE-16GB, 6.0, 715, 1189, 1073741824, 56, 229376, 4096, 1048576, 1024, 5, 23.606 ms, 545.832 GB/s
  12, 0, Tesla P100-PCIE-16GB, 6.0, 715, 1189, 1073741824, 56, 458752, 8192, 1048576, 1024, 5, 23.4604 ms, 549.218 GB/s
  13, 0, Tesla P100-PCIE-16GB, 6.0, 715, 1189, 1073741824, 56, 917504, 16384, 1048576, 1024, 5, 23.4957 ms, 548.393 GB/s
  14, 0, Tesla P100-PCIE-16GB, 6.0, 715, 1189, 1073741824, 56, 1048576, 18724, 1048576, 1024, 5, 23.5128 ms, 547.996 GB/s
