; reduction-grid 1048576 1073741824, Sat Mar 10 23:24:55 2018
index,dev_id,dev_name,dev_CC,dev_memClock,dev_clock,n,numSMs,blocks_i,blocks_i/numSMs,blocks_n,TBlocksize,TRuns,min_time,max_throughput
   0, 0, Tesla K80, 3.7, 2505, 823, 1048576, 13, 26, 2, 16384, 64, 3, 0.111904 ms, 37.4813 GB/s
   1, 0, Tesla K80, 3.7, 2505, 823, 1048576, 13, 52, 4, 16384, 64, 3, 0.06928 ms, 60.5413 GB/s
   2, 0, Tesla K80, 3.7, 2505, 823, 1048576, 13, 104, 8, 16384, 64, 3, 0.050336 ms, 83.3261 GB/s
   3, 0, Tesla K80, 3.7, 2505, 823, 1048576, 13, 208, 16, 16384, 64, 3, 0.047136 ms, 88.983 GB/s
   4, 0, Tesla K80, 3.7, 2505, 823, 1048576, 13, 416, 32, 16384, 64, 3, 0.047296 ms, 88.682 GB/s
   5, 0, Tesla K80, 3.7, 2505, 823, 1048576, 13, 832, 64, 16384, 64, 3, 0.047392 ms, 88.5024 GB/s
   6, 0, Tesla K80, 3.7, 2505, 823, 1048576, 13, 1664, 128, 16384, 64, 3, 0.052736 ms, 79.534 GB/s
   7, 0, Tesla K80, 3.7, 2505, 823, 1048576, 13, 3328, 256, 16384, 64, 3, 0.062784 ms, 66.8053 GB/s
   8, 0, Tesla K80, 3.7, 2505, 823, 1048576, 13, 6656, 512, 16384, 64, 3, 0.105568 ms, 39.7308 GB/s
   9, 0, Tesla K80, 3.7, 2505, 823, 1048576, 13, 13312, 1024, 16384, 64, 3, 0.155872 ms, 26.9086 GB/s
  10, 0, Tesla K80, 3.7, 2505, 823, 1048576, 13, 26624, 2048, 16384, 64, 3, 0.26064 ms, 16.0923 GB/s
   0, 0, Tesla K80, 3.7, 2505, 823, 1048576, 13, 26, 2, 8192, 128, 3, 0.068032 ms, 61.6519 GB/s
   1, 0, Tesla K80, 3.7, 2505, 823, 1048576, 13, 52, 4, 8192, 128, 3, 0.049344 ms, 85.0013 GB/s
   2, 0, Tesla K80, 3.7, 2505, 823, 1048576, 13, 104, 8, 8192, 128, 3, 0.045216 ms, 92.7615 GB/s
   3, 0, Tesla K80, 3.7, 2505, 823, 1048576, 13, 208, 16, 8192, 128, 3, 0.043808 ms, 95.7429 GB/s
   4, 0, Tesla K80, 3.7, 2505, 823, 1048576, 13, 416, 32, 8192, 128, 3, 0.043456 ms, 96.5184 GB/s
   5, 0, Tesla K80, 3.7, 2505, 823, 1048576, 13, 832, 64, 8192, 128, 3, 0.047808 ms, 87.7323 GB/s
   6, 0, Tesla K80, 3.7, 2505, 823, 1048576, 13, 1664, 128, 8192, 128, 3, 0.053856 ms, 77.88 GB/s
   7, 0, Tesla K80, 3.7, 2505, 823, 1048576, 13, 3328, 256, 8192, 128, 3, 0.069472 ms, 60.374 GB/s
   8, 0, Tesla K80, 3.7, 2505, 823, 1048576, 13, 6656, 512, 8192, 128, 3, 0.10432 ms, 40.2061 GB/s
   9, 0, Tesla K80, 3.7, 2505, 823, 1048576, 13, 13312, 1024, 8192, 128, 3, 0.1752 ms, 23.9401 GB/s
   0, 0, Tesla K80, 3.7, 2505, 823, 1048576, 13, 26, 2, 4096, 256, 3, 0.050336 ms, 83.3261 GB/s
   1, 0, Tesla K80, 3.7, 2505, 823, 1048576, 13, 52, 4, 4096, 256, 3, 0.046464 ms, 90.27 GB/s
   2, 0, Tesla K80, 3.7, 2505, 823, 1048576, 13, 104, 8, 4096, 256, 3, 0.04176 ms, 100.438 GB/s
   3, 0, Tesla K80, 3.7, 2505, 823, 1048576, 13, 208, 16, 4096, 256, 3, 0.042496 ms, 98.6988 GB/s
   4, 0, Tesla K80, 3.7, 2505, 823, 1048576, 13, 416, 32, 4096, 256, 3, 0.049408 ms, 84.8912 GB/s
   5, 0, Tesla K80, 3.7, 2505, 823, 1048576, 13, 832, 64, 4096, 256, 3, 0.055264 ms, 75.8958 GB/s
   6, 0, Tesla K80, 3.7, 2505, 823, 1048576, 13, 1664, 128, 4096, 256, 3, 0.072512 ms, 57.8429 GB/s
   7, 0, Tesla K80, 3.7, 2505, 823, 1048576, 13, 3328, 256, 4096, 256, 3, 0.107648 ms, 38.9631 GB/s
   8, 0, Tesla K80, 3.7, 2505, 823, 1048576, 13, 6656, 512, 4096, 256, 3, 0.186272 ms, 22.5171 GB/s
   0, 0, Tesla K80, 3.7, 2505, 823, 1048576, 13, 26, 2, 2048, 512, 3, 0.048064 ms, 87.265 GB/s
   1, 0, Tesla K80, 3.7, 2505, 823, 1048576, 13, 52, 4, 2048, 512, 3, 0.043296 ms, 96.8751 GB/s
   2, 0, Tesla K80, 3.7, 2505, 823, 1048576, 13, 104, 8, 2048, 512, 3, 0.046624 ms, 89.9602 GB/s
   3, 0, Tesla K80, 3.7, 2505, 823, 1048576, 13, 208, 16, 2048, 512, 3, 0.049888 ms, 84.0744 GB/s
   4, 0, Tesla K80, 3.7, 2505, 823, 1048576, 13, 416, 32, 2048, 512, 3, 0.055968 ms, 74.9411 GB/s
   5, 0, Tesla K80, 3.7, 2505, 823, 1048576, 13, 832, 64, 2048, 512, 3, 0.081248 ms, 51.6235 GB/s
   6, 0, Tesla K80, 3.7, 2505, 823, 1048576, 13, 1664, 128, 2048, 512, 3, 0.124448 ms, 33.7033 GB/s
   7, 0, Tesla K80, 3.7, 2505, 823, 1048576, 13, 3328, 256, 2048, 512, 3, 0.210304 ms, 19.944 GB/s
   0, 0, Tesla K80, 3.7, 2505, 823, 1048576, 13, 26, 2, 1024, 1024, 3, 0.04416 ms, 94.9797 GB/s
   1, 0, Tesla K80, 3.7, 2505, 823, 1048576, 13, 52, 4, 1024, 1024, 3, 0.047104 ms, 89.0435 GB/s
   2, 0, Tesla K80, 3.7, 2505, 823, 1048576, 13, 104, 8, 1024, 1024, 3, 0.053056 ms, 79.0543 GB/s
   3, 0, Tesla K80, 3.7, 2505, 823, 1048576, 13, 208, 16, 1024, 1024, 3, 0.064256 ms, 65.2749 GB/s
   4, 0, Tesla K80, 3.7, 2505, 823, 1048576, 13, 416, 32, 1024, 1024, 3, 0.091424 ms, 45.8775 GB/s
   5, 0, Tesla K80, 3.7, 2505, 823, 1048576, 13, 832, 64, 1024, 1024, 3, 0.14096 ms, 29.7553 GB/s
   6, 0, Tesla K80, 3.7, 2505, 823, 1048576, 13, 1664, 128, 1024, 1024, 3, 0.246144 ms, 17.04 GB/s
   0, 0, Tesla K80, 3.7, 2505, 823, 2097152, 13, 26, 2, 32768, 64, 3, 0.204288 ms, 41.0627 GB/s
   1, 0, Tesla K80, 3.7, 2505, 823, 2097152, 13, 52, 4, 32768, 64, 3, 0.118496 ms, 70.7923 GB/s
   2, 0, Tesla K80, 3.7, 2505, 823, 2097152, 13, 104, 8, 32768, 64, 3, 0.079232 ms, 105.874 GB/s
   3, 0, Tesla K80, 3.7, 2505, 823, 2097152, 13, 208, 16, 32768, 64, 3, 0.074912 ms, 111.98 GB/s
   4, 0, Tesla K80, 3.7, 2505, 823, 2097152, 13, 416, 32, 32768, 64, 3, 0.074048 ms, 113.286 GB/s
   5, 0, Tesla K80, 3.7, 2505, 823, 2097152, 13, 832, 64, 32768, 64, 3, 0.075264 ms, 111.456 GB/s
   6, 0, Tesla K80, 3.7, 2505, 823, 2097152, 13, 1664, 128, 32768, 64, 3, 0.07488 ms, 112.027 GB/s
   7, 0, Tesla K80, 3.7, 2505, 823, 2097152, 13, 3328, 256, 32768, 64, 3, 0.09072 ms, 92.467 GB/s
   8, 0, Tesla K80, 3.7, 2505, 823, 2097152, 13, 6656, 512, 32768, 64, 3, 0.110368 ms, 76.0058 GB/s
   9, 0, Tesla K80, 3.7, 2505, 823, 2097152, 13, 13312, 1024, 32768, 64, 3, 0.198144 ms, 42.3359 GB/s
  10, 0, Tesla K80, 3.7, 2505, 823, 2097152, 13, 26624, 2048, 32768, 64, 3, 0.302304 ms, 27.7489 GB/s
  11, 0, Tesla K80, 3.7, 2505, 823, 2097152, 13, 53248, 4096, 32768, 64, 3, 0.506976 ms, 16.5464 GB/s
   0, 0, Tesla K80, 3.7, 2505, 823, 2097152, 13, 26, 2, 16384, 128, 3, 0.118368 ms, 70.8689 GB/s
   1, 0, Tesla K80, 3.7, 2505, 823, 2097152, 13, 52, 4, 16384, 128, 3, 0.080512 ms, 104.191 GB/s
   2, 0, Tesla K80, 3.7, 2505, 823, 2097152, 13, 104, 8, 16384, 128, 3, 0.074752 ms, 112.219 GB/s
   3, 0, Tesla K80, 3.7, 2505, 823, 2097152, 13, 208, 16, 16384, 128, 3, 0.067136 ms, 124.949 GB/s
   4, 0, Tesla K80, 3.7, 2505, 823, 2097152, 13, 416, 32, 16384, 128, 3, 0.068992 ms, 121.588 GB/s
   5, 0, Tesla K80, 3.7, 2505, 823, 2097152, 13, 832, 64, 16384, 128, 3, 0.066432 ms, 126.274 GB/s
   6, 0, Tesla K80, 3.7, 2505, 823, 2097152, 13, 1664, 128, 16384, 128, 3, 0.076576 ms, 109.546 GB/s
   7, 0, Tesla K80, 3.7, 2505, 823, 2097152, 13, 3328, 256, 16384, 128, 3, 0.089504 ms, 93.7233 GB/s
   8, 0, Tesla K80, 3.7, 2505, 823, 2097152, 13, 6656, 512, 16384, 128, 3, 0.118944 ms, 70.5257 GB/s
   9, 0, Tesla K80, 3.7, 2505, 823, 2097152, 13, 13312, 1024, 16384, 128, 3, 0.193408 ms, 43.3726 GB/s
  10, 0, Tesla K80, 3.7, 2505, 823, 2097152, 13, 26624, 2048, 16384, 128, 3, 0.334752 ms, 25.0592 GB/s
   0, 0, Tesla K80, 3.7, 2505, 823, 2097152, 13, 26, 2, 8192, 256, 3, 0.08256 ms, 101.606 GB/s
   1, 0, Tesla K80, 3.7, 2505, 823, 2097152, 13, 52, 4, 8192, 256, 3, 0.070368 ms, 119.211 GB/s
   2, 0, Tesla K80, 3.7, 2505, 823, 2097152, 13, 104, 8, 8192, 256, 3, 0.062944 ms, 133.271 GB/s
   3, 0, Tesla K80, 3.7, 2505, 823, 2097152, 13, 208, 16, 8192, 256, 3, 0.067872 ms, 123.595 GB/s
   4, 0, Tesla K80, 3.7, 2505, 823, 2097152, 13, 416, 32, 8192, 256, 3, 0.07008 ms, 119.7 GB/s
   5, 0, Tesla K80, 3.7, 2505, 823, 2097152, 13, 832, 64, 8192, 256, 3, 0.076288 ms, 109.96 GB/s
   6, 0, Tesla K80, 3.7, 2505, 823, 2097152, 13, 1664, 128, 8192, 256, 3, 0.089376 ms, 93.8575 GB/s
   7, 0, Tesla K80, 3.7, 2505, 823, 2097152, 13, 3328, 256, 8192, 256, 3, 0.127072 ms, 66.0146 GB/s
   8, 0, Tesla K80, 3.7, 2505, 823, 2097152, 13, 6656, 512, 8192, 256, 3, 0.200928 ms, 41.7493 GB/s
   9, 0, Tesla K80, 3.7, 2505, 823, 2097152, 13, 13312, 1024, 8192, 256, 3, 0.352672 ms, 23.7859 GB/s
   0, 0, Tesla K80, 3.7, 2505, 823, 2097152, 13, 26, 2, 4096, 512, 3, 0.075008 ms, 111.836 GB/s
   1, 0, Tesla K80, 3.7, 2505, 823, 2097152, 13, 52, 4, 4096, 512, 3, 0.06832 ms, 122.784 GB/s
   2, 0, Tesla K80, 3.7, 2505, 823, 2097152, 13, 104, 8, 4096, 512, 3, 0.06928 ms, 121.083 GB/s
   3, 0, Tesla K80, 3.7, 2505, 823, 2097152, 13, 208, 16, 4096, 512, 3, 0.071936 ms, 116.612 GB/s
   4, 0, Tesla K80, 3.7, 2505, 823, 2097152, 13, 416, 32, 4096, 512, 3, 0.080512 ms, 104.191 GB/s
   5, 0, Tesla K80, 3.7, 2505, 823, 2097152, 13, 832, 64, 4096, 512, 3, 0.088256 ms, 95.0486 GB/s
   6, 0, Tesla K80, 3.7, 2505, 823, 2097152, 13, 1664, 128, 4096, 512, 3, 0.14336 ms, 58.5143 GB/s
   7, 0, Tesla K80, 3.7, 2505, 823, 2097152, 13, 3328, 256, 4096, 512, 3, 0.225632 ms, 37.1783 GB/s
   8, 0, Tesla K80, 3.7, 2505, 823, 2097152, 13, 6656, 512, 4096, 512, 3, 0.403424 ms, 20.7935 GB/s
   0, 0, Tesla K80, 3.7, 2505, 823, 2097152, 13, 26, 2, 2048, 1024, 3, 0.06848 ms, 122.497 GB/s
   1, 0, Tesla K80, 3.7, 2505, 823, 2097152, 13, 52, 4, 2048, 1024, 3, 0.07328 ms, 114.473 GB/s
   2, 0, Tesla K80, 3.7, 2505, 823, 2097152, 13, 104, 8, 2048, 1024, 3, 0.075552 ms, 111.031 GB/s
   3, 0, Tesla K80, 3.7, 2505, 823, 2097152, 13, 208, 16, 2048, 1024, 3, 0.090176 ms, 93.0248 GB/s
   4, 0, Tesla K80, 3.7, 2505, 823, 2097152, 13, 416, 32, 2048, 1024, 3, 0.10448 ms, 80.2891 GB/s
   5, 0, Tesla K80, 3.7, 2505, 823, 2097152, 13, 832, 64, 2048, 1024, 3, 0.161696 ms, 51.8789 GB/s
   6, 0, Tesla K80, 3.7, 2505, 823, 2097152, 13, 1664, 128, 2048, 1024, 3, 0.264608 ms, 31.702 GB/s
   7, 0, Tesla K80, 3.7, 2505, 823, 2097152, 13, 3328, 256, 2048, 1024, 3, 0.47408 ms, 17.6945 GB/s
   0, 0, Tesla K80, 3.7, 2505, 823, 4194304, 13, 26, 2, 65536, 64, 3, 0.392672 ms, 42.7258 GB/s
   1, 0, Tesla K80, 3.7, 2505, 823, 4194304, 13, 52, 4, 65536, 64, 3, 0.21456 ms, 78.1936 GB/s
   2, 0, Tesla K80, 3.7, 2505, 823, 4194304, 13, 104, 8, 65536, 64, 3, 0.140608 ms, 119.319 GB/s
   3, 0, Tesla K80, 3.7, 2505, 823, 4194304, 13, 208, 16, 65536, 64, 3, 0.127744 ms, 131.335 GB/s
   4, 0, Tesla K80, 3.7, 2505, 823, 4194304, 13, 416, 32, 65536, 64, 3, 0.128576 ms, 130.485 GB/s
   5, 0, Tesla K80, 3.7, 2505, 823, 4194304, 13, 832, 64, 65536, 64, 3, 0.13264 ms, 126.487 GB/s
   6, 0, Tesla K80, 3.7, 2505, 823, 4194304, 13, 1664, 128, 65536, 64, 3, 0.127136 ms, 131.963 GB/s
   7, 0, Tesla K80, 3.7, 2505, 823, 4194304, 13, 3328, 256, 65536, 64, 3, 0.127008 ms, 132.096 GB/s
   8, 0, Tesla K80, 3.7, 2505, 823, 4194304, 13, 6656, 512, 65536, 64, 3, 0.16064 ms, 104.44 GB/s
   9, 0, Tesla K80, 3.7, 2505, 823, 4194304, 13, 13312, 1024, 65536, 64, 3, 0.202816 ms, 82.7214 GB/s
  10, 0, Tesla K80, 3.7, 2505, 823, 4194304, 13, 26624, 2048, 65536, 64, 3, 0.379104 ms, 44.2549 GB/s
  11, 0, Tesla K80, 3.7, 2505, 823, 4194304, 13, 53248, 4096, 65536, 64, 3, 0.59504 ms, 28.1951 GB/s
  12, 0, Tesla K80, 3.7, 2505, 823, 4194304, 13, 106496, 8192, 65536, 64, 3, 1.00454 ms, 16.7013 GB/s
   0, 0, Tesla K80, 3.7, 2505, 823, 4194304, 13, 26, 2, 32768, 128, 3, 0.21792 ms, 76.988 GB/s
   1, 0, Tesla K80, 3.7, 2505, 823, 4194304, 13, 52, 4, 32768, 128, 3, 0.14144 ms, 118.617 GB/s
   2, 0, Tesla K80, 3.7, 2505, 823, 4194304, 13, 104, 8, 32768, 128, 3, 0.129408 ms, 129.646 GB/s
   3, 0, Tesla K80, 3.7, 2505, 823, 4194304, 13, 208, 16, 32768, 128, 3, 0.111712 ms, 150.183 GB/s
   4, 0, Tesla K80, 3.7, 2505, 823, 4194304, 13, 416, 32, 32768, 128, 3, 0.115072 ms, 145.798 GB/s
   5, 0, Tesla K80, 3.7, 2505, 823, 4194304, 13, 832, 64, 32768, 128, 3, 0.116128 ms, 144.472 GB/s
   6, 0, Tesla K80, 3.7, 2505, 823, 4194304, 13, 1664, 128, 32768, 128, 3, 0.117952 ms, 142.238 GB/s
   7, 0, Tesla K80, 3.7, 2505, 823, 4194304, 13, 3328, 256, 32768, 128, 3, 0.131712 ms, 127.378 GB/s
   8, 0, Tesla K80, 3.7, 2505, 823, 4194304, 13, 6656, 512, 32768, 128, 3, 0.15776 ms, 106.346 GB/s
   9, 0, Tesla K80, 3.7, 2505, 823, 4194304, 13, 13312, 1024, 32768, 128, 3, 0.22336 ms, 75.1129 GB/s
  10, 0, Tesla K80, 3.7, 2505, 823, 4194304, 13, 26624, 2048, 32768, 128, 3, 0.37104 ms, 45.2167 GB/s
  11, 0, Tesla K80, 3.7, 2505, 823, 4194304, 13, 53248, 4096, 32768, 128, 3, 0.658112 ms, 25.493 GB/s
   0, 0, Tesla K80, 3.7, 2505, 823, 4194304, 13, 26, 2, 16384, 256, 3, 0.144416 ms, 116.173 GB/s
   1, 0, Tesla K80, 3.7, 2505, 823, 4194304, 13, 52, 4, 16384, 256, 3, 0.128704 ms, 130.355 GB/s
   2, 0, Tesla K80, 3.7, 2505, 823, 4194304, 13, 104, 8, 16384, 256, 3, 0.112704 ms, 148.861 GB/s
   3, 0, Tesla K80, 3.7, 2505, 823, 4194304, 13, 208, 16, 16384, 256, 3, 0.113568 ms, 147.728 GB/s
   4, 0, Tesla K80, 3.7, 2505, 823, 4194304, 13, 416, 32, 16384, 256, 3, 0.11648 ms, 144.035 GB/s
   5, 0, Tesla K80, 3.7, 2505, 823, 4194304, 13, 832, 64, 16384, 256, 3, 0.118144 ms, 142.006 GB/s
   6, 0, Tesla K80, 3.7, 2505, 823, 4194304, 13, 1664, 128, 16384, 256, 3, 0.137024 ms, 122.44 GB/s
   7, 0, Tesla K80, 3.7, 2505, 823, 4194304, 13, 3328, 256, 16384, 256, 3, 0.161504 ms, 103.881 GB/s
   8, 0, Tesla K80, 3.7, 2505, 823, 4194304, 13, 6656, 512, 16384, 256, 3, 0.234432 ms, 71.5654 GB/s
   9, 0, Tesla K80, 3.7, 2505, 823, 4194304, 13, 13312, 1024, 16384, 256, 3, 0.386656 ms, 43.3906 GB/s
  10, 0, Tesla K80, 3.7, 2505, 823, 4194304, 13, 26624, 2048, 16384, 256, 3, 0.689088 ms, 24.347 GB/s
   0, 0, Tesla K80, 3.7, 2505, 823, 4194304, 13, 26, 2, 8192, 512, 3, 0.128384 ms, 130.68 GB/s
   1, 0, Tesla K80, 3.7, 2505, 823, 4194304, 13, 52, 4, 8192, 512, 3, 0.114592 ms, 146.408 GB/s
   2, 0, Tesla K80, 3.7, 2505, 823, 4194304, 13, 104, 8, 8192, 512, 3, 0.116608 ms, 143.877 GB/s
   3, 0, Tesla K80, 3.7, 2505, 823, 4194304, 13, 208, 16, 8192, 512, 3, 0.120992 ms, 138.664 GB/s
   4, 0, Tesla K80, 3.7, 2505, 823, 4194304, 13, 416, 32, 8192, 512, 3, 0.1232 ms, 136.179 GB/s
   5, 0, Tesla K80, 3.7, 2505, 823, 4194304, 13, 832, 64, 8192, 512, 3, 0.141248 ms, 118.778 GB/s
   6, 0, Tesla K80, 3.7, 2505, 823, 4194304, 13, 1664, 128, 8192, 512, 3, 0.159648 ms, 105.089 GB/s
   7, 0, Tesla K80, 3.7, 2505, 823, 4194304, 13, 3328, 256, 8192, 512, 3, 0.265344 ms, 63.2282 GB/s
   8, 0, Tesla K80, 3.7, 2505, 823, 4194304, 13, 6656, 512, 8192, 512, 3, 0.4376 ms, 38.3392 GB/s
   9, 0, Tesla K80, 3.7, 2505, 823, 4194304, 13, 13312, 1024, 8192, 512, 3, 0.785184 ms, 21.3672 GB/s
   0, 0, Tesla K80, 3.7, 2505, 823, 4194304, 13, 26, 2, 4096, 1024, 3, 0.116032 ms, 144.591 GB/s
   1, 0, Tesla K80, 3.7, 2505, 823, 4194304, 13, 52, 4, 4096, 1024, 3, 0.11856 ms, 141.508 GB/s
   2, 0, Tesla K80, 3.7, 2505, 823, 4194304, 13, 104, 8, 4096, 1024, 3, 0.126112 ms, 133.034 GB/s
   3, 0, Tesla K80, 3.7, 2505, 823, 4194304, 13, 208, 16, 4096, 1024, 3, 0.133408 ms, 125.759 GB/s
   4, 0, Tesla K80, 3.7, 2505, 823, 4194304, 13, 416, 32, 4096, 1024, 3, 0.156704 ms, 107.063 GB/s
   5, 0, Tesla K80, 3.7, 2505, 823, 4194304, 13, 832, 64, 4096, 1024, 3, 0.18688 ms, 89.7753 GB/s
   6, 0, Tesla K80, 3.7, 2505, 823, 4194304, 13, 1664, 128, 4096, 1024, 3, 0.305088 ms, 54.9914 GB/s
   7, 0, Tesla K80, 3.7, 2505, 823, 4194304, 13, 3328, 256, 4096, 1024, 3, 0.51424 ms, 32.6253 GB/s
   8, 0, Tesla K80, 3.7, 2505, 823, 4194304, 13, 6656, 512, 4096, 1024, 3, 0.930176 ms, 18.0366 GB/s
   0, 0, Tesla K80, 3.7, 2505, 823, 8388608, 13, 26, 2, 131072, 64, 3, 0.774624 ms, 43.3171 GB/s
   1, 0, Tesla K80, 3.7, 2505, 823, 8388608, 13, 52, 4, 131072, 64, 3, 0.41824 ms, 80.2277 GB/s
   2, 0, Tesla K80, 3.7, 2505, 823, 8388608, 13, 104, 8, 131072, 64, 3, 0.267104 ms, 125.623 GB/s
   3, 0, Tesla K80, 3.7, 2505, 823, 8388608, 13, 208, 16, 131072, 64, 3, 0.233184 ms, 143.897 GB/s
   4, 0, Tesla K80, 3.7, 2505, 823, 8388608, 13, 416, 32, 131072, 64, 3, 0.236992 ms, 141.585 GB/s
   5, 0, Tesla K80, 3.7, 2505, 823, 8388608, 13, 832, 64, 131072, 64, 3, 0.234272 ms, 143.229 GB/s
   6, 0, Tesla K80, 3.7, 2505, 823, 8388608, 13, 1664, 128, 131072, 64, 3, 0.233184 ms, 143.897 GB/s
   7, 0, Tesla K80, 3.7, 2505, 823, 8388608, 13, 3328, 256, 131072, 64, 3, 0.232384 ms, 144.392 GB/s
   8, 0, Tesla K80, 3.7, 2505, 823, 8388608, 13, 6656, 512, 131072, 64, 3, 0.240736 ms, 139.383 GB/s
   9, 0, Tesla K80, 3.7, 2505, 823, 8388608, 13, 13312, 1024, 131072, 64, 3, 0.302464 ms, 110.937 GB/s
  10, 0, Tesla K80, 3.7, 2505, 823, 8388608, 13, 26624, 2048, 131072, 64, 3, 0.386656 ms, 86.7811 GB/s
  11, 0, Tesla K80, 3.7, 2505, 823, 8388608, 13, 53248, 4096, 131072, 64, 3, 0.746048 ms, 44.9762 GB/s
  12, 0, Tesla K80, 3.7, 2505, 823, 8388608, 13, 106496, 8192, 131072, 64, 3, 1.17926 ms, 28.4537 GB/s
  13, 0, Tesla K80, 3.7, 2505, 823, 8388608, 13, 212992, 16384, 131072, 64, 3, 1.9936 ms, 16.8311 GB/s
   0, 0, Tesla K80, 3.7, 2505, 823, 8388608, 13, 26, 2, 65536, 128, 3, 0.415424 ms, 80.7715 GB/s
   1, 0, Tesla K80, 3.7, 2505, 823, 8388608, 13, 52, 4, 65536, 128, 3, 0.263392 ms, 127.394 GB/s
   2, 0, Tesla K80, 3.7, 2505, 823, 8388608, 13, 104, 8, 65536, 128, 3, 0.232224 ms, 144.492 GB/s
   3, 0, Tesla K80, 3.7, 2505, 823, 8388608, 13, 208, 16, 65536, 128, 3, 0.210496 ms, 159.407 GB/s
   4, 0, Tesla K80, 3.7, 2505, 823, 8388608, 13, 416, 32, 65536, 128, 3, 0.210784 ms, 159.189 GB/s
   5, 0, Tesla K80, 3.7, 2505, 823, 8388608, 13, 832, 64, 65536, 128, 3, 0.211488 ms, 158.659 GB/s
   6, 0, Tesla K80, 3.7, 2505, 823, 8388608, 13, 1664, 128, 65536, 128, 3, 0.212416 ms, 157.966 GB/s
   7, 0, Tesla K80, 3.7, 2505, 823, 8388608, 13, 3328, 256, 65536, 128, 3, 0.215936 ms, 155.391 GB/s
   8, 0, Tesla K80, 3.7, 2505, 823, 8388608, 13, 6656, 512, 65536, 128, 3, 0.244544 ms, 137.212 GB/s
   9, 0, Tesla K80, 3.7, 2505, 823, 8388608, 13, 13312, 1024, 65536, 128, 3, 0.298464 ms, 112.424 GB/s
  10, 0, Tesla K80, 3.7, 2505, 823, 8388608, 13, 26624, 2048, 65536, 128, 3, 0.432768 ms, 77.5345 GB/s
  11, 0, Tesla K80, 3.7, 2505, 823, 8388608, 13, 53248, 4096, 65536, 128, 3, 0.72576 ms, 46.2335 GB/s
  12, 0, Tesla K80, 3.7, 2505, 823, 8388608, 13, 106496, 8192, 65536, 128, 3, 1.29939 ms, 25.8232 GB/s
   0, 0, Tesla K80, 3.7, 2505, 823, 8388608, 13, 26, 2, 32768, 256, 3, 0.269376 ms, 124.564 GB/s
   1, 0, Tesla K80, 3.7, 2505, 823, 8388608, 13, 52, 4, 32768, 256, 3, 0.23952 ms, 140.09 GB/s
   2, 0, Tesla K80, 3.7, 2505, 823, 8388608, 13, 104, 8, 32768, 256, 3, 0.20752 ms, 161.693 GB/s
   3, 0, Tesla K80, 3.7, 2505, 823, 8388608, 13, 208, 16, 32768, 256, 3, 0.208384 ms, 161.022 GB/s
   4, 0, Tesla K80, 3.7, 2505, 823, 8388608, 13, 416, 32, 32768, 256, 3, 0.21312 ms, 157.444 GB/s
   5, 0, Tesla K80, 3.7, 2505, 823, 8388608, 13, 832, 64, 32768, 256, 3, 0.212448 ms, 157.942 GB/s
   6, 0, Tesla K80, 3.7, 2505, 823, 8388608, 13, 1664, 128, 32768, 256, 3, 0.214752 ms, 156.247 GB/s
   7, 0, Tesla K80, 3.7, 2505, 823, 8388608, 13, 3328, 256, 32768, 256, 3, 0.249312 ms, 134.588 GB/s
   8, 0, Tesla K80, 3.7, 2505, 823, 8388608, 13, 6656, 512, 32768, 256, 3, 0.303712 ms, 110.481 GB/s
   9, 0, Tesla K80, 3.7, 2505, 823, 8388608, 13, 13312, 1024, 32768, 256, 3, 0.452448 ms, 74.162 GB/s
  10, 0, Tesla K80, 3.7, 2505, 823, 8388608, 13, 26624, 2048, 32768, 256, 3, 0.755488 ms, 44.4143 GB/s
  11, 0, Tesla K80, 3.7, 2505, 823, 8388608, 13, 53248, 4096, 32768, 256, 3, 1.36211 ms, 24.6341 GB/s
   0, 0, Tesla K80, 3.7, 2505, 823, 8388608, 13, 26, 2, 16384, 512, 3, 0.23968 ms, 139.997 GB/s
   1, 0, Tesla K80, 3.7, 2505, 823, 8388608, 13, 52, 4, 16384, 512, 3, 0.211136 ms, 158.923 GB/s
   2, 0, Tesla K80, 3.7, 2505, 823, 8388608, 13, 104, 8, 16384, 512, 3, 0.212768 ms, 157.704 GB/s
   3, 0, Tesla K80, 3.7, 2505, 823, 8388608, 13, 208, 16, 16384, 512, 3, 0.216448 ms, 155.023 GB/s
   4, 0, Tesla K80, 3.7, 2505, 823, 8388608, 13, 416, 32, 16384, 512, 3, 0.22144 ms, 151.528 GB/s
   5, 0, Tesla K80, 3.7, 2505, 823, 8388608, 13, 832, 64, 16384, 512, 3, 0.220928 ms, 151.879 GB/s
   6, 0, Tesla K80, 3.7, 2505, 823, 8388608, 13, 1664, 128, 16384, 512, 3, 0.266816 ms, 125.759 GB/s
   7, 0, Tesla K80, 3.7, 2505, 823, 8388608, 13, 3328, 256, 16384, 512, 3, 0.293152 ms, 114.461 GB/s
   8, 0, Tesla K80, 3.7, 2505, 823, 8388608, 13, 6656, 512, 16384, 512, 3, 0.513088 ms, 65.397 GB/s
   9, 0, Tesla K80, 3.7, 2505, 823, 8388608, 13, 13312, 1024, 16384, 512, 3, 0.85664 ms, 39.1698 GB/s
  10, 0, Tesla K80, 3.7, 2505, 823, 8388608, 13, 26624, 2048, 16384, 512, 3, 1.55149 ms, 21.6273 GB/s
   0, 0, Tesla K80, 3.7, 2505, 823, 8388608, 13, 26, 2, 8192, 1024, 3, 0.210528 ms, 159.382 GB/s
   1, 0, Tesla K80, 3.7, 2505, 823, 8388608, 13, 52, 4, 8192, 1024, 3, 0.213632 ms, 157.067 GB/s
   2, 0, Tesla K80, 3.7, 2505, 823, 8388608, 13, 104, 8, 8192, 1024, 3, 0.221856 ms, 151.244 GB/s
   3, 0, Tesla K80, 3.7, 2505, 823, 8388608, 13, 208, 16, 8192, 1024, 3, 0.227872 ms, 147.251 GB/s
   4, 0, Tesla K80, 3.7, 2505, 823, 8388608, 13, 416, 32, 8192, 1024, 3, 0.238528 ms, 140.673 GB/s
   5, 0, Tesla K80, 3.7, 2505, 823, 8388608, 13, 832, 64, 8192, 1024, 3, 0.29168 ms, 115.039 GB/s
   6, 0, Tesla K80, 3.7, 2505, 823, 8388608, 13, 1664, 128, 8192, 1024, 3, 0.3504 ms, 95.7604 GB/s
   7, 0, Tesla K80, 3.7, 2505, 823, 8388608, 13, 3328, 256, 8192, 1024, 3, 0.594336 ms, 56.457 GB/s
   8, 0, Tesla K80, 3.7, 2505, 823, 8388608, 13, 6656, 512, 8192, 1024, 3, 1.00573 ms, 33.3633 GB/s
   9, 0, Tesla K80, 3.7, 2505, 823, 8388608, 13, 13312, 1024, 8192, 1024, 3, 1.84262 ms, 18.2101 GB/s
   0, 0, Tesla K80, 3.7, 2505, 823, 16777216, 13, 26, 2, 262144, 64, 3, 1.53555 ms, 43.7034 GB/s
   1, 0, Tesla K80, 3.7, 2505, 823, 16777216, 13, 52, 4, 262144, 64, 3, 0.817184 ms, 82.1221 GB/s
   2, 0, Tesla K80, 3.7, 2505, 823, 16777216, 13, 104, 8, 262144, 64, 3, 0.5104 ms, 131.483 GB/s
   3, 0, Tesla K80, 3.7, 2505, 823, 16777216, 13, 208, 16, 262144, 64, 3, 0.445824 ms, 150.528 GB/s
   4, 0, Tesla K80, 3.7, 2505, 823, 16777216, 13, 416, 32, 262144, 64, 3, 0.444992 ms, 150.809 GB/s
   5, 0, Tesla K80, 3.7, 2505, 823, 16777216, 13, 832, 64, 262144, 64, 3, 0.440096 ms, 152.487 GB/s
   6, 0, Tesla K80, 3.7, 2505, 823, 16777216, 13, 1664, 128, 262144, 64, 3, 0.432256 ms, 155.253 GB/s
   7, 0, Tesla K80, 3.7, 2505, 823, 16777216, 13, 3328, 256, 262144, 64, 3, 0.44064 ms, 152.299 GB/s
   8, 0, Tesla K80, 3.7, 2505, 823, 16777216, 13, 6656, 512, 262144, 64, 3, 0.445792 ms, 150.539 GB/s
   9, 0, Tesla K80, 3.7, 2505, 823, 16777216, 13, 13312, 1024, 262144, 64, 3, 0.46528 ms, 144.233 GB/s
  10, 0, Tesla K80, 3.7, 2505, 823, 16777216, 13, 26624, 2048, 262144, 64, 3, 0.5704 ms, 117.652 GB/s
  11, 0, Tesla K80, 3.7, 2505, 823, 16777216, 13, 53248, 4096, 262144, 64, 3, 0.760384 ms, 88.2565 GB/s
  12, 0, Tesla K80, 3.7, 2505, 823, 16777216, 13, 106496, 8192, 262144, 64, 3, 1.47414 ms, 45.524 GB/s
  13, 0, Tesla K80, 3.7, 2505, 823, 16777216, 13, 212992, 16384, 262144, 64, 3, 2.3456 ms, 28.6105 GB/s
  14, 0, Tesla K80, 3.7, 2505, 823, 16777216, 13, 425984, 32768, 262144, 64, 3, 4.08445 ms, 16.4303 GB/s
   0, 0, Tesla K80, 3.7, 2505, 823, 16777216, 13, 26, 2, 131072, 128, 3, 0.815616 ms, 82.28 GB/s
   1, 0, Tesla K80, 3.7, 2505, 823, 16777216, 13, 52, 4, 131072, 128, 3, 0.511552 ms, 131.187 GB/s
   2, 0, Tesla K80, 3.7, 2505, 823, 16777216, 13, 104, 8, 131072, 128, 3, 0.443072 ms, 151.463 GB/s
   3, 0, Tesla K80, 3.7, 2505, 823, 16777216, 13, 208, 16, 131072, 128, 3, 0.39744 ms, 168.853 GB/s
   4, 0, Tesla K80, 3.7, 2505, 823, 16777216, 13, 416, 32, 131072, 128, 3, 0.402656 ms, 166.666 GB/s
   5, 0, Tesla K80, 3.7, 2505, 823, 16777216, 13, 832, 64, 131072, 128, 3, 0.401344 ms, 167.21 GB/s
   6, 0, Tesla K80, 3.7, 2505, 823, 16777216, 13, 1664, 128, 131072, 128, 3, 0.401952 ms, 166.957 GB/s
   7, 0, Tesla K80, 3.7, 2505, 823, 16777216, 13, 3328, 256, 131072, 128, 3, 0.405184 ms, 165.626 GB/s
   8, 0, Tesla K80, 3.7, 2505, 823, 16777216, 13, 6656, 512, 131072, 128, 3, 0.408288 ms, 164.366 GB/s
   9, 0, Tesla K80, 3.7, 2505, 823, 16777216, 13, 13312, 1024, 131072, 128, 3, 0.464192 ms, 144.571 GB/s
  10, 0, Tesla K80, 3.7, 2505, 823, 16777216, 13, 26624, 2048, 131072, 128, 3, 0.584928 ms, 114.73 GB/s
  11, 0, Tesla K80, 3.7, 2505, 823, 16777216, 13, 53248, 4096, 131072, 128, 3, 0.847328 ms, 79.2006 GB/s
  12, 0, Tesla K80, 3.7, 2505, 823, 16777216, 13, 106496, 8192, 131072, 128, 3, 1.43539 ms, 46.753 GB/s
  13, 0, Tesla K80, 3.7, 2505, 823, 16777216, 13, 212992, 16384, 131072, 128, 3, 2.58771 ms, 25.9337 GB/s
   0, 0, Tesla K80, 3.7, 2505, 823, 16777216, 13, 26, 2, 65536, 256, 3, 0.510176 ms, 131.541 GB/s
   1, 0, Tesla K80, 3.7, 2505, 823, 16777216, 13, 52, 4, 65536, 256, 3, 0.447328 ms, 150.022 GB/s
   2, 0, Tesla K80, 3.7, 2505, 823, 16777216, 13, 104, 8, 65536, 256, 3, 0.396096 ms, 169.426 GB/s
   3, 0, Tesla K80, 3.7, 2505, 823, 16777216, 13, 208, 16, 65536, 256, 3, 0.398848 ms, 168.257 GB/s
   4, 0, Tesla K80, 3.7, 2505, 823, 16777216, 13, 416, 32, 65536, 256, 3, 0.40112 ms, 167.304 GB/s
   5, 0, Tesla K80, 3.7, 2505, 823, 16777216, 13, 832, 64, 65536, 256, 3, 0.40528 ms, 165.586 GB/s
   6, 0, Tesla K80, 3.7, 2505, 823, 16777216, 13, 1664, 128, 65536, 256, 3, 0.405856 ms, 165.351 GB/s
   7, 0, Tesla K80, 3.7, 2505, 823, 16777216, 13, 3328, 256, 65536, 256, 3, 0.408192 ms, 164.405 GB/s
   8, 0, Tesla K80, 3.7, 2505, 823, 16777216, 13, 6656, 512, 65536, 256, 3, 0.479424 ms, 139.978 GB/s
   9, 0, Tesla K80, 3.7, 2505, 823, 16777216, 13, 13312, 1024, 65536, 256, 3, 0.59424 ms, 112.932 GB/s
  10, 0, Tesla K80, 3.7, 2505, 823, 16777216, 13, 26624, 2048, 65536, 256, 3, 0.889248 ms, 75.467 GB/s
  11, 0, Tesla K80, 3.7, 2505, 823, 16777216, 13, 53248, 4096, 65536, 256, 3, 1.49203 ms, 44.9782 GB/s
  12, 0, Tesla K80, 3.7, 2505, 823, 16777216, 13, 106496, 8192, 65536, 256, 3, 2.70912 ms, 24.7715 GB/s
   0, 0, Tesla K80, 3.7, 2505, 823, 16777216, 13, 26, 2, 32768, 512, 3, 0.44832 ms, 149.69 GB/s
   1, 0, Tesla K80, 3.7, 2505, 823, 16777216, 13, 52, 4, 32768, 512, 3, 0.398816 ms, 168.27 GB/s
   2, 0, Tesla K80, 3.7, 2505, 823, 16777216, 13, 104, 8, 32768, 512, 3, 0.402016 ms, 166.931 GB/s
   3, 0, Tesla K80, 3.7, 2505, 823, 16777216, 13, 208, 16, 32768, 512, 3, 0.405504 ms, 165.495 GB/s
   4, 0, Tesla K80, 3.7, 2505, 823, 16777216, 13, 416, 32, 32768, 512, 3, 0.413504 ms, 162.293 GB/s
   5, 0, Tesla K80, 3.7, 2505, 823, 16777216, 13, 832, 64, 32768, 512, 3, 0.407488 ms, 164.689 GB/s
   6, 0, Tesla K80, 3.7, 2505, 823, 16777216, 13, 1664, 128, 32768, 512, 3, 0.421376 ms, 159.261 GB/s
   7, 0, Tesla K80, 3.7, 2505, 823, 16777216, 13, 3328, 256, 32768, 512, 3, 0.508448 ms, 131.988 GB/s
   8, 0, Tesla K80, 3.7, 2505, 823, 16777216, 13, 6656, 512, 32768, 512, 3, 0.569504 ms, 117.837 GB/s
   9, 0, Tesla K80, 3.7, 2505, 823, 16777216, 13, 13312, 1024, 32768, 512, 3, 1.00253 ms, 66.9396 GB/s
  10, 0, Tesla K80, 3.7, 2505, 823, 16777216, 13, 26624, 2048, 32768, 512, 3, 1.69824 ms, 39.5167 GB/s
  11, 0, Tesla K80, 3.7, 2505, 823, 16777216, 13, 53248, 4096, 32768, 512, 3, 3.08861 ms, 21.7279 GB/s
   0, 0, Tesla K80, 3.7, 2505, 823, 16777216, 13, 26, 2, 16384, 1024, 3, 0.399104 ms, 168.149 GB/s
   1, 0, Tesla K80, 3.7, 2505, 823, 16777216, 13, 52, 4, 16384, 1024, 3, 0.403904 ms, 166.151 GB/s
   2, 0, Tesla K80, 3.7, 2505, 823, 16777216, 13, 104, 8, 16384, 1024, 3, 0.410528 ms, 163.47 GB/s
   3, 0, Tesla K80, 3.7, 2505, 823, 16777216, 13, 208, 16, 16384, 1024, 3, 0.423712 ms, 158.383 GB/s
   4, 0, Tesla K80, 3.7, 2505, 823, 16777216, 13, 416, 32, 16384, 1024, 3, 0.441152 ms, 152.122 GB/s
   5, 0, Tesla K80, 3.7, 2505, 823, 16777216, 13, 832, 64, 16384, 1024, 3, 0.448416 ms, 149.658 GB/s
   6, 0, Tesla K80, 3.7, 2505, 823, 16777216, 13, 1664, 128, 16384, 1024, 3, 0.55664 ms, 120.561 GB/s
   7, 0, Tesla K80, 3.7, 2505, 823, 16777216, 13, 3328, 256, 16384, 1024, 3, 0.680288 ms, 98.6477 GB/s
   8, 0, Tesla K80, 3.7, 2505, 823, 16777216, 13, 6656, 512, 16384, 1024, 3, 1.16733 ms, 57.4893 GB/s
   9, 0, Tesla K80, 3.7, 2505, 823, 16777216, 13, 13312, 1024, 16384, 1024, 3, 1.99373 ms, 33.66 GB/s
  10, 0, Tesla K80, 3.7, 2505, 823, 16777216, 13, 26624, 2048, 16384, 1024, 3, 3.66803 ms, 18.2956 GB/s
   0, 0, Tesla K80, 3.7, 2505, 823, 33554432, 13, 26, 2, 524288, 64, 3, 3.05786 ms, 43.8928 GB/s
   1, 0, Tesla K80, 3.7, 2505, 823, 33554432, 13, 52, 4, 524288, 64, 3, 1.60918 ms, 83.4073 GB/s
   2, 0, Tesla K80, 3.7, 2505, 823, 33554432, 13, 104, 8, 524288, 64, 3, 1.0015 ms, 134.016 GB/s
   3, 0, Tesla K80, 3.7, 2505, 823, 33554432, 13, 208, 16, 524288, 64, 3, 0.851136 ms, 157.692 GB/s
   4, 0, Tesla K80, 3.7, 2505, 823, 33554432, 13, 416, 32, 524288, 64, 3, 0.855616 ms, 156.867 GB/s
   5, 0, Tesla K80, 3.7, 2505, 823, 33554432, 13, 832, 64, 524288, 64, 3, 0.841696 ms, 159.461 GB/s
   6, 0, Tesla K80, 3.7, 2505, 823, 33554432, 13, 1664, 128, 524288, 64, 3, 0.829184 ms, 161.867 GB/s
   7, 0, Tesla K80, 3.7, 2505, 823, 33554432, 13, 3328, 256, 524288, 64, 3, 0.837344 ms, 160.29 GB/s
   8, 0, Tesla K80, 3.7, 2505, 823, 33554432, 13, 6656, 512, 524288, 64, 3, 0.854048 ms, 157.155 GB/s
   9, 0, Tesla K80, 3.7, 2505, 823, 33554432, 13, 13312, 1024, 524288, 64, 3, 0.859296 ms, 156.195 GB/s
  10, 0, Tesla K80, 3.7, 2505, 823, 33554432, 13, 26624, 2048, 524288, 64, 3, 0.904544 ms, 148.382 GB/s
  11, 0, Tesla K80, 3.7, 2505, 823, 33554432, 13, 53248, 4096, 524288, 64, 3, 1.13718 ms, 118.026 GB/s
  12, 0, Tesla K80, 3.7, 2505, 823, 33554432, 13, 106496, 8192, 524288, 64, 3, 1.508 ms, 89.0038 GB/s
  13, 0, Tesla K80, 3.7, 2505, 823, 33554432, 13, 212992, 16384, 524288, 64, 3, 2.92746 ms, 45.8479 GB/s
  14, 0, Tesla K80, 3.7, 2505, 823, 33554432, 13, 425984, 32768, 524288, 64, 3, 4.67939 ms, 28.6827 GB/s
  15, 0, Tesla K80, 3.7, 2505, 823, 33554432, 13, 851968, 65536, 524288, 64, 3, 8.14806 ms, 16.4723 GB/s
   0, 0, Tesla K80, 3.7, 2505, 823, 33554432, 13, 26, 2, 262144, 128, 3, 1.60995 ms, 83.3675 GB/s
   1, 0, Tesla K80, 3.7, 2505, 823, 33554432, 13, 52, 4, 262144, 128, 3, 0.995392 ms, 134.839 GB/s
   2, 0, Tesla K80, 3.7, 2505, 823, 33554432, 13, 104, 8, 262144, 128, 3, 0.84976 ms, 157.948 GB/s
   3, 0, Tesla K80, 3.7, 2505, 823, 33554432, 13, 208, 16, 262144, 128, 3, 0.778688 ms, 172.364 GB/s
   4, 0, Tesla K80, 3.7, 2505, 823, 33554432, 13, 416, 32, 262144, 128, 3, 0.783648 ms, 171.273 GB/s
   5, 0, Tesla K80, 3.7, 2505, 823, 33554432, 13, 832, 64, 262144, 128, 3, 0.784768 ms, 171.029 GB/s
   6, 0, Tesla K80, 3.7, 2505, 823, 33554432, 13, 1664, 128, 262144, 128, 3, 0.786528 ms, 170.646 GB/s
   7, 0, Tesla K80, 3.7, 2505, 823, 33554432, 13, 3328, 256, 262144, 128, 3, 0.78912 ms, 170.085 GB/s
   8, 0, Tesla K80, 3.7, 2505, 823, 33554432, 13, 6656, 512, 262144, 128, 3, 0.788288 ms, 170.265 GB/s
   9, 0, Tesla K80, 3.7, 2505, 823, 33554432, 13, 13312, 1024, 262144, 128, 3, 0.800384 ms, 167.692 GB/s
  10, 0, Tesla K80, 3.7, 2505, 823, 33554432, 13, 26624, 2048, 262144, 128, 3, 0.920384 ms, 145.828 GB/s
  11, 0, Tesla K80, 3.7, 2505, 823, 33554432, 13, 53248, 4096, 262144, 128, 3, 1.15302 ms, 116.405 GB/s
  12, 0, Tesla K80, 3.7, 2505, 823, 33554432, 13, 106496, 8192, 262144, 128, 3, 1.68003 ms, 79.89 GB/s
  13, 0, Tesla K80, 3.7, 2505, 823, 33554432, 13, 212992, 16384, 262144, 128, 3, 2.85664 ms, 46.9845 GB/s
  14, 0, Tesla K80, 3.7, 2505, 823, 33554432, 13, 425984, 32768, 262144, 128, 3, 5.20963 ms, 25.7634 GB/s
   0, 0, Tesla K80, 3.7, 2505, 823, 33554432, 13, 26, 2, 131072, 256, 3, 1.00301 ms, 133.815 GB/s
   1, 0, Tesla K80, 3.7, 2505, 823, 33554432, 13, 52, 4, 131072, 256, 3, 0.85024 ms, 157.859 GB/s
   2, 0, Tesla K80, 3.7, 2505, 823, 33554432, 13, 104, 8, 131072, 256, 3, 0.776256 ms, 172.904 GB/s
   3, 0, Tesla K80, 3.7, 2505, 823, 33554432, 13, 208, 16, 131072, 256, 3, 0.781792 ms, 171.68 GB/s
   4, 0, Tesla K80, 3.7, 2505, 823, 33554432, 13, 416, 32, 131072, 256, 3, 0.783776 ms, 171.245 GB/s
   5, 0, Tesla K80, 3.7, 2505, 823, 33554432, 13, 832, 64, 131072, 256, 3, 0.783104 ms, 171.392 GB/s
   6, 0, Tesla K80, 3.7, 2505, 823, 33554432, 13, 1664, 128, 131072, 256, 3, 0.788832 ms, 170.147 GB/s
   7, 0, Tesla K80, 3.7, 2505, 823, 33554432, 13, 3328, 256, 131072, 256, 3, 0.784896 ms, 171.001 GB/s
   8, 0, Tesla K80, 3.7, 2505, 823, 33554432, 13, 6656, 512, 131072, 256, 3, 0.798176 ms, 168.156 GB/s
   9, 0, Tesla K80, 3.7, 2505, 823, 33554432, 13, 13312, 1024, 131072, 256, 3, 0.942688 ms, 142.378 GB/s
  10, 0, Tesla K80, 3.7, 2505, 823, 33554432, 13, 26624, 2048, 131072, 256, 3, 1.16688 ms, 115.023 GB/s
  11, 0, Tesla K80, 3.7, 2505, 823, 33554432, 13, 53248, 4096, 131072, 256, 3, 1.75472 ms, 76.4895 GB/s
  12, 0, Tesla K80, 3.7, 2505, 823, 33554432, 13, 106496, 8192, 131072, 256, 3, 2.96893 ms, 45.2075 GB/s
  13, 0, Tesla K80, 3.7, 2505, 823, 33554432, 13, 212992, 16384, 131072, 256, 3, 5.40035 ms, 24.8535 GB/s
   0, 0, Tesla K80, 3.7, 2505, 823, 33554432, 13, 26, 2, 65536, 512, 3, 0.855584 ms, 156.873 GB/s
   1, 0, Tesla K80, 3.7, 2505, 823, 33554432, 13, 52, 4, 65536, 512, 3, 0.779232 ms, 172.244 GB/s
   2, 0, Tesla K80, 3.7, 2505, 823, 33554432, 13, 104, 8, 65536, 512, 3, 0.784064 ms, 171.182 GB/s
   3, 0, Tesla K80, 3.7, 2505, 823, 33554432, 13, 208, 16, 65536, 512, 3, 0.781056 ms, 171.841 GB/s
   4, 0, Tesla K80, 3.7, 2505, 823, 33554432, 13, 416, 32, 65536, 512, 3, 0.790624 ms, 169.762 GB/s
   5, 0, Tesla K80, 3.7, 2505, 823, 33554432, 13, 832, 64, 65536, 512, 3, 0.800256 ms, 167.718 GB/s
   6, 0, Tesla K80, 3.7, 2505, 823, 33554432, 13, 1664, 128, 65536, 512, 3, 0.789536 ms, 169.996 GB/s
   7, 0, Tesla K80, 3.7, 2505, 823, 33554432, 13, 3328, 256, 65536, 512, 3, 0.816128 ms, 164.457 GB/s
   8, 0, Tesla K80, 3.7, 2505, 823, 33554432, 13, 6656, 512, 65536, 512, 3, 0.996704 ms, 134.662 GB/s
   9, 0, Tesla K80, 3.7, 2505, 823, 33554432, 13, 13312, 1024, 65536, 512, 3, 1.12144 ms, 119.683 GB/s
  10, 0, Tesla K80, 3.7, 2505, 823, 33554432, 13, 26624, 2048, 65536, 512, 3, 1.99149 ms, 67.3957 GB/s
  11, 0, Tesla K80, 3.7, 2505, 823, 33554432, 13, 53248, 4096, 65536, 512, 3, 3.37802 ms, 39.7327 GB/s
  12, 0, Tesla K80, 3.7, 2505, 823, 33554432, 13, 106496, 8192, 65536, 512, 3, 6.16458 ms, 21.7724 GB/s
   0, 0, Tesla K80, 3.7, 2505, 823, 33554432, 13, 26, 2, 32768, 1024, 3, 0.781472 ms, 171.75 GB/s
   1, 0, Tesla K80, 3.7, 2505, 823, 33554432, 13, 52, 4, 32768, 1024, 3, 0.783712 ms, 171.259 GB/s
   2, 0, Tesla K80, 3.7, 2505, 823, 33554432, 13, 104, 8, 32768, 1024, 3, 0.785568 ms, 170.854 GB/s
   3, 0, Tesla K80, 3.7, 2505, 823, 33554432, 13, 208, 16, 32768, 1024, 3, 0.796512 ms, 168.507 GB/s
   4, 0, Tesla K80, 3.7, 2505, 823, 33554432, 13, 416, 32, 32768, 1024, 3, 0.828224 ms, 162.055 GB/s
   5, 0, Tesla K80, 3.7, 2505, 823, 33554432, 13, 832, 64, 32768, 1024, 3, 0.842912 ms, 159.231 GB/s
   6, 0, Tesla K80, 3.7, 2505, 823, 33554432, 13, 1664, 128, 32768, 1024, 3, 0.882528 ms, 152.083 GB/s
   7, 0, Tesla K80, 3.7, 2505, 823, 33554432, 13, 3328, 256, 32768, 1024, 3, 1.0937 ms, 122.719 GB/s
   8, 0, Tesla K80, 3.7, 2505, 823, 33554432, 13, 6656, 512, 32768, 1024, 3, 1.33773 ms, 100.333 GB/s
   9, 0, Tesla K80, 3.7, 2505, 823, 33554432, 13, 13312, 1024, 32768, 1024, 3, 2.31168 ms, 58.0607 GB/s
  10, 0, Tesla K80, 3.7, 2505, 823, 33554432, 13, 26624, 2048, 32768, 1024, 3, 3.96275 ms, 33.8698 GB/s
  11, 0, Tesla K80, 3.7, 2505, 823, 33554432, 13, 53248, 4096, 32768, 1024, 3, 7.32218 ms, 18.3303 GB/s
   0, 0, Tesla K80, 3.7, 2505, 823, 67108864, 13, 26, 2, 1048576, 64, 3, 6.09859 ms, 44.016 GB/s
   1, 0, Tesla K80, 3.7, 2505, 823, 67108864, 13, 52, 4, 1048576, 64, 3, 3.19654 ms, 83.9768 GB/s
   2, 0, Tesla K80, 3.7, 2505, 823, 67108864, 13, 104, 8, 1048576, 64, 3, 1.96627 ms, 136.52 GB/s
   3, 0, Tesla K80, 3.7, 2505, 823, 67108864, 13, 208, 16, 1048576, 64, 3, 1.6488 ms, 162.807 GB/s
   4, 0, Tesla K80, 3.7, 2505, 823, 67108864, 13, 416, 32, 1048576, 64, 3, 1.66906 ms, 160.831 GB/s
   5, 0, Tesla K80, 3.7, 2505, 823, 67108864, 13, 832, 64, 1048576, 64, 3, 1.6609 ms, 161.621 GB/s
   6, 0, Tesla K80, 3.7, 2505, 823, 67108864, 13, 1664, 128, 1048576, 64, 3, 1.62653 ms, 165.036 GB/s
   7, 0, Tesla K80, 3.7, 2505, 823, 67108864, 13, 3328, 256, 1048576, 64, 3, 1.6456 ms, 163.123 GB/s
   8, 0, Tesla K80, 3.7, 2505, 823, 67108864, 13, 6656, 512, 1048576, 64, 3, 1.66032 ms, 161.677 GB/s
   9, 0, Tesla K80, 3.7, 2505, 823, 67108864, 13, 13312, 1024, 1048576, 64, 3, 1.68259 ms, 159.537 GB/s
  10, 0, Tesla K80, 3.7, 2505, 823, 67108864, 13, 26624, 2048, 1048576, 64, 3, 1.6889 ms, 158.941 GB/s
  11, 0, Tesla K80, 3.7, 2505, 823, 67108864, 13, 53248, 4096, 1048576, 64, 3, 1.80707 ms, 148.547 GB/s
  12, 0, Tesla K80, 3.7, 2505, 823, 67108864, 13, 106496, 8192, 1048576, 64, 3, 2.29946 ms, 116.739 GB/s
  13, 0, Tesla K80, 3.7, 2505, 823, 67108864, 13, 212992, 16384, 1048576, 64, 3, 2.98694 ms, 89.8696 GB/s
  14, 0, Tesla K80, 3.7, 2505, 823, 67108864, 13, 425984, 32768, 1048576, 64, 3, 5.84832 ms, 45.8996 GB/s
  15, 0, Tesla K80, 3.7, 2505, 823, 67108864, 13, 851968, 65536, 1048576, 64, 3, 9.35315 ms, 28.7 GB/s
  16, 0, Tesla K80, 3.7, 2505, 823, 67108864, 13, 1703936, 131072, 1048576, 64, 3, 16.2991 ms, 16.4693 GB/s
   0, 0, Tesla K80, 3.7, 2505, 823, 67108864, 13, 26, 2, 524288, 128, 3, 3.20048 ms, 83.8735 GB/s
   1, 0, Tesla K80, 3.7, 2505, 823, 67108864, 13, 52, 4, 524288, 128, 3, 1.96909 ms, 136.325 GB/s
   2, 0, Tesla K80, 3.7, 2505, 823, 67108864, 13, 104, 8, 524288, 128, 3, 1.6455 ms, 163.133 GB/s
   3, 0, Tesla K80, 3.7, 2505, 823, 67108864, 13, 208, 16, 524288, 128, 3, 1.54704 ms, 173.516 GB/s
   4, 0, Tesla K80, 3.7, 2505, 823, 67108864, 13, 416, 32, 524288, 128, 3, 1.55104 ms, 173.068 GB/s
   5, 0, Tesla K80, 3.7, 2505, 823, 67108864, 13, 832, 64, 524288, 128, 3, 1.54918 ms, 173.275 GB/s
   6, 0, Tesla K80, 3.7, 2505, 823, 67108864, 13, 1664, 128, 524288, 128, 3, 1.55277 ms, 172.875 GB/s
   7, 0, Tesla K80, 3.7, 2505, 823, 67108864, 13, 3328, 256, 524288, 128, 3, 1.55546 ms, 172.577 GB/s
   8, 0, Tesla K80, 3.7, 2505, 823, 67108864, 13, 6656, 512, 524288, 128, 3, 1.55418 ms, 172.719 GB/s
   9, 0, Tesla K80, 3.7, 2505, 823, 67108864, 13, 13312, 1024, 524288, 128, 3, 1.56019 ms, 172.053 GB/s
  10, 0, Tesla K80, 3.7, 2505, 823, 67108864, 13, 26624, 2048, 524288, 128, 3, 1.58102 ms, 169.786 GB/s
  11, 0, Tesla K80, 3.7, 2505, 823, 67108864, 13, 53248, 4096, 524288, 128, 3, 1.82173 ms, 147.352 GB/s
  12, 0, Tesla K80, 3.7, 2505, 823, 67108864, 13, 106496, 8192, 524288, 128, 3, 2.29277 ms, 117.079 GB/s
  13, 0, Tesla K80, 3.7, 2505, 823, 67108864, 13, 212992, 16384, 524288, 128, 3, 3.34198 ms, 80.3222 GB/s
  14, 0, Tesla K80, 3.7, 2505, 823, 67108864, 13, 425984, 32768, 524288, 128, 3, 5.70256 ms, 47.0728 GB/s
  15, 0, Tesla K80, 3.7, 2505, 823, 67108864, 13, 851968, 65536, 524288, 128, 3, 10.4044 ms, 25.8003 GB/s
   0, 0, Tesla K80, 3.7, 2505, 823, 67108864, 13, 26, 2, 262144, 256, 3, 1.97034 ms, 136.238 GB/s
   1, 0, Tesla K80, 3.7, 2505, 823, 67108864, 13, 52, 4, 262144, 256, 3, 1.6497 ms, 162.718 GB/s
   2, 0, Tesla K80, 3.7, 2505, 823, 67108864, 13, 104, 8, 262144, 256, 3, 1.54394 ms, 173.864 GB/s
   3, 0, Tesla K80, 3.7, 2505, 823, 67108864, 13, 208, 16, 262144, 256, 3, 1.54794 ms, 173.415 GB/s
   4, 0, Tesla K80, 3.7, 2505, 823, 67108864, 13, 416, 32, 262144, 256, 3, 1.54483 ms, 173.764 GB/s
   5, 0, Tesla K80, 3.7, 2505, 823, 67108864, 13, 832, 64, 262144, 256, 3, 1.54461 ms, 173.789 GB/s
   6, 0, Tesla K80, 3.7, 2505, 823, 67108864, 13, 1664, 128, 262144, 256, 3, 1.55331 ms, 172.815 GB/s
   7, 0, Tesla K80, 3.7, 2505, 823, 67108864, 13, 3328, 256, 262144, 256, 3, 1.55318 ms, 172.829 GB/s
   8, 0, Tesla K80, 3.7, 2505, 823, 67108864, 13, 6656, 512, 262144, 256, 3, 1.55306 ms, 172.843 GB/s
   9, 0, Tesla K80, 3.7, 2505, 823, 67108864, 13, 13312, 1024, 262144, 256, 3, 1.57424 ms, 170.517 GB/s
  10, 0, Tesla K80, 3.7, 2505, 823, 67108864, 13, 26624, 2048, 262144, 256, 3, 1.88186 ms, 142.644 GB/s
  11, 0, Tesla K80, 3.7, 2505, 823, 67108864, 13, 53248, 4096, 262144, 256, 3, 2.3199 ms, 115.71 GB/s
  12, 0, Tesla K80, 3.7, 2505, 823, 67108864, 13, 106496, 8192, 262144, 256, 3, 3.49658 ms, 76.7709 GB/s
  13, 0, Tesla K80, 3.7, 2505, 823, 67108864, 13, 212992, 16384, 262144, 256, 3, 5.92445 ms, 45.3098 GB/s
  14, 0, Tesla K80, 3.7, 2505, 823, 67108864, 13, 425984, 32768, 262144, 256, 3, 10.8161 ms, 24.8181 GB/s
   0, 0, Tesla K80, 3.7, 2505, 823, 67108864, 13, 26, 2, 131072, 512, 3, 1.65091 ms, 162.598 GB/s
   1, 0, Tesla K80, 3.7, 2505, 823, 67108864, 13, 52, 4, 131072, 512, 3, 1.54464 ms, 173.785 GB/s
   2, 0, Tesla K80, 3.7, 2505, 823, 67108864, 13, 104, 8, 131072, 512, 3, 1.54534 ms, 173.706 GB/s
   3, 0, Tesla K80, 3.7, 2505, 823, 67108864, 13, 208, 16, 131072, 512, 3, 1.54285 ms, 173.987 GB/s
   4, 0, Tesla K80, 3.7, 2505, 823, 67108864, 13, 416, 32, 131072, 512, 3, 1.54614 ms, 173.616 GB/s
   5, 0, Tesla K80, 3.7, 2505, 823, 67108864, 13, 832, 64, 131072, 512, 3, 1.55987 ms, 172.088 GB/s
   6, 0, Tesla K80, 3.7, 2505, 823, 67108864, 13, 1664, 128, 131072, 512, 3, 1.56605 ms, 171.409 GB/s
   7, 0, Tesla K80, 3.7, 2505, 823, 67108864, 13, 3328, 256, 131072, 512, 3, 1.55568 ms, 172.552 GB/s
   8, 0, Tesla K80, 3.7, 2505, 823, 67108864, 13, 6656, 512, 131072, 512, 3, 1.61366 ms, 166.352 GB/s
   9, 0, Tesla K80, 3.7, 2505, 823, 67108864, 13, 13312, 1024, 131072, 512, 3, 1.98595 ms, 135.167 GB/s
  10, 0, Tesla K80, 3.7, 2505, 823, 67108864, 13, 26624, 2048, 131072, 512, 3, 2.22781 ms, 120.493 GB/s
  11, 0, Tesla K80, 3.7, 2505, 823, 67108864, 13, 53248, 4096, 131072, 512, 3, 3.97107 ms, 67.5977 GB/s
  12, 0, Tesla K80, 3.7, 2505, 823, 67108864, 13, 106496, 8192, 131072, 512, 3, 6.74272 ms, 39.8112 GB/s
  13, 0, Tesla K80, 3.7, 2505, 823, 67108864, 13, 212992, 16384, 131072, 512, 3, 12.3151 ms, 21.7973 GB/s
   0, 0, Tesla K80, 3.7, 2505, 823, 67108864, 13, 26, 2, 65536, 1024, 3, 1.5431 ms, 173.958 GB/s
   1, 0, Tesla K80, 3.7, 2505, 823, 67108864, 13, 52, 4, 65536, 1024, 3, 1.54595 ms, 173.638 GB/s
   2, 0, Tesla K80, 3.7, 2505, 823, 67108864, 13, 104, 8, 65536, 1024, 3, 1.54877 ms, 173.322 GB/s
   3, 0, Tesla K80, 3.7, 2505, 823, 67108864, 13, 208, 16, 65536, 1024, 3, 1.55709 ms, 172.396 GB/s
   4, 0, Tesla K80, 3.7, 2505, 823, 67108864, 13, 416, 32, 65536, 1024, 3, 1.5697 ms, 171.011 GB/s
   5, 0, Tesla K80, 3.7, 2505, 823, 67108864, 13, 832, 64, 65536, 1024, 3, 1.62643 ms, 165.046 GB/s
   6, 0, Tesla K80, 3.7, 2505, 823, 67108864, 13, 1664, 128, 65536, 1024, 3, 1.60938 ms, 166.795 GB/s
   7, 0, Tesla K80, 3.7, 2505, 823, 67108864, 13, 3328, 256, 65536, 1024, 3, 1.73232 ms, 154.957 GB/s
   8, 0, Tesla K80, 3.7, 2505, 823, 67108864, 13, 6656, 512, 65536, 1024, 3, 2.18189 ms, 123.029 GB/s
   9, 0, Tesla K80, 3.7, 2505, 823, 67108864, 13, 13312, 1024, 65536, 1024, 3, 2.6545 ms, 101.125 GB/s
  10, 0, Tesla K80, 3.7, 2505, 823, 67108864, 13, 26624, 2048, 65536, 1024, 3, 4.60979 ms, 58.2316 GB/s
  11, 0, Tesla K80, 3.7, 2505, 823, 67108864, 13, 53248, 4096, 65536, 1024, 3, 7.91392 ms, 33.9194 GB/s
  12, 0, Tesla K80, 3.7, 2505, 823, 67108864, 13, 106496, 8192, 65536, 1024, 3, 14.6319 ms, 18.3459 GB/s
   0, 0, Tesla K80, 3.7, 2505, 823, 134217728, 13, 26, 2, 2097152, 64, 3, 12.2119 ms, 43.9628 GB/s
   1, 0, Tesla K80, 3.7, 2505, 823, 134217728, 13, 52, 4, 2097152, 64, 3, 6.38144 ms, 84.1301 GB/s
   2, 0, Tesla K80, 3.7, 2505, 823, 134217728, 13, 104, 8, 2097152, 64, 3, 3.9089 ms, 137.346 GB/s
   3, 0, Tesla K80, 3.7, 2505, 823, 134217728, 13, 208, 16, 2097152, 64, 3, 3.24752 ms, 165.317 GB/s
   4, 0, Tesla K80, 3.7, 2505, 823, 134217728, 13, 416, 32, 2097152, 64, 3, 3.28186 ms, 163.588 GB/s
   5, 0, Tesla K80, 3.7, 2505, 823, 134217728, 13, 832, 64, 2097152, 64, 3, 3.27907 ms, 163.726 GB/s
   6, 0, Tesla K80, 3.7, 2505, 823, 134217728, 13, 1664, 128, 2097152, 64, 3, 3.21478 ms, 167.001 GB/s
   7, 0, Tesla K80, 3.7, 2505, 823, 134217728, 13, 3328, 256, 2097152, 64, 3, 3.25846 ms, 164.762 GB/s
   8, 0, Tesla K80, 3.7, 2505, 823, 134217728, 13, 6656, 512, 2097152, 64, 3, 3.26464 ms, 164.45 GB/s
   9, 0, Tesla K80, 3.7, 2505, 823, 134217728, 13, 13312, 1024, 2097152, 64, 3, 3.30579 ms, 162.403 GB/s
  10, 0, Tesla K80, 3.7, 2505, 823, 134217728, 13, 26624, 2048, 2097152, 64, 3, 3.34672 ms, 160.417 GB/s
  11, 0, Tesla K80, 3.7, 2505, 823, 134217728, 13, 53248, 4096, 2097152, 64, 3, 3.39891 ms, 157.954 GB/s
  12, 0, Tesla K80, 3.7, 2505, 823, 134217728, 13, 106496, 8192, 2097152, 64, 3, 3.63267 ms, 147.79 GB/s
  13, 0, Tesla K80, 3.7, 2505, 823, 134217728, 13, 212992, 16384, 2097152, 64, 3, 4.51149 ms, 119.001 GB/s
  14, 0, Tesla K80, 3.7, 2505, 823, 134217728, 13, 425984, 32768, 2097152, 64, 3, 5.94528 ms, 90.302 GB/s
  15, 0, Tesla K80, 3.7, 2505, 823, 134217728, 13, 851968, 65536, 2097152, 64, 3, 11.6966 ms, 45.8998 GB/s
  16, 0, Tesla K80, 3.7, 2505, 823, 134217728, 13, 1703936, 131072, 2097152, 64, 3, 18.6827 ms, 28.7362 GB/s
  17, 0, Tesla K80, 3.7, 2505, 823, 134217728, 13, 3407872, 262144, 2097152, 64, 3, 32.5815 ms, 16.4778 GB/s
   0, 0, Tesla K80, 3.7, 2505, 823, 134217728, 13, 26, 2, 1048576, 128, 3, 6.38006 ms, 84.1482 GB/s
   1, 0, Tesla K80, 3.7, 2505, 823, 134217728, 13, 52, 4, 1048576, 128, 3, 3.90691 ms, 137.416 GB/s
   2, 0, Tesla K80, 3.7, 2505, 823, 134217728, 13, 104, 8, 1048576, 128, 3, 3.23856 ms, 165.775 GB/s
   3, 0, Tesla K80, 3.7, 2505, 823, 134217728, 13, 208, 16, 1048576, 128, 3, 3.07936 ms, 174.345 GB/s
   4, 0, Tesla K80, 3.7, 2505, 823, 134217728, 13, 416, 32, 1048576, 128, 3, 3.08522 ms, 174.014 GB/s
   5, 0, Tesla K80, 3.7, 2505, 823, 134217728, 13, 832, 64, 1048576, 128, 3, 3.07395 ms, 174.652 GB/s
   6, 0, Tesla K80, 3.7, 2505, 823, 134217728, 13, 1664, 128, 1048576, 128, 3, 3.0856 ms, 173.992 GB/s
   7, 0, Tesla K80, 3.7, 2505, 823, 134217728, 13, 3328, 256, 1048576, 128, 3, 3.09853 ms, 173.266 GB/s
   8, 0, Tesla K80, 3.7, 2505, 823, 134217728, 13, 6656, 512, 1048576, 128, 3, 3.08637 ms, 173.949 GB/s
   9, 0, Tesla K80, 3.7, 2505, 823, 134217728, 13, 13312, 1024, 1048576, 128, 3, 3.08896 ms, 173.803 GB/s
  10, 0, Tesla K80, 3.7, 2505, 823, 134217728, 13, 26624, 2048, 1048576, 128, 3, 3.10922 ms, 172.671 GB/s
  11, 0, Tesla K80, 3.7, 2505, 823, 134217728, 13, 53248, 4096, 1048576, 128, 3, 3.1551 ms, 170.16 GB/s
  12, 0, Tesla K80, 3.7, 2505, 823, 134217728, 13, 106496, 8192, 1048576, 128, 3, 3.60486 ms, 148.93 GB/s
  13, 0, Tesla K80, 3.7, 2505, 823, 134217728, 13, 212992, 16384, 1048576, 128, 3, 4.54019 ms, 118.249 GB/s
  14, 0, Tesla K80, 3.7, 2505, 823, 134217728, 13, 425984, 32768, 1048576, 128, 3, 6.6552 ms, 80.6694 GB/s
  15, 0, Tesla K80, 3.7, 2505, 823, 134217728, 13, 851968, 65536, 1048576, 128, 3, 11.3849 ms, 47.1563 GB/s
  16, 0, Tesla K80, 3.7, 2505, 823, 134217728, 13, 1703936, 131072, 1048576, 128, 3, 20.7943 ms, 25.8181 GB/s
   0, 0, Tesla K80, 3.7, 2505, 823, 134217728, 13, 26, 2, 524288, 256, 3, 3.91898 ms, 136.993 GB/s
   1, 0, Tesla K80, 3.7, 2505, 823, 134217728, 13, 52, 4, 524288, 256, 3, 3.2359 ms, 165.911 GB/s
   2, 0, Tesla K80, 3.7, 2505, 823, 134217728, 13, 104, 8, 524288, 256, 3, 3.07987 ms, 174.316 GB/s
   3, 0, Tesla K80, 3.7, 2505, 823, 134217728, 13, 208, 16, 524288, 256, 3, 3.08419 ms, 174.072 GB/s
   4, 0, Tesla K80, 3.7, 2505, 823, 134217728, 13, 416, 32, 524288, 256, 3, 3.06598 ms, 175.106 GB/s
   5, 0, Tesla K80, 3.7, 2505, 823, 134217728, 13, 832, 64, 524288, 256, 3, 3.07558 ms, 174.559 GB/s
   6, 0, Tesla K80, 3.7, 2505, 823, 134217728, 13, 1664, 128, 524288, 256, 3, 3.07904 ms, 174.363 GB/s
   7, 0, Tesla K80, 3.7, 2505, 823, 134217728, 13, 3328, 256, 524288, 256, 3, 3.08038 ms, 174.287 GB/s
   8, 0, Tesla K80, 3.7, 2505, 823, 134217728, 13, 6656, 512, 524288, 256, 3, 3.08394 ms, 174.086 GB/s
   9, 0, Tesla K80, 3.7, 2505, 823, 134217728, 13, 13312, 1024, 524288, 256, 3, 3.08906 ms, 173.798 GB/s
  10, 0, Tesla K80, 3.7, 2505, 823, 134217728, 13, 26624, 2048, 524288, 256, 3, 3.13446 ms, 171.28 GB/s
  11, 0, Tesla K80, 3.7, 2505, 823, 134217728, 13, 53248, 4096, 524288, 256, 3, 3.74886 ms, 143.209 GB/s
  12, 0, Tesla K80, 3.7, 2505, 823, 134217728, 13, 106496, 8192, 524288, 256, 3, 4.58893 ms, 116.993 GB/s
  13, 0, Tesla K80, 3.7, 2505, 823, 134217728, 13, 212992, 16384, 524288, 256, 3, 6.96374 ms, 77.0952 GB/s
  14, 0, Tesla K80, 3.7, 2505, 823, 134217728, 13, 425984, 32768, 524288, 256, 3, 11.8301 ms, 45.3818 GB/s
  15, 0, Tesla K80, 3.7, 2505, 823, 134217728, 13, 851968, 65536, 524288, 256, 3, 21.6218 ms, 24.8301 GB/s
   0, 0, Tesla K80, 3.7, 2505, 823, 134217728, 13, 26, 2, 262144, 512, 3, 3.24534 ms, 165.428 GB/s
   1, 0, Tesla K80, 3.7, 2505, 823, 134217728, 13, 52, 4, 262144, 512, 3, 3.0799 ms, 174.314 GB/s
   2, 0, Tesla K80, 3.7, 2505, 823, 134217728, 13, 104, 8, 262144, 512, 3, 3.08349 ms, 174.112 GB/s
   3, 0, Tesla K80, 3.7, 2505, 823, 134217728, 13, 208, 16, 262144, 512, 3, 3.06832 ms, 174.972 GB/s
   4, 0, Tesla K80, 3.7, 2505, 823, 134217728, 13, 416, 32, 262144, 512, 3, 3.07094 ms, 174.823 GB/s
   5, 0, Tesla K80, 3.7, 2505, 823, 134217728, 13, 832, 64, 262144, 512, 3, 3.07514 ms, 174.584 GB/s
   6, 0, Tesla K80, 3.7, 2505, 823, 134217728, 13, 1664, 128, 262144, 512, 3, 3.09312 ms, 173.569 GB/s
   7, 0, Tesla K80, 3.7, 2505, 823, 134217728, 13, 3328, 256, 262144, 512, 3, 3.09888 ms, 173.247 GB/s
   8, 0, Tesla K80, 3.7, 2505, 823, 134217728, 13, 6656, 512, 262144, 512, 3, 3.09222 ms, 173.62 GB/s
   9, 0, Tesla K80, 3.7, 2505, 823, 134217728, 13, 13312, 1024, 262144, 512, 3, 3.18781 ms, 168.414 GB/s
  10, 0, Tesla K80, 3.7, 2505, 823, 134217728, 13, 26624, 2048, 262144, 512, 3, 3.92944 ms, 136.628 GB/s
  11, 0, Tesla K80, 3.7, 2505, 823, 134217728, 13, 53248, 4096, 262144, 512, 3, 4.42522 ms, 121.321 GB/s
  12, 0, Tesla K80, 3.7, 2505, 823, 134217728, 13, 106496, 8192, 262144, 512, 3, 7.91818 ms, 67.8023 GB/s
  13, 0, Tesla K80, 3.7, 2505, 823, 134217728, 13, 212992, 16384, 262144, 512, 3, 13.4633 ms, 39.8765 GB/s
  14, 0, Tesla K80, 3.7, 2505, 823, 134217728, 13, 425984, 32768, 262144, 512, 3, 24.6384 ms, 21.79 GB/s
   0, 0, Tesla K80, 3.7, 2505, 823, 134217728, 13, 26, 2, 131072, 1024, 3, 3.08544 ms, 174.001 GB/s
   1, 0, Tesla K80, 3.7, 2505, 823, 134217728, 13, 52, 4, 131072, 1024, 3, 3.08154 ms, 174.222 GB/s
   2, 0, Tesla K80, 3.7, 2505, 823, 134217728, 13, 104, 8, 131072, 1024, 3, 3.06298 ms, 175.278 GB/s
   3, 0, Tesla K80, 3.7, 2505, 823, 134217728, 13, 208, 16, 131072, 1024, 3, 3.07331 ms, 174.688 GB/s
   4, 0, Tesla K80, 3.7, 2505, 823, 134217728, 13, 416, 32, 131072, 1024, 3, 3.08333 ms, 174.121 GB/s
   5, 0, Tesla K80, 3.7, 2505, 823, 134217728, 13, 832, 64, 131072, 1024, 3, 3.10541 ms, 172.883 GB/s
   6, 0, Tesla K80, 3.7, 2505, 823, 134217728, 13, 1664, 128, 131072, 1024, 3, 3.25584 ms, 164.895 GB/s
   7, 0, Tesla K80, 3.7, 2505, 823, 134217728, 13, 3328, 256, 131072, 1024, 3, 3.30579 ms, 162.403 GB/s
   8, 0, Tesla K80, 3.7, 2505, 823, 134217728, 13, 6656, 512, 131072, 1024, 3, 3.48291 ms, 154.144 GB/s
   9, 0, Tesla K80, 3.7, 2505, 823, 134217728, 13, 13312, 1024, 131072, 1024, 3, 4.34899 ms, 123.447 GB/s
  10, 0, Tesla K80, 3.7, 2505, 823, 134217728, 13, 26624, 2048, 131072, 1024, 3, 5.28493 ms, 101.585 GB/s
  11, 0, Tesla K80, 3.7, 2505, 823, 134217728, 13, 53248, 4096, 131072, 1024, 3, 9.19728 ms, 58.3728 GB/s
  12, 0, Tesla K80, 3.7, 2505, 823, 134217728, 13, 106496, 8192, 131072, 1024, 3, 15.8155 ms, 33.9459 GB/s
  13, 0, Tesla K80, 3.7, 2505, 823, 134217728, 13, 212992, 16384, 131072, 1024, 3, 29.2504 ms, 18.3543 GB/s
   0, 0, Tesla K80, 3.7, 2505, 823, 268435456, 13, 26, 2, 4194304, 64, 3, 24.4212 ms, 43.9677 GB/s
   1, 0, Tesla K80, 3.7, 2505, 823, 268435456, 13, 52, 4, 4194304, 64, 3, 12.7345 ms, 84.3174 GB/s
   2, 0, Tesla K80, 3.7, 2505, 823, 268435456, 13, 104, 8, 4194304, 64, 3, 7.80848 ms, 137.51 GB/s
   3, 0, Tesla K80, 3.7, 2505, 823, 268435456, 13, 208, 16, 4194304, 64, 3, 6.42941 ms, 167.005 GB/s
   4, 0, Tesla K80, 3.7, 2505, 823, 268435456, 13, 416, 32, 4194304, 64, 3, 6.53235 ms, 164.373 GB/s
   5, 0, Tesla K80, 3.7, 2505, 823, 268435456, 13, 832, 64, 4194304, 64, 3, 6.55386 ms, 163.834 GB/s
   6, 0, Tesla K80, 3.7, 2505, 823, 268435456, 13, 1664, 128, 4194304, 64, 3, 6.39203 ms, 167.981 GB/s
   7, 0, Tesla K80, 3.7, 2505, 823, 268435456, 13, 3328, 256, 4194304, 64, 3, 6.4816 ms, 165.66 GB/s
   8, 0, Tesla K80, 3.7, 2505, 823, 268435456, 13, 6656, 512, 4194304, 64, 3, 6.53613 ms, 164.278 GB/s
   9, 0, Tesla K80, 3.7, 2505, 823, 268435456, 13, 13312, 1024, 4194304, 64, 3, 6.50499 ms, 165.064 GB/s
  10, 0, Tesla K80, 3.7, 2505, 823, 268435456, 13, 26624, 2048, 4194304, 64, 3, 6.59994 ms, 162.69 GB/s
  11, 0, Tesla K80, 3.7, 2505, 823, 268435456, 13, 53248, 4096, 4194304, 64, 3, 6.72048 ms, 159.772 GB/s
  12, 0, Tesla K80, 3.7, 2505, 823, 268435456, 13, 106496, 8192, 4194304, 64, 3, 6.85686 ms, 156.594 GB/s
  13, 0, Tesla K80, 3.7, 2505, 823, 268435456, 13, 212992, 16384, 4194304, 64, 3, 7.21018 ms, 148.92 GB/s
  14, 0, Tesla K80, 3.7, 2505, 823, 268435456, 13, 425984, 32768, 4194304, 64, 3, 8.86243 ms, 121.157 GB/s
  15, 0, Tesla K80, 3.7, 2505, 823, 268435456, 13, 851968, 65536, 4194304, 64, 3, 11.8908 ms, 90.3001 GB/s
  16, 0, Tesla K80, 3.7, 2505, 823, 268435456, 13, 1703936, 131072, 4194304, 64, 3, 23.3442 ms, 45.9961 GB/s
  17, 0, Tesla K80, 3.7, 2505, 823, 268435456, 13, 3407872, 262144, 4194304, 64, 3, 37.3733 ms, 28.7302 GB/s
  18, 0, Tesla K80, 3.7, 2505, 823, 268435456, 13, 6815744, 524288, 4194304, 64, 3, 65.1687 ms, 16.4763 GB/s
   0, 0, Tesla K80, 3.7, 2505, 823, 268435456, 13, 26, 2, 2097152, 128, 3, 12.741 ms, 84.2744 GB/s
   1, 0, Tesla K80, 3.7, 2505, 823, 268435456, 13, 52, 4, 2097152, 128, 3, 7.80083 ms, 137.645 GB/s
   2, 0, Tesla K80, 3.7, 2505, 823, 268435456, 13, 104, 8, 2097152, 128, 3, 6.42595 ms, 167.095 GB/s
   3, 0, Tesla K80, 3.7, 2505, 823, 268435456, 13, 208, 16, 2097152, 128, 3, 6.16205 ms, 174.251 GB/s
   4, 0, Tesla K80, 3.7, 2505, 823, 268435456, 13, 416, 32, 2097152, 128, 3, 6.17037 ms, 174.016 GB/s
   5, 0, Tesla K80, 3.7, 2505, 823, 268435456, 13, 832, 64, 2097152, 128, 3, 6.12995 ms, 175.163 GB/s
   6, 0, Tesla K80, 3.7, 2505, 823, 268435456, 13, 1664, 128, 2097152, 128, 3, 6.16502 ms, 174.167 GB/s
   7, 0, Tesla K80, 3.7, 2505, 823, 268435456, 13, 3328, 256, 2097152, 128, 3, 6.21411 ms, 172.791 GB/s
   8, 0, Tesla K80, 3.7, 2505, 823, 268435456, 13, 6656, 512, 2097152, 128, 3, 6.63139 ms, 161.918 GB/s
   9, 0, Tesla K80, 3.7, 2505, 823, 268435456, 13, 13312, 1024, 2097152, 128, 3, 6.15648 ms, 174.408 GB/s
  10, 0, Tesla K80, 3.7, 2505, 823, 268435456, 13, 26624, 2048, 2097152, 128, 3, 6.17299 ms, 173.942 GB/s
  11, 0, Tesla K80, 3.7, 2505, 823, 268435456, 13, 53248, 4096, 2097152, 128, 3, 6.21398 ms, 172.794 GB/s
  12, 0, Tesla K80, 3.7, 2505, 823, 268435456, 13, 106496, 8192, 2097152, 128, 3, 6.264 ms, 171.415 GB/s
  13, 0, Tesla K80, 3.7, 2505, 823, 268435456, 13, 212992, 16384, 2097152, 128, 3, 7.17952 ms, 149.556 GB/s
  14, 0, Tesla K80, 3.7, 2505, 823, 268435456, 13, 425984, 32768, 2097152, 128, 3, 9.10243 ms, 117.962 GB/s
  15, 0, Tesla K80, 3.7, 2505, 823, 268435456, 13, 851968, 65536, 2097152, 128, 3, 13.2823 ms, 80.8402 GB/s
  16, 0, Tesla K80, 3.7, 2505, 823, 268435456, 13, 1703936, 131072, 2097152, 128, 3, 22.7515 ms, 47.1943 GB/s
  17, 0, Tesla K80, 3.7, 2505, 823, 268435456, 13, 3407872, 262144, 2097152, 128, 3, 41.5801 ms, 25.8234 GB/s
   0, 0, Tesla K80, 3.7, 2505, 823, 268435456, 13, 26, 2, 1048576, 256, 3, 7.81536 ms, 137.389 GB/s
   1, 0, Tesla K80, 3.7, 2505, 823, 268435456, 13, 52, 4, 1048576, 256, 3, 6.42771 ms, 167.049 GB/s
   2, 0, Tesla K80, 3.7, 2505, 823, 268435456, 13, 104, 8, 1048576, 256, 3, 6.1609 ms, 174.283 GB/s
   3, 0, Tesla K80, 3.7, 2505, 823, 268435456, 13, 208, 16, 1048576, 256, 3, 6.16064 ms, 174.291 GB/s
   4, 0, Tesla K80, 3.7, 2505, 823, 268435456, 13, 416, 32, 1048576, 256, 3, 6.11715 ms, 175.53 GB/s
   5, 0, Tesla K80, 3.7, 2505, 823, 268435456, 13, 832, 64, 1048576, 256, 3, 6.14787 ms, 174.653 GB/s
   6, 0, Tesla K80, 3.7, 2505, 823, 268435456, 13, 1664, 128, 1048576, 256, 3, 6.15728 ms, 174.386 GB/s
   7, 0, Tesla K80, 3.7, 2505, 823, 268435456, 13, 3328, 256, 1048576, 256, 3, 6.14906 ms, 174.619 GB/s
   8, 0, Tesla K80, 3.7, 2505, 823, 268435456, 13, 6656, 512, 1048576, 256, 3, 6.14115 ms, 174.844 GB/s
   9, 0, Tesla K80, 3.7, 2505, 823, 268435456, 13, 13312, 1024, 1048576, 256, 3, 6.15238 ms, 174.525 GB/s
  10, 0, Tesla K80, 3.7, 2505, 823, 268435456, 13, 26624, 2048, 1048576, 256, 3, 6.17341 ms, 173.93 GB/s
  11, 0, Tesla K80, 3.7, 2505, 823, 268435456, 13, 53248, 4096, 1048576, 256, 3, 6.2263 ms, 172.453 GB/s
  12, 0, Tesla K80, 3.7, 2505, 823, 268435456, 13, 106496, 8192, 1048576, 256, 3, 7.45997 ms, 143.934 GB/s
  13, 0, Tesla K80, 3.7, 2505, 823, 268435456, 13, 212992, 16384, 1048576, 256, 3, 9.16192 ms, 117.196 GB/s
  14, 0, Tesla K80, 3.7, 2505, 823, 268435456, 13, 425984, 32768, 1048576, 256, 3, 13.9055 ms, 77.217 GB/s
  15, 0, Tesla K80, 3.7, 2505, 823, 268435456, 13, 851968, 65536, 1048576, 256, 3, 23.652 ms, 45.3976 GB/s
  16, 0, Tesla K80, 3.7, 2505, 823, 268435456, 13, 1703936, 131072, 1048576, 256, 3, 43.2504 ms, 24.8262 GB/s
   0, 0, Tesla K80, 3.7, 2505, 823, 268435456, 13, 26, 2, 524288, 512, 3, 6.43078 ms, 166.969 GB/s
   1, 0, Tesla K80, 3.7, 2505, 823, 268435456, 13, 52, 4, 524288, 512, 3, 6.15907 ms, 174.335 GB/s
   2, 0, Tesla K80, 3.7, 2505, 823, 268435456, 13, 104, 8, 524288, 512, 3, 6.16205 ms, 174.251 GB/s
   3, 0, Tesla K80, 3.7, 2505, 823, 268435456, 13, 208, 16, 524288, 512, 3, 6.11549 ms, 175.577 GB/s
   4, 0, Tesla K80, 3.7, 2505, 823, 268435456, 13, 416, 32, 524288, 512, 3, 6.13958 ms, 174.888 GB/s
   5, 0, Tesla K80, 3.7, 2505, 823, 268435456, 13, 832, 64, 524288, 512, 3, 6.1344 ms, 175.036 GB/s
   6, 0, Tesla K80, 3.7, 2505, 823, 268435456, 13, 1664, 128, 524288, 512, 3, 6.15891 ms, 174.34 GB/s
   7, 0, Tesla K80, 3.7, 2505, 823, 268435456, 13, 3328, 256, 524288, 512, 3, 6.14685 ms, 174.682 GB/s
   8, 0, Tesla K80, 3.7, 2505, 823, 268435456, 13, 6656, 512, 524288, 512, 3, 6.15859 ms, 174.349 GB/s
   9, 0, Tesla K80, 3.7, 2505, 823, 268435456, 13, 13312, 1024, 524288, 512, 3, 6.18982 ms, 173.469 GB/s
  10, 0, Tesla K80, 3.7, 2505, 823, 268435456, 13, 26624, 2048, 524288, 512, 3, 6.39184 ms, 167.986 GB/s
  11, 0, Tesla K80, 3.7, 2505, 823, 268435456, 13, 53248, 4096, 524288, 512, 3, 7.84154 ms, 136.93 GB/s
  12, 0, Tesla K80, 3.7, 2505, 823, 268435456, 13, 106496, 8192, 524288, 512, 3, 8.83283 ms, 121.563 GB/s
  13, 0, Tesla K80, 3.7, 2505, 823, 268435456, 13, 212992, 16384, 524288, 512, 3, 15.8235 ms, 67.8575 GB/s
  14, 0, Tesla K80, 3.7, 2505, 823, 268435456, 13, 425984, 32768, 524288, 512, 3, 26.9223 ms, 39.8829 GB/s
  15, 0, Tesla K80, 3.7, 2505, 823, 268435456, 13, 851968, 65536, 524288, 512, 3, 49.2879 ms, 21.7851 GB/s
   0, 0, Tesla K80, 3.7, 2505, 823, 268435456, 13, 26, 2, 262144, 1024, 3, 6.16125 ms, 174.273 GB/s
   1, 0, Tesla K80, 3.7, 2505, 823, 268435456, 13, 52, 4, 262144, 1024, 3, 6.15434 ms, 174.469 GB/s
   2, 0, Tesla K80, 3.7, 2505, 823, 268435456, 13, 104, 8, 262144, 1024, 3, 6.11315 ms, 175.645 GB/s
   3, 0, Tesla K80, 3.7, 2505, 823, 268435456, 13, 208, 16, 262144, 1024, 3, 6.13277 ms, 175.083 GB/s
   4, 0, Tesla K80, 3.7, 2505, 823, 268435456, 13, 416, 32, 262144, 1024, 3, 6.12749 ms, 175.234 GB/s
   5, 0, Tesla K80, 3.7, 2505, 823, 268435456, 13, 832, 64, 262144, 1024, 3, 6.15114 ms, 174.56 GB/s
   6, 0, Tesla K80, 3.7, 2505, 823, 268435456, 13, 1664, 128, 262144, 1024, 3, 6.16109 ms, 174.278 GB/s
   7, 0, Tesla K80, 3.7, 2505, 823, 268435456, 13, 3328, 256, 262144, 1024, 3, 6.47267 ms, 165.888 GB/s
   8, 0, Tesla K80, 3.7, 2505, 823, 268435456, 13, 6656, 512, 262144, 1024, 3, 6.44778 ms, 166.529 GB/s
   9, 0, Tesla K80, 3.7, 2505, 823, 268435456, 13, 13312, 1024, 262144, 1024, 3, 6.91056 ms, 155.377 GB/s
  10, 0, Tesla K80, 3.7, 2505, 823, 268435456, 13, 26624, 2048, 262144, 1024, 3, 8.64262 ms, 124.238 GB/s
  11, 0, Tesla K80, 3.7, 2505, 823, 268435456, 13, 53248, 4096, 262144, 1024, 3, 10.5401 ms, 101.872 GB/s
  12, 0, Tesla K80, 3.7, 2505, 823, 268435456, 13, 106496, 8192, 262144, 1024, 3, 18.3708 ms, 58.4483 GB/s
  13, 0, Tesla K80, 3.7, 2505, 823, 268435456, 13, 212992, 16384, 262144, 1024, 3, 31.6204 ms, 33.9573 GB/s
  14, 0, Tesla K80, 3.7, 2505, 823, 268435456, 13, 425984, 32768, 262144, 1024, 3, 58.5257 ms, 18.3465 GB/s
   0, 0, Tesla K80, 3.7, 2505, 823, 536870912, 13, 26, 2, 8388608, 64, 3, 48.9112 ms, 43.9058 GB/s
   1, 0, Tesla K80, 3.7, 2505, 823, 536870912, 13, 52, 4, 8388608, 64, 3, 25.448 ms, 84.3871 GB/s
   2, 0, Tesla K80, 3.7, 2505, 823, 536870912, 13, 104, 8, 8388608, 64, 3, 15.5676 ms, 137.945 GB/s
   3, 0, Tesla K80, 3.7, 2505, 823, 536870912, 13, 208, 16, 8388608, 64, 3, 12.8148 ms, 167.578 GB/s
   4, 0, Tesla K80, 3.7, 2505, 823, 536870912, 13, 416, 32, 8388608, 64, 3, 13.0364 ms, 164.729 GB/s
   5, 0, Tesla K80, 3.7, 2505, 823, 536870912, 13, 832, 64, 8388608, 64, 3, 13.1209 ms, 163.669 GB/s
   6, 0, Tesla K80, 3.7, 2505, 823, 536870912, 13, 1664, 128, 8388608, 64, 3, 12.9448 ms, 165.895 GB/s
   7, 0, Tesla K80, 3.7, 2505, 823, 536870912, 13, 3328, 256, 8388608, 64, 3, 13.0619 ms, 164.408 GB/s
   8, 0, Tesla K80, 3.7, 2505, 823, 536870912, 13, 6656, 512, 8388608, 64, 3, 13.4458 ms, 159.714 GB/s
   9, 0, Tesla K80, 3.7, 2505, 823, 536870912, 13, 13312, 1024, 8388608, 64, 3, 13.4441 ms, 159.734 GB/s
  10, 0, Tesla K80, 3.7, 2505, 823, 536870912, 13, 26624, 2048, 8388608, 64, 3, 12.976 ms, 165.496 GB/s
  11, 0, Tesla K80, 3.7, 2505, 823, 536870912, 13, 53248, 4096, 8388608, 64, 3, 13.1669 ms, 163.097 GB/s
  12, 0, Tesla K80, 3.7, 2505, 823, 536870912, 13, 106496, 8192, 8388608, 64, 3, 13.3771 ms, 160.534 GB/s
  13, 0, Tesla K80, 3.7, 2505, 823, 536870912, 13, 212992, 16384, 8388608, 64, 3, 13.4869 ms, 159.227 GB/s
  14, 0, Tesla K80, 3.7, 2505, 823, 536870912, 13, 425984, 32768, 8388608, 64, 3, 14.274 ms, 150.448 GB/s
  15, 0, Tesla K80, 3.7, 2505, 823, 536870912, 13, 851968, 65536, 8388608, 64, 3, 17.6707 ms, 121.528 GB/s
  16, 0, Tesla K80, 3.7, 2505, 823, 536870912, 13, 1703936, 131072, 8388608, 64, 3, 23.9127 ms, 89.8053 GB/s
  17, 0, Tesla K80, 3.7, 2505, 823, 536870912, 13, 3407872, 262144, 8388608, 64, 3, 46.6826 ms, 46.0018 GB/s
  18, 0, Tesla K80, 3.7, 2505, 823, 536870912, 13, 6815744, 524288, 8388608, 64, 3, 74.7705 ms, 28.721 GB/s
  19, 0, Tesla K80, 3.7, 2505, 823, 536870912, 13, 13631488, 1048576, 8388608, 64, 3, 130.409 ms, 16.4673 GB/s
   0, 0, Tesla K80, 3.7, 2505, 823, 536870912, 13, 26, 2, 4194304, 128, 3, 25.4706 ms, 84.3124 GB/s
   1, 0, Tesla K80, 3.7, 2505, 823, 536870912, 13, 52, 4, 4194304, 128, 3, 15.5614 ms, 138.001 GB/s
   2, 0, Tesla K80, 3.7, 2505, 823, 536870912, 13, 104, 8, 4194304, 128, 3, 12.801 ms, 167.759 GB/s
   3, 0, Tesla K80, 3.7, 2505, 823, 536870912, 13, 208, 16, 4194304, 128, 3, 12.334 ms, 174.112 GB/s
   4, 0, Tesla K80, 3.7, 2505, 823, 536870912, 13, 416, 32, 4194304, 128, 3, 12.3358 ms, 174.085 GB/s
   5, 0, Tesla K80, 3.7, 2505, 823, 536870912, 13, 832, 64, 4194304, 128, 3, 12.2482 ms, 175.331 GB/s
   6, 0, Tesla K80, 3.7, 2505, 823, 536870912, 13, 1664, 128, 4194304, 128, 3, 12.3531 ms, 173.842 GB/s
   7, 0, Tesla K80, 3.7, 2505, 823, 536870912, 13, 3328, 256, 4194304, 128, 3, 13.0366 ms, 164.727 GB/s
   8, 0, Tesla K80, 3.7, 2505, 823, 536870912, 13, 6656, 512, 4194304, 128, 3, 14.8455 ms, 144.655 GB/s
   9, 0, Tesla K80, 3.7, 2505, 823, 536870912, 13, 13312, 1024, 4194304, 128, 3, 13.9431 ms, 154.018 GB/s
  10, 0, Tesla K80, 3.7, 2505, 823, 536870912, 13, 26624, 2048, 4194304, 128, 3, 12.319 ms, 174.323 GB/s
  11, 0, Tesla K80, 3.7, 2505, 823, 536870912, 13, 53248, 4096, 4194304, 128, 3, 12.3521 ms, 173.856 GB/s
  12, 0, Tesla K80, 3.7, 2505, 823, 536870912, 13, 106496, 8192, 4194304, 128, 3, 12.3609 ms, 173.732 GB/s
  13, 0, Tesla K80, 3.7, 2505, 823, 536870912, 13, 212992, 16384, 4194304, 128, 3, 12.4901 ms, 171.934 GB/s
  14, 0, Tesla K80, 3.7, 2505, 823, 536870912, 13, 425984, 32768, 4194304, 128, 3, 14.3451 ms, 149.701 GB/s
  15, 0, Tesla K80, 3.7, 2505, 823, 536870912, 13, 851968, 65536, 4194304, 128, 3, 18.101 ms, 118.639 GB/s
  16, 0, Tesla K80, 3.7, 2505, 823, 536870912, 13, 1703936, 131072, 4194304, 128, 3, 26.5709 ms, 80.8208 GB/s
  17, 0, Tesla K80, 3.7, 2505, 823, 536870912, 13, 3407872, 262144, 4194304, 128, 3, 45.5036 ms, 47.1937 GB/s
  18, 0, Tesla K80, 3.7, 2505, 823, 536870912, 13, 6815744, 524288, 4194304, 128, 3, 83.1703 ms, 25.8203 GB/s
   0, 0, Tesla K80, 3.7, 2505, 823, 536870912, 13, 26, 2, 2097152, 256, 3, 15.5715 ms, 137.911 GB/s
   1, 0, Tesla K80, 3.7, 2505, 823, 536870912, 13, 52, 4, 2097152, 256, 3, 12.8043 ms, 167.716 GB/s
   2, 0, Tesla K80, 3.7, 2505, 823, 536870912, 13, 104, 8, 2097152, 256, 3, 12.3346 ms, 174.103 GB/s
   3, 0, Tesla K80, 3.7, 2505, 823, 536870912, 13, 208, 16, 2097152, 256, 3, 12.3324 ms, 174.133 GB/s
   4, 0, Tesla K80, 3.7, 2505, 823, 536870912, 13, 416, 32, 2097152, 256, 3, 12.2364 ms, 175.499 GB/s
   5, 0, Tesla K80, 3.7, 2505, 823, 536870912, 13, 832, 64, 2097152, 256, 3, 12.355 ms, 173.814 GB/s
   6, 0, Tesla K80, 3.7, 2505, 823, 536870912, 13, 1664, 128, 2097152, 256, 3, 12.4909 ms, 171.923 GB/s
   7, 0, Tesla K80, 3.7, 2505, 823, 536870912, 13, 3328, 256, 2097152, 256, 3, 12.6261 ms, 170.082 GB/s
   8, 0, Tesla K80, 3.7, 2505, 823, 536870912, 13, 6656, 512, 2097152, 256, 3, 12.2993 ms, 174.602 GB/s
   9, 0, Tesla K80, 3.7, 2505, 823, 536870912, 13, 13312, 1024, 2097152, 256, 3, 12.2948 ms, 174.667 GB/s
  10, 0, Tesla K80, 3.7, 2505, 823, 536870912, 13, 26624, 2048, 2097152, 256, 3, 12.3166 ms, 174.357 GB/s
  11, 0, Tesla K80, 3.7, 2505, 823, 536870912, 13, 53248, 4096, 2097152, 256, 3, 12.2818 ms, 174.851 GB/s
  12, 0, Tesla K80, 3.7, 2505, 823, 536870912, 13, 106496, 8192, 2097152, 256, 3, 12.4001 ms, 173.183 GB/s
  13, 0, Tesla K80, 3.7, 2505, 823, 536870912, 13, 212992, 16384, 2097152, 256, 3, 14.9399 ms, 143.742 GB/s
  14, 0, Tesla K80, 3.7, 2505, 823, 536870912, 13, 425984, 32768, 2097152, 256, 3, 18.1427 ms, 118.367 GB/s
  15, 0, Tesla K80, 3.7, 2505, 823, 536870912, 13, 851968, 65536, 2097152, 256, 3, 27.8244 ms, 77.1797 GB/s
  16, 0, Tesla K80, 3.7, 2505, 823, 536870912, 13, 1703936, 131072, 2097152, 256, 3, 47.2875 ms, 45.4134 GB/s
  17, 0, Tesla K80, 3.7, 2505, 823, 536870912, 13, 3407872, 262144, 2097152, 256, 3, 86.5047 ms, 24.8251 GB/s
   0, 0, Tesla K80, 3.7, 2505, 823, 536870912, 13, 26, 2, 1048576, 512, 3, 12.8111 ms, 167.627 GB/s
   1, 0, Tesla K80, 3.7, 2505, 823, 536870912, 13, 52, 4, 1048576, 512, 3, 12.3273 ms, 174.205 GB/s
   2, 0, Tesla K80, 3.7, 2505, 823, 536870912, 13, 104, 8, 1048576, 512, 3, 12.3303 ms, 174.164 GB/s
   3, 0, Tesla K80, 3.7, 2505, 823, 536870912, 13, 208, 16, 1048576, 512, 3, 12.2345 ms, 175.526 GB/s
   4, 0, Tesla K80, 3.7, 2505, 823, 536870912, 13, 416, 32, 1048576, 512, 3, 12.3324 ms, 174.133 GB/s
   5, 0, Tesla K80, 3.7, 2505, 823, 536870912, 13, 832, 64, 1048576, 512, 3, 12.364 ms, 173.688 GB/s
   6, 0, Tesla K80, 3.7, 2505, 823, 536870912, 13, 1664, 128, 1048576, 512, 3, 12.298 ms, 174.621 GB/s
   7, 0, Tesla K80, 3.7, 2505, 823, 536870912, 13, 3328, 256, 1048576, 512, 3, 12.2872 ms, 174.774 GB/s
   8, 0, Tesla K80, 3.7, 2505, 823, 536870912, 13, 6656, 512, 1048576, 512, 3, 12.2852 ms, 174.802 GB/s
   9, 0, Tesla K80, 3.7, 2505, 823, 536870912, 13, 13312, 1024, 1048576, 512, 3, 12.3108 ms, 174.438 GB/s
  10, 0, Tesla K80, 3.7, 2505, 823, 536870912, 13, 26624, 2048, 1048576, 512, 3, 12.2844 ms, 174.813 GB/s
  11, 0, Tesla K80, 3.7, 2505, 823, 536870912, 13, 53248, 4096, 1048576, 512, 3, 12.7298 ms, 168.697 GB/s
  12, 0, Tesla K80, 3.7, 2505, 823, 536870912, 13, 106496, 8192, 1048576, 512, 3, 15.6026 ms, 137.636 GB/s
  13, 0, Tesla K80, 3.7, 2505, 823, 536870912, 13, 212992, 16384, 1048576, 512, 3, 17.6356 ms, 121.77 GB/s
  14, 0, Tesla K80, 3.7, 2505, 823, 536870912, 13, 425984, 32768, 1048576, 512, 3, 31.6395 ms, 67.8735 GB/s
  15, 0, Tesla K80, 3.7, 2505, 823, 536870912, 13, 851968, 65536, 1048576, 512, 3, 53.8515 ms, 39.8779 GB/s
  16, 0, Tesla K80, 3.7, 2505, 823, 536870912, 13, 1703936, 131072, 1048576, 512, 3, 98.5764 ms, 21.785 GB/s
   0, 0, Tesla K80, 3.7, 2505, 823, 536870912, 13, 26, 2, 524288, 1024, 3, 12.3354 ms, 174.092 GB/s
   1, 0, Tesla K80, 3.7, 2505, 823, 536870912, 13, 52, 4, 524288, 1024, 3, 12.3192 ms, 174.32 GB/s
   2, 0, Tesla K80, 3.7, 2505, 823, 536870912, 13, 104, 8, 524288, 1024, 3, 12.2268 ms, 175.638 GB/s
   3, 0, Tesla K80, 3.7, 2505, 823, 536870912, 13, 208, 16, 524288, 1024, 3, 12.3034 ms, 174.544 GB/s
   4, 0, Tesla K80, 3.7, 2505, 823, 536870912, 13, 416, 32, 524288, 1024, 3, 12.3244 ms, 174.246 GB/s
   5, 0, Tesla K80, 3.7, 2505, 823, 536870912, 13, 832, 64, 524288, 1024, 3, 12.2908 ms, 174.723 GB/s
   6, 0, Tesla K80, 3.7, 2505, 823, 536870912, 13, 1664, 128, 524288, 1024, 3, 12.2905 ms, 174.727 GB/s
   7, 0, Tesla K80, 3.7, 2505, 823, 536870912, 13, 3328, 256, 524288, 1024, 3, 12.3118 ms, 174.425 GB/s
   8, 0, Tesla K80, 3.7, 2505, 823, 536870912, 13, 6656, 512, 524288, 1024, 3, 12.8914 ms, 166.583 GB/s
   9, 0, Tesla K80, 3.7, 2505, 823, 536870912, 13, 13312, 1024, 524288, 1024, 3, 13.2494 ms, 162.082 GB/s
  10, 0, Tesla K80, 3.7, 2505, 823, 536870912, 13, 26624, 2048, 524288, 1024, 3, 13.8767 ms, 154.755 GB/s
  11, 0, Tesla K80, 3.7, 2505, 823, 536870912, 13, 53248, 4096, 524288, 1024, 3, 17.2631 ms, 124.397 GB/s
  12, 0, Tesla K80, 3.7, 2505, 823, 536870912, 13, 106496, 8192, 524288, 1024, 3, 21.0532 ms, 102.003 GB/s
  13, 0, Tesla K80, 3.7, 2505, 823, 536870912, 13, 212992, 16384, 524288, 1024, 3, 36.7494 ms, 58.4358 GB/s
  14, 0, Tesla K80, 3.7, 2505, 823, 536870912, 13, 425984, 32768, 524288, 1024, 3, 63.2704 ms, 33.9414 GB/s
  15, 0, Tesla K80, 3.7, 2505, 823, 536870912, 13, 851968, 65536, 524288, 1024, 3, 117.103 ms, 18.3384 GB/s
   0, 0, Tesla K80, 3.7, 2505, 823, 1073741824, 13, 26, 2, 16777216, 64, 3, 97.9301 ms, 43.8575 GB/s
   1, 0, Tesla K80, 3.7, 2505, 823, 1073741824, 13, 52, 4, 16777216, 64, 3, 50.9587 ms, 84.2834 GB/s
   2, 0, Tesla K80, 3.7, 2505, 823, 1073741824, 13, 104, 8, 16777216, 64, 3, 31.1153 ms, 138.034 GB/s
   3, 0, Tesla K80, 3.7, 2505, 823, 1073741824, 13, 208, 16, 16777216, 64, 3, 25.6171 ms, 167.66 GB/s
   4, 0, Tesla K80, 3.7, 2505, 823, 1073741824, 13, 416, 32, 16777216, 64, 3, 26.163 ms, 164.162 GB/s
   5, 0, Tesla K80, 3.7, 2505, 823, 1073741824, 13, 832, 64, 16777216, 64, 3, 26.4675 ms, 162.274 GB/s
   6, 0, Tesla K80, 3.7, 2505, 823, 1073741824, 13, 1664, 128, 16777216, 64, 3, 27.8724 ms, 154.094 GB/s
   7, 0, Tesla K80, 3.7, 2505, 823, 1073741824, 13, 3328, 256, 16777216, 64, 3, 30.275 ms, 141.865 GB/s
   8, 0, Tesla K80, 3.7, 2505, 823, 1073741824, 13, 6656, 512, 16777216, 64, 3, 31.1456 ms, 137.9 GB/s
   9, 0, Tesla K80, 3.7, 2505, 823, 1073741824, 13, 13312, 1024, 16777216, 64, 3, 31.0891 ms, 138.15 GB/s
  10, 0, Tesla K80, 3.7, 2505, 823, 1073741824, 13, 26624, 2048, 16777216, 64, 3, 27.0833 ms, 158.583 GB/s
  11, 0, Tesla K80, 3.7, 2505, 823, 1073741824, 13, 53248, 4096, 16777216, 64, 3, 25.9384 ms, 165.583 GB/s
  12, 0, Tesla K80, 3.7, 2505, 823, 1073741824, 13, 106496, 8192, 16777216, 64, 3, 26.402 ms, 162.676 GB/s
  13, 0, Tesla K80, 3.7, 2505, 823, 1073741824, 13, 212992, 16384, 16777216, 64, 3, 26.7638 ms, 160.477 GB/s
  14, 0, Tesla K80, 3.7, 2505, 823, 1073741824, 13, 425984, 32768, 16777216, 64, 3, 27.1939 ms, 157.939 GB/s
  15, 0, Tesla K80, 3.7, 2505, 823, 1073741824, 13, 851968, 65536, 16777216, 64, 3, 28.6452 ms, 149.937 GB/s
  16, 0, Tesla K80, 3.7, 2505, 823, 1073741824, 13, 1703936, 131072, 16777216, 64, 3, 36.1294 ms, 118.877 GB/s
  17, 0, Tesla K80, 3.7, 2505, 823, 1073741824, 13, 3407872, 262144, 16777216, 64, 3, 48.1414 ms, 89.2157 GB/s
  18, 0, Tesla K80, 3.7, 2505, 823, 1073741824, 13, 6815744, 524288, 16777216, 64, 3, 93.92 ms, 45.7301 GB/s
  19, 0, Tesla K80, 3.7, 2505, 823, 1073741824, 13, 13631488, 1048576, 16777216, 64, 3, 149.829 ms, 28.6658 GB/s
  20, 0, Tesla K80, 3.7, 2505, 823, 1073741824, 13, 27262976, 2097152, 16777216, 64, 3