; saxpy-grid 1048576 1073741824, Sat Mar 10 23:24:55 2018
index,dev_id,dev_name,dev_CC,dev_memClock,dev_clock,n,numSMs,blocks_i,blocks_i/numSMs,blocks_n,TBlocksize,TRuns,min_time,max_throughput
   0, 0, Tesla K80, 3.7, 2505, 823, 1048576, 13, 26, 2, 16384, 64, 3, 0.314048 ms, 40.0668 GB/s
   1, 0, Tesla K80, 3.7, 2505, 823, 1048576, 13, 52, 4, 16384, 64, 3, 0.175936 ms, 71.5198 GB/s
   2, 0, Tesla K80, 3.7, 2505, 823, 1048576, 13, 104, 8, 16384, 64, 3, 0.114272 ms, 110.114 GB/s
   3, 0, Tesla K80, 3.7, 2505, 823, 1048576, 13, 208, 16, 16384, 64, 3, 0.09328 ms, 134.894 GB/s
   4, 0, Tesla K80, 3.7, 2505, 823, 1048576, 13, 416, 32, 16384, 64, 3, 0.094208 ms, 133.565 GB/s
   5, 0, Tesla K80, 3.7, 2505, 823, 1048576, 13, 832, 64, 16384, 64, 3, 0.094528 ms, 133.113 GB/s
   6, 0, Tesla K80, 3.7, 2505, 823, 1048576, 13, 1664, 128, 16384, 64, 3, 0.095136 ms, 132.262 GB/s
   7, 0, Tesla K80, 3.7, 2505, 823, 1048576, 13, 3328, 256, 16384, 64, 3, 0.095712 ms, 131.466 GB/s
   8, 0, Tesla K80, 3.7, 2505, 823, 1048576, 13, 6656, 512, 16384, 64, 3, 0.093536 ms, 134.525 GB/s
   9, 0, Tesla K80, 3.7, 2505, 823, 1048576, 13, 13312, 1024, 16384, 64, 3, 0.09664 ms, 130.204 GB/s
  10, 0, Tesla K80, 3.7, 2505, 823, 1048576, 13, 26624, 2048, 16384, 64, 3, 0.12656 ms, 99.4225 GB/s
   0, 0, Tesla K80, 3.7, 2505, 823, 1048576, 13, 26, 2, 8192, 128, 3, 0.174784 ms, 71.9912 GB/s
   1, 0, Tesla K80, 3.7, 2505, 823, 1048576, 13, 52, 4, 8192, 128, 3, 0.114144 ms, 110.237 GB/s
   2, 0, Tesla K80, 3.7, 2505, 823, 1048576, 13, 104, 8, 8192, 128, 3, 0.093568 ms, 134.479 GB/s
   3, 0, Tesla K80, 3.7, 2505, 823, 1048576, 13, 208, 16, 8192, 128, 3, 0.08624 ms, 145.906 GB/s
   4, 0, Tesla K80, 3.7, 2505, 823, 1048576, 13, 416, 32, 8192, 128, 3, 0.08784 ms, 143.248 GB/s
   5, 0, Tesla K80, 3.7, 2505, 823, 1048576, 13, 832, 64, 8192, 128, 3, 0.087488 ms, 143.824 GB/s
   6, 0, Tesla K80, 3.7, 2505, 823, 1048576, 13, 1664, 128, 8192, 128, 3, 0.088448 ms, 142.263 GB/s
   7, 0, Tesla K80, 3.7, 2505, 823, 1048576, 13, 3328, 256, 8192, 128, 3, 0.084928 ms, 148.16 GB/s
   8, 0, Tesla K80, 3.7, 2505, 823, 1048576, 13, 6656, 512, 8192, 128, 3, 0.0848 ms, 148.383 GB/s
   9, 0, Tesla K80, 3.7, 2505, 823, 1048576, 13, 13312, 1024, 8192, 128, 3, 0.097056 ms, 129.646 GB/s
   0, 0, Tesla K80, 3.7, 2505, 823, 1048576, 13, 26, 2, 4096, 256, 3, 0.114528 ms, 109.868 GB/s
   1, 0, Tesla K80, 3.7, 2505, 823, 1048576, 13, 52, 4, 4096, 256, 3, 0.093184 ms, 135.033 GB/s
   2, 0, Tesla K80, 3.7, 2505, 823, 1048576, 13, 104, 8, 4096, 256, 3, 0.085824 ms, 146.613 GB/s
   3, 0, Tesla K80, 3.7, 2505, 823, 1048576, 13, 208, 16, 4096, 256, 3, 0.087616 ms, 143.614 GB/s
   4, 0, Tesla K80, 3.7, 2505, 823, 1048576, 13, 416, 32, 4096, 256, 3, 0.085472 ms, 147.217 GB/s
   5, 0, Tesla K80, 3.7, 2505, 823, 1048576, 13, 832, 64, 4096, 256, 3, 0.08656 ms, 145.366 GB/s
   6, 0, Tesla K80, 3.7, 2505, 823, 1048576, 13, 1664, 128, 4096, 256, 3, 0.086944 ms, 144.724 GB/s
   7, 0, Tesla K80, 3.7, 2505, 823, 1048576, 13, 3328, 256, 4096, 256, 3, 0.084672 ms, 148.608 GB/s
   8, 0, Tesla K80, 3.7, 2505, 823, 1048576, 13, 6656, 512, 4096, 256, 3, 0.094688 ms, 132.888 GB/s
   0, 0, Tesla K80, 3.7, 2505, 823, 1048576, 13, 26, 2, 2048, 512, 3, 0.092736 ms, 135.685 GB/s
   1, 0, Tesla K80, 3.7, 2505, 823, 1048576, 13, 52, 4, 2048, 512, 3, 0.08592 ms, 146.449 GB/s
   2, 0, Tesla K80, 3.7, 2505, 823, 1048576, 13, 104, 8, 2048, 512, 3, 0.086656 ms, 145.205 GB/s
   3, 0, Tesla K80, 3.7, 2505, 823, 1048576, 13, 208, 16, 2048, 512, 3, 0.086176 ms, 146.014 GB/s
   4, 0, Tesla K80, 3.7, 2505, 823, 1048576, 13, 416, 32, 2048, 512, 3, 0.087968 ms, 143.04 GB/s
   5, 0, Tesla K80, 3.7, 2505, 823, 1048576, 13, 832, 64, 2048, 512, 3, 0.085024 ms, 147.992 GB/s
   6, 0, Tesla K80, 3.7, 2505, 823, 1048576, 13, 1664, 128, 2048, 512, 3, 0.085216 ms, 147.659 GB/s
   7, 0, Tesla K80, 3.7, 2505, 823, 1048576, 13, 3328, 256, 2048, 512, 3, 0.096928 ms, 129.817 GB/s
   0, 0, Tesla K80, 3.7, 2505, 823, 1048576, 13, 26, 2, 1024, 1024, 3, 0.08576 ms, 146.722 GB/s
   1, 0, Tesla K80, 3.7, 2505, 823, 1048576, 13, 52, 4, 1024, 1024, 3, 0.087808 ms, 143.3 GB/s
   2, 0, Tesla K80, 3.7, 2505, 823, 1048576, 13, 104, 8, 1024, 1024, 3, 0.08704 ms, 144.565 GB/s
   3, 0, Tesla K80, 3.7, 2505, 823, 1048576, 13, 208, 16, 1024, 1024, 3, 0.087648 ms, 143.562 GB/s
   4, 0, Tesla K80, 3.7, 2505, 823, 1048576, 13, 416, 32, 1024, 1024, 3, 0.087104 ms, 144.458 GB/s
   5, 0, Tesla K80, 3.7, 2505, 823, 1048576, 13, 832, 64, 1024, 1024, 3, 0.08736 ms, 144.035 GB/s
   6, 0, Tesla K80, 3.7, 2505, 823, 1048576, 13, 1664, 128, 1024, 1024, 3, 0.101824 ms, 123.575 GB/s
   0, 0, Tesla K80, 3.7, 2505, 823, 2097152, 13, 26, 2, 32768, 64, 3, 0.616768 ms, 40.8027 GB/s
   1, 0, Tesla K80, 3.7, 2505, 823, 2097152, 13, 52, 4, 32768, 64, 3, 0.33888 ms, 74.2618 GB/s
   2, 0, Tesla K80, 3.7, 2505, 823, 2097152, 13, 104, 8, 32768, 64, 3, 0.215168 ms, 116.959 GB/s
   3, 0, Tesla K80, 3.7, 2505, 823, 2097152, 13, 208, 16, 32768, 64, 3, 0.173696 ms, 144.884 GB/s
   4, 0, Tesla K80, 3.7, 2505, 823, 2097152, 13, 416, 32, 32768, 64, 3, 0.17824 ms, 141.191 GB/s
   5, 0, Tesla K80, 3.7, 2505, 823, 2097152, 13, 832, 64, 32768, 64, 3, 0.179808 ms, 139.959 GB/s
   6, 0, Tesla K80, 3.7, 2505, 823, 2097152, 13, 1664, 128, 32768, 64, 3, 0.179552 ms, 140.159 GB/s
   7, 0, Tesla K80, 3.7, 2505, 823, 2097152, 13, 3328, 256, 32768, 64, 3, 0.17968 ms, 140.059 GB/s
   8, 0, Tesla K80, 3.7, 2505, 823, 2097152, 13, 6656, 512, 32768, 64, 3, 0.181312 ms, 138.798 GB/s
   9, 0, Tesla K80, 3.7, 2505, 823, 2097152, 13, 13312, 1024, 32768, 64, 3, 0.180736 ms, 139.241 GB/s
  10, 0, Tesla K80, 3.7, 2505, 823, 2097152, 13, 26624, 2048, 32768, 64, 3, 0.186176 ms, 135.172 GB/s
  11, 0, Tesla K80, 3.7, 2505, 823, 2097152, 13, 53248, 4096, 32768, 64, 3, 0.24128 ms, 104.301 GB/s
   0, 0, Tesla K80, 3.7, 2505, 823, 2097152, 13, 26, 2, 16384, 128, 3, 0.33872 ms, 74.2968 GB/s
   1, 0, Tesla K80, 3.7, 2505, 823, 2097152, 13, 52, 4, 16384, 128, 3, 0.213312 ms, 117.977 GB/s
   2, 0, Tesla K80, 3.7, 2505, 823, 2097152, 13, 104, 8, 16384, 128, 3, 0.176096 ms, 142.91 GB/s
   3, 0, Tesla K80, 3.7, 2505, 823, 2097152, 13, 208, 16, 16384, 128, 3, 0.16272 ms, 154.657 GB/s
   4, 0, Tesla K80, 3.7, 2505, 823, 2097152, 13, 416, 32, 16384, 128, 3, 0.163488 ms, 153.931 GB/s
   5, 0, Tesla K80, 3.7, 2505, 823, 2097152, 13, 832, 64, 16384, 128, 3, 0.161344 ms, 155.976 GB/s
   6, 0, Tesla K80, 3.7, 2505, 823, 2097152, 13, 1664, 128, 16384, 128, 3, 0.163776 ms, 153.66 GB/s
   7, 0, Tesla K80, 3.7, 2505, 823, 2097152, 13, 3328, 256, 16384, 128, 3, 0.16304 ms, 154.354 GB/s
   8, 0, Tesla K80, 3.7, 2505, 823, 2097152, 13, 6656, 512, 16384, 128, 3, 0.161632 ms, 155.698 GB/s
   9, 0, Tesla K80, 3.7, 2505, 823, 2097152, 13, 13312, 1024, 16384, 128, 3, 0.160544 ms, 156.753 GB/s
  10, 0, Tesla K80, 3.7, 2505, 823, 2097152, 13, 26624, 2048, 16384, 128, 3, 0.18544 ms, 135.709 GB/s
   0, 0, Tesla K80, 3.7, 2505, 823, 2097152, 13, 26, 2, 8192, 256, 3, 0.215744 ms, 116.647 GB/s
   1, 0, Tesla K80, 3.7, 2505, 823, 2097152, 13, 52, 4, 8192, 256, 3, 0.174368 ms, 144.326 GB/s
   2, 0, Tesla K80, 3.7, 2505, 823, 2097152, 13, 104, 8, 8192, 256, 3, 0.162368 ms, 154.993 GB/s
   3, 0, Tesla K80, 3.7, 2505, 823, 2097152, 13, 208, 16, 8192, 256, 3, 0.165312 ms, 152.232 GB/s
   4, 0, Tesla K80, 3.7, 2505, 823, 2097152, 13, 416, 32, 8192, 256, 3, 0.163328 ms, 154.082 GB/s
   5, 0, Tesla K80, 3.7, 2505, 823, 2097152, 13, 832, 64, 8192, 256, 3, 0.162592 ms, 154.779 GB/s
   6, 0, Tesla K80, 3.7, 2505, 823, 2097152, 13, 1664, 128, 8192, 256, 3, 0.1624 ms, 154.962 GB/s
   7, 0, Tesla K80, 3.7, 2505, 823, 2097152, 13, 3328, 256, 8192, 256, 3, 0.163552 ms, 153.87 GB/s
   8, 0, Tesla K80, 3.7, 2505, 823, 2097152, 13, 6656, 512, 8192, 256, 3, 0.160704 ms, 156.597 GB/s
   9, 0, Tesla K80, 3.7, 2505, 823, 2097152, 13, 13312, 1024, 8192, 256, 3, 0.179712 ms, 140.034 GB/s
   0, 0, Tesla K80, 3.7, 2505, 823, 2097152, 13, 26, 2, 4096, 512, 3, 0.17648 ms, 142.599 GB/s
   1, 0, Tesla K80, 3.7, 2505, 823, 2097152, 13, 52, 4, 4096, 512, 3, 0.163072 ms, 154.323 GB/s
   2, 0, Tesla K80, 3.7, 2505, 823, 2097152, 13, 104, 8, 4096, 512, 3, 0.162496 ms, 154.87 GB/s
   3, 0, Tesla K80, 3.7, 2505, 823, 2097152, 13, 208, 16, 4096, 512, 3, 0.162752 ms, 154.627 GB/s
   4, 0, Tesla K80, 3.7, 2505, 823, 2097152, 13, 416, 32, 4096, 512, 3, 0.161312 ms, 156.007 GB/s
   5, 0, Tesla K80, 3.7, 2505, 823, 2097152, 13, 832, 64, 4096, 512, 3, 0.163296 ms, 154.112 GB/s
   6, 0, Tesla K80, 3.7, 2505, 823, 2097152, 13, 1664, 128, 4096, 512, 3, 0.162752 ms, 154.627 GB/s
   7, 0, Tesla K80, 3.7, 2505, 823, 2097152, 13, 3328, 256, 4096, 512, 3, 0.163456 ms, 153.961 GB/s
   8, 0, Tesla K80, 3.7, 2505, 823, 2097152, 13, 6656, 512, 4096, 512, 3, 0.184416 ms, 136.462 GB/s
   0, 0, Tesla K80, 3.7, 2505, 823, 2097152, 13, 26, 2, 2048, 1024, 3, 0.16432 ms, 153.151 GB/s
   1, 0, Tesla K80, 3.7, 2505, 823, 2097152, 13, 52, 4, 2048, 1024, 3, 0.164928 ms, 152.587 GB/s
   2, 0, Tesla K80, 3.7, 2505, 823, 2097152, 13, 104, 8, 2048, 1024, 3, 0.1624 ms, 154.962 GB/s
   3, 0, Tesla K80, 3.7, 2505, 823, 2097152, 13, 208, 16, 2048, 1024, 3, 0.163072 ms, 154.323 GB/s
   4, 0, Tesla K80, 3.7, 2505, 823, 2097152, 13, 416, 32, 2048, 1024, 3, 0.162624 ms, 154.749 GB/s
   5, 0, Tesla K80, 3.7, 2505, 823, 2097152, 13, 832, 64, 2048, 1024, 3, 0.163712 ms, 153.72 GB/s
   6, 0, Tesla K80, 3.7, 2505, 823, 2097152, 13, 1664, 128, 2048, 1024, 3, 0.16592 ms, 151.674 GB/s
   7, 0, Tesla K80, 3.7, 2505, 823, 2097152, 13, 3328, 256, 2048, 1024, 3, 0.191296 ms, 131.554 GB/s
   0, 0, Tesla K80, 3.7, 2505, 823, 4194304, 13, 26, 2, 65536, 64, 3, 1.22352 ms, 41.1368 GB/s
   1, 0, Tesla K80, 3.7, 2505, 823, 4194304, 13, 52, 4, 65536, 64, 3, 0.662944 ms, 75.9214 GB/s
   2, 0, Tesla K80, 3.7, 2505, 823, 4194304, 13, 104, 8, 65536, 64, 3, 0.417408 ms, 120.581 GB/s
   3, 0, Tesla K80, 3.7, 2505, 823, 4194304, 13, 208, 16, 65536, 64, 3, 0.339776 ms, 148.132 GB/s
   4, 0, Tesla K80, 3.7, 2505, 823, 4194304, 13, 416, 32, 65536, 64, 3, 0.35584 ms, 141.445 GB/s
   5, 0, Tesla K80, 3.7, 2505, 823, 4194304, 13, 832, 64, 65536, 64, 3, 0.351104 ms, 143.353 GB/s
   6, 0, Tesla K80, 3.7, 2505, 823, 4194304, 13, 1664, 128, 65536, 64, 3, 0.350624 ms, 143.549 GB/s
   7, 0, Tesla K80, 3.7, 2505, 823, 4194304, 13, 3328, 256, 65536, 64, 3, 0.351296 ms, 143.274 GB/s
   8, 0, Tesla K80, 3.7, 2505, 823, 4194304, 13, 6656, 512, 65536, 64, 3, 0.34832 ms, 144.498 GB/s
   9, 0, Tesla K80, 3.7, 2505, 823, 4194304, 13, 13312, 1024, 65536, 64, 3, 0.34928 ms, 144.101 GB/s
  10, 0, Tesla K80, 3.7, 2505, 823, 4194304, 13, 26624, 2048, 65536, 64, 3, 0.348288 ms, 144.512 GB/s
  11, 0, Tesla K80, 3.7, 2505, 823, 4194304, 13, 53248, 4096, 65536, 64, 3, 0.361248 ms, 139.327 GB/s
  12, 0, Tesla K80, 3.7, 2505, 823, 4194304, 13, 106496, 8192, 65536, 64, 3, 0.470912 ms, 106.881 GB/s
   0, 0, Tesla K80, 3.7, 2505, 823, 4194304, 13, 26, 2, 32768, 128, 3, 0.665504 ms, 75.6294 GB/s
   1, 0, Tesla K80, 3.7, 2505, 823, 4194304, 13, 52, 4, 32768, 128, 3, 0.41856 ms, 120.25 GB/s
   2, 0, Tesla K80, 3.7, 2505, 823, 4194304, 13, 104, 8, 32768, 128, 3, 0.342688 ms, 146.873 GB/s
   3, 0, Tesla K80, 3.7, 2505, 823, 4194304, 13, 208, 16, 32768, 128, 3, 0.317888 ms, 158.331 GB/s
   4, 0, Tesla K80, 3.7, 2505, 823, 4194304, 13, 416, 32, 32768, 128, 3, 0.319584 ms, 157.491 GB/s
   5, 0, Tesla K80, 3.7, 2505, 823, 4194304, 13, 832, 64, 32768, 128, 3, 0.315488 ms, 159.536 GB/s
   6, 0, Tesla K80, 3.7, 2505, 823, 4194304, 13, 1664, 128, 32768, 128, 3, 0.318944 ms, 157.807 GB/s
   7, 0, Tesla K80, 3.7, 2505, 823, 4194304, 13, 3328, 256, 32768, 128, 3, 0.321504 ms, 156.551 GB/s
   8, 0, Tesla K80, 3.7, 2505, 823, 4194304, 13, 6656, 512, 32768, 128, 3, 0.318048 ms, 158.252 GB/s
   9, 0, Tesla K80, 3.7, 2505, 823, 4194304, 13, 13312, 1024, 32768, 128, 3, 0.311776 ms, 161.435 GB/s
  10, 0, Tesla K80, 3.7, 2505, 823, 4194304, 13, 26624, 2048, 32768, 128, 3, 0.307232 ms, 163.823 GB/s
  11, 0, Tesla K80, 3.7, 2505, 823, 4194304, 13, 53248, 4096, 32768, 128, 3, 0.357504 ms, 140.786 GB/s
   0, 0, Tesla K80, 3.7, 2505, 823, 4194304, 13, 26, 2, 16384, 256, 3, 0.421024 ms, 119.546 GB/s
   1, 0, Tesla K80, 3.7, 2505, 823, 4194304, 13, 52, 4, 16384, 256, 3, 0.34144 ms, 147.41 GB/s
   2, 0, Tesla K80, 3.7, 2505, 823, 4194304, 13, 104, 8, 16384, 256, 3, 0.317984 ms, 158.284 GB/s
   3, 0, Tesla K80, 3.7, 2505, 823, 4194304, 13, 208, 16, 16384, 256, 3, 0.321792 ms, 156.41 GB/s
   4, 0, Tesla K80, 3.7, 2505, 823, 4194304, 13, 416, 32, 16384, 256, 3, 0.317088 ms, 158.731 GB/s
   5, 0, Tesla K80, 3.7, 2505, 823, 4194304, 13, 832, 64, 16384, 256, 3, 0.3176 ms, 158.475 GB/s
   6, 0, Tesla K80, 3.7, 2505, 823, 4194304, 13, 1664, 128, 16384, 256, 3, 0.320704 ms, 156.941 GB/s
   7, 0, Tesla K80, 3.7, 2505, 823, 4194304, 13, 3328, 256, 16384, 256, 3, 0.318912 ms, 157.823 GB/s
   8, 0, Tesla K80, 3.7, 2505, 823, 4194304, 13, 6656, 512, 16384, 256, 3, 0.313408 ms, 160.595 GB/s
   9, 0, Tesla K80, 3.7, 2505, 823, 4194304, 13, 13312, 1024, 16384, 256, 3, 0.3096 ms, 162.57 GB/s
  10, 0, Tesla K80, 3.7, 2505, 823, 4194304, 13, 26624, 2048, 16384, 256, 3, 0.346816 ms, 145.125 GB/s
   0, 0, Tesla K80, 3.7, 2505, 823, 4194304, 13, 26, 2, 8192, 512, 3, 0.343456 ms, 146.545 GB/s
   1, 0, Tesla K80, 3.7, 2505, 823, 4194304, 13, 52, 4, 8192, 512, 3, 0.317088 ms, 158.731 GB/s
   2, 0, Tesla K80, 3.7, 2505, 823, 4194304, 13, 104, 8, 8192, 512, 3, 0.321664 ms, 156.473 GB/s
   3, 0, Tesla K80, 3.7, 2505, 823, 4194304, 13, 208, 16, 8192, 512, 3, 0.316608 ms, 158.971 GB/s
   4, 0, Tesla K80, 3.7, 2505, 823, 4194304, 13, 416, 32, 8192, 512, 3, 0.318688 ms, 157.934 GB/s
   5, 0, Tesla K80, 3.7, 2505, 823, 4194304, 13, 832, 64, 8192, 512, 3, 0.318048 ms, 158.252 GB/s
   6, 0, Tesla K80, 3.7, 2505, 823, 4194304, 13, 1664, 128, 8192, 512, 3, 0.31648 ms, 159.036 GB/s
   7, 0, Tesla K80, 3.7, 2505, 823, 4194304, 13, 3328, 256, 8192, 512, 3, 0.31344 ms, 160.578 GB/s
   8, 0, Tesla K80, 3.7, 2505, 823, 4194304, 13, 6656, 512, 8192, 512, 3, 0.311808 ms, 161.419 GB/s
   9, 0, Tesla K80, 3.7, 2505, 823, 4194304, 13, 13312, 1024, 8192, 512, 3, 0.353312 ms, 142.457 GB/s
   0, 0, Tesla K80, 3.7, 2505, 823, 4194304, 13, 26, 2, 4096, 1024, 3, 0.320832 ms, 156.879 GB/s
   1, 0, Tesla K80, 3.7, 2505, 823, 4194304, 13, 52, 4, 4096, 1024, 3, 0.321344 ms, 156.629 GB/s
   2, 0, Tesla K80, 3.7, 2505, 823, 4194304, 13, 104, 8, 4096, 1024, 3, 0.31344 ms, 160.578 GB/s
   3, 0, Tesla K80, 3.7, 2505, 823, 4194304, 13, 208, 16, 4096, 1024, 3, 0.315776 ms, 159.39 GB/s
   4, 0, Tesla K80, 3.7, 2505, 823, 4194304, 13, 416, 32, 4096, 1024, 3, 0.317664 ms, 158.443 GB/s
   5, 0, Tesla K80, 3.7, 2505, 823, 4194304, 13, 832, 64, 4096, 1024, 3, 0.317376 ms, 158.587 GB/s
   6, 0, Tesla K80, 3.7, 2505, 823, 4194304, 13, 1664, 128, 4096, 1024, 3, 0.316256 ms, 159.148 GB/s
   7, 0, Tesla K80, 3.7, 2505, 823, 4194304, 13, 3328, 256, 4096, 1024, 3, 0.317152 ms, 158.699 GB/s
   8, 0, Tesla K80, 3.7, 2505, 823, 4194304, 13, 6656, 512, 4096, 1024, 3, 0.368224 ms, 136.688 GB/s
   0, 0, Tesla K80, 3.7, 2505, 823, 8388608, 13, 26, 2, 131072, 64, 3, 2.44445 ms, 41.1804 GB/s
   1, 0, Tesla K80, 3.7, 2505, 823, 8388608, 13, 52, 4, 131072, 64, 3, 1.32346 ms, 76.0609 GB/s
   2, 0, Tesla K80, 3.7, 2505, 823, 8388608, 13, 104, 8, 131072, 64, 3, 0.830336 ms, 121.232 GB/s
   3, 0, Tesla K80, 3.7, 2505, 823, 8388608, 13, 208, 16, 131072, 64, 3, 0.685024 ms, 146.949 GB/s
   4, 0, Tesla K80, 3.7, 2505, 823, 8388608, 13, 416, 32, 131072, 64, 3, 0.832992 ms, 120.845 GB/s
   5, 0, Tesla K80, 3.7, 2505, 823, 8388608, 13, 832, 64, 131072, 64, 3, 0.698432 ms, 144.128 GB/s
   6, 0, Tesla K80, 3.7, 2505, 823, 8388608, 13, 1664, 128, 131072, 64, 3, 0.699936 ms, 143.818 GB/s
   7, 0, Tesla K80, 3.7, 2505, 823, 8388608, 13, 3328, 256, 131072, 64, 3, 0.701504 ms, 143.496 GB/s
   8, 0, Tesla K80, 3.7, 2505, 823, 8388608, 13, 6656, 512, 131072, 64, 3, 0.693504 ms, 145.152 GB/s
   9, 0, Tesla K80, 3.7, 2505, 823, 8388608, 13, 13312, 1024, 131072, 64, 3, 0.689408 ms, 146.014 GB/s
  10, 0, Tesla K80, 3.7, 2505, 823, 8388608, 13, 26624, 2048, 131072, 64, 3, 0.688352 ms, 146.238 GB/s
  11, 0, Tesla K80, 3.7, 2505, 823, 8388608, 13, 53248, 4096, 131072, 64, 3, 0.692576 ms, 145.346 GB/s
  12, 0, Tesla K80, 3.7, 2505, 823, 8388608, 13, 106496, 8192, 131072, 64, 3, 0.715872 ms, 140.616 GB/s
  13, 0, Tesla K80, 3.7, 2505, 823, 8388608, 13, 212992, 16384, 131072, 64, 3, 0.939456 ms, 107.151 GB/s
   0, 0, Tesla K80, 3.7, 2505, 823, 8388608, 13, 26, 2, 65536, 128, 3, 1.32586 ms, 75.9232 GB/s
   1, 0, Tesla K80, 3.7, 2505, 823, 8388608, 13, 52, 4, 65536, 128, 3, 0.833568 ms, 120.762 GB/s
   2, 0, Tesla K80, 3.7, 2505, 823, 8388608, 13, 104, 8, 65536, 128, 3, 0.684288 ms, 147.107 GB/s
   3, 0, Tesla K80, 3.7, 2505, 823, 8388608, 13, 208, 16, 65536, 128, 3, 0.713024 ms, 141.178 GB/s
   4, 0, Tesla K80, 3.7, 2505, 823, 8388608, 13, 416, 32, 65536, 128, 3, 0.652864 ms, 154.187 GB/s
   5, 0, Tesla K80, 3.7, 2505, 823, 8388608, 13, 832, 64, 65536, 128, 3, 0.641248 ms, 156.98 GB/s
   6, 0, Tesla K80, 3.7, 2505, 823, 8388608, 13, 1664, 128, 65536, 128, 3, 0.642912 ms, 156.574 GB/s
   7, 0, Tesla K80, 3.7, 2505, 823, 8388608, 13, 3328, 256, 65536, 128, 3, 0.642912 ms, 156.574 GB/s
   8, 0, Tesla K80, 3.7, 2505, 823, 8388608, 13, 6656, 512, 65536, 128, 3, 0.64096 ms, 157.051 GB/s
   9, 0, Tesla K80, 3.7, 2505, 823, 8388608, 13, 13312, 1024, 65536, 128, 3, 0.634624 ms, 158.619 GB/s
  10, 0, Tesla K80, 3.7, 2505, 823, 8388608, 13, 26624, 2048, 65536, 128, 3, 0.623616 ms, 161.419 GB/s
  11, 0, Tesla K80, 3.7, 2505, 823, 8388608, 13, 53248, 4096, 65536, 128, 3, 0.614944 ms, 163.695 GB/s
  12, 0, Tesla K80, 3.7, 2505, 823, 8388608, 13, 106496, 8192, 65536, 128, 3, 0.71376 ms, 141.032 GB/s
   0, 0, Tesla K80, 3.7, 2505, 823, 8388608, 13, 26, 2, 32768, 256, 3, 0.832416 ms, 120.929 GB/s
   1, 0, Tesla K80, 3.7, 2505, 823, 8388608, 13, 52, 4, 32768, 256, 3, 0.684032 ms, 147.162 GB/s
   2, 0, Tesla K80, 3.7, 2505, 823, 8388608, 13, 104, 8, 32768, 256, 3, 0.633984 ms, 158.779 GB/s
   3, 0, Tesla K80, 3.7, 2505, 823, 8388608, 13, 208, 16, 32768, 256, 3, 0.649408 ms, 155.008 GB/s
   4, 0, Tesla K80, 3.7, 2505, 823, 8388608, 13, 416, 32, 32768, 256, 3, 0.63792 ms, 157.799 GB/s
   5, 0, Tesla K80, 3.7, 2505, 823, 8388608, 13, 832, 64, 32768, 256, 3, 0.639168 ms, 157.491 GB/s
   6, 0, Tesla K80, 3.7, 2505, 823, 8388608, 13, 1664, 128, 32768, 256, 3, 0.63872 ms, 157.602 GB/s
   7, 0, Tesla K80, 3.7, 2505, 823, 8388608, 13, 3328, 256, 32768, 256, 3, 0.639328 ms, 157.452 GB/s
   8, 0, Tesla K80, 3.7, 2505, 823, 8388608, 13, 6656, 512, 32768, 256, 3, 0.629824 ms, 159.828 GB/s
   9, 0, Tesla K80, 3.7, 2505, 823, 8388608, 13, 13312, 1024, 32768, 256, 3, 0.625856 ms, 160.841 GB/s
  10, 0, Tesla K80, 3.7, 2505, 823, 8388608, 13, 26624, 2048, 32768, 256, 3, 0.614144 ms, 163.908 GB/s
  11, 0, Tesla K80, 3.7, 2505, 823, 8388608, 13, 53248, 4096, 32768, 256, 3, 0.690592 ms, 145.764 GB/s
   0, 0, Tesla K80, 3.7, 2505, 823, 8388608, 13, 26, 2, 16384, 512, 3, 0.684128 ms, 147.141 GB/s
   1, 0, Tesla K80, 3.7, 2505, 823, 8388608, 13, 52, 4, 16384, 512, 3, 0.640032 ms, 157.279 GB/s
   2, 0, Tesla K80, 3.7, 2505, 823, 8388608, 13, 104, 8, 16384, 512, 3, 0.651328 ms, 154.551 GB/s
   3, 0, Tesla K80, 3.7, 2505, 823, 8388608, 13, 208, 16, 16384, 512, 3, 0.633536 ms, 158.891 GB/s
   4, 0, Tesla K80, 3.7, 2505, 823, 8388608, 13, 416, 32, 16384, 512, 3, 0.63456 ms, 158.635 GB/s
   5, 0, Tesla K80, 3.7, 2505, 823, 8388608, 13, 832, 64, 16384, 512, 3, 0.636992 ms, 158.029 GB/s
   6, 0, Tesla K80, 3.7, 2505, 823, 8388608, 13, 1664, 128, 16384, 512, 3, 0.63296 ms, 159.036 GB/s
   7, 0, Tesla K80, 3.7, 2505, 823, 8388608, 13, 3328, 256, 16384, 512, 3, 0.631072 ms, 159.512 GB/s
   8, 0, Tesla K80, 3.7, 2505, 823, 8388608, 13, 6656, 512, 16384, 512, 3, 0.62784 ms, 160.333 GB/s
   9, 0, Tesla K80, 3.7, 2505, 823, 8388608, 13, 13312, 1024, 16384, 512, 3, 0.623936 ms, 161.336 GB/s
  10, 0, Tesla K80, 3.7, 2505, 823, 8388608, 13, 26624, 2048, 16384, 512, 3, 0.703168 ms, 143.157 GB/s
   0, 0, Tesla K80, 3.7, 2505, 823, 8388608, 13, 26, 2, 8192, 1024, 3, 0.636416 ms, 158.172 GB/s
   1, 0, Tesla K80, 3.7, 2505, 823, 8388608, 13, 52, 4, 8192, 1024, 3, 0.649856 ms, 154.901 GB/s
   2, 0, Tesla K80, 3.7, 2505, 823, 8388608, 13, 104, 8, 8192, 1024, 3, 0.632576 ms, 159.132 GB/s
   3, 0, Tesla K80, 3.7, 2505, 823, 8388608, 13, 208, 16, 8192, 1024, 3, 0.630336 ms, 159.698 GB/s
   4, 0, Tesla K80, 3.7, 2505, 823, 8388608, 13, 416, 32, 8192, 1024, 3, 0.628672 ms, 160.121 GB/s
   5, 0, Tesla K80, 3.7, 2505, 823, 8388608, 13, 832, 64, 8192, 1024, 3, 0.637568 ms, 157.886 GB/s
   6, 0, Tesla K80, 3.7, 2505, 823, 8388608, 13, 1664, 128, 8192, 1024, 3, 0.628672 ms, 160.121 GB/s
   7, 0, Tesla K80, 3.7, 2505, 823, 8388608, 13, 3328, 256, 8192, 1024, 3, 0.62752 ms, 160.414 GB/s
   8, 0, Tesla K80, 3.7, 2505, 823, 8388608, 13, 6656, 512, 8192, 1024, 3, 0.629088 ms, 160.015 GB/s
   9, 0, Tesla K80, 3.7, 2505, 823, 8388608, 13, 13312, 1024, 8192, 1024, 3, 0.730688 ms, 137.765 GB/s
   0, 0, Tesla K80, 3.7, 2505, 823, 16777216, 13, 26, 2, 262144, 64, 3, 4.86669 ms, 41.3683 GB/s
   1, 0, Tesla K80, 3.7, 2505, 823, 16777216, 13, 52, 4, 262144, 64, 3, 2.64278 ms, 76.1797 GB/s
   2, 0, Tesla K80, 3.7, 2505, 823, 16777216, 13, 104, 8, 262144, 64, 3, 1.65498 ms, 121.649 GB/s
   3, 0, Tesla K80, 3.7, 2505, 823, 16777216, 13, 208, 16, 262144, 64, 3, 1.36525 ms, 147.465 GB/s
   4, 0, Tesla K80, 3.7, 2505, 823, 16777216, 13, 416, 32, 262144, 64, 3, 1.77706 ms, 113.292 GB/s
   5, 0, Tesla K80, 3.7, 2505, 823, 16777216, 13, 832, 64, 262144, 64, 3, 1.39405 ms, 144.419 GB/s
   6, 0, Tesla K80, 3.7, 2505, 823, 16777216, 13, 1664, 128, 262144, 64, 3, 1.38758 ms, 145.091 GB/s
   7, 0, Tesla K80, 3.7, 2505, 823, 16777216, 13, 3328, 256, 262144, 64, 3, 1.38746 ms, 145.105 GB/s
   8, 0, Tesla K80, 3.7, 2505, 823, 16777216, 13, 6656, 512, 262144, 64, 3, 1.40144 ms, 143.657 GB/s
   9, 0, Tesla K80, 3.7, 2505, 823, 16777216, 13, 13312, 1024, 262144, 64, 3, 1.38736 ms, 145.115 GB/s
  10, 0, Tesla K80, 3.7, 2505, 823, 16777216, 13, 26624, 2048, 262144, 64, 3, 1.37075 ms, 146.873 GB/s
  11, 0, Tesla K80, 3.7, 2505, 823, 16777216, 13, 53248, 4096, 262144, 64, 3, 1.38704 ms, 145.148 GB/s
  12, 0, Tesla K80, 3.7, 2505, 823, 16777216, 13, 106496, 8192, 262144, 64, 3, 1.37958 ms, 145.933 GB/s
  13, 0, Tesla K80, 3.7, 2505, 823, 16777216, 13, 212992, 16384, 262144, 64, 3, 1.41741 ms, 142.039 GB/s
  14, 0, Tesla K80, 3.7, 2505, 823, 16777216, 13, 425984, 32768, 262144, 64, 3, 1.85533 ms, 108.513 GB/s
   0, 0, Tesla K80, 3.7, 2505, 823, 16777216, 13, 26, 2, 131072, 128, 3, 2.64522 ms, 76.1097 GB/s
   1, 0, Tesla K80, 3.7, 2505, 823, 16777216, 13, 52, 4, 131072, 128, 3, 1.65795 ms, 121.431 GB/s
   2, 0, Tesla K80, 3.7, 2505, 823, 16777216, 13, 104, 8, 131072, 128, 3, 1.36694 ms, 147.282 GB/s
   3, 0, Tesla K80, 3.7, 2505, 823, 16777216, 13, 208, 16, 131072, 128, 3, 1.62256 ms, 124.08 GB/s
   4, 0, Tesla K80, 3.7, 2505, 823, 16777216, 13, 416, 32, 131072, 128, 3, 1.33853 ms, 150.409 GB/s
   5, 0, Tesla K80, 3.7, 2505, 823, 16777216, 13, 832, 64, 131072, 128, 3, 1.27408 ms, 158.017 GB/s
   6, 0, Tesla K80, 3.7, 2505, 823, 16777216, 13, 1664, 128, 131072, 128, 3, 1.28253 ms, 156.976 GB/s
   7, 0, Tesla K80, 3.7, 2505, 823, 16777216, 13, 3328, 256, 131072, 128, 3, 1.28314 ms, 156.902 GB/s
   8, 0, Tesla K80, 3.7, 2505, 823, 16777216, 13, 6656, 512, 131072, 128, 3, 1.2825 ms, 156.98 GB/s
   9, 0, Tesla K80, 3.7, 2505, 823, 16777216, 13, 13312, 1024, 131072, 128, 3, 1.27258 ms, 158.204 GB/s
  10, 0, Tesla K80, 3.7, 2505, 823, 16777216, 13, 26624, 2048, 131072, 128, 3, 1.2608 ms, 159.682 GB/s
  11, 0, Tesla K80, 3.7, 2505, 823, 16777216, 13, 53248, 4096, 131072, 128, 3, 1.23482 ms, 163.042 GB/s
  12, 0, Tesla K80, 3.7, 2505, 823, 16777216, 13, 106496, 8192, 131072, 128, 3, 1.20851 ms, 166.59 GB/s
  13, 0, Tesla K80, 3.7, 2505, 823, 16777216, 13, 212992, 16384, 131072, 128, 3, 1.40637 ms, 143.154 GB/s
   0, 0, Tesla K80, 3.7, 2505, 823, 16777216, 13, 26, 2, 65536, 256, 3, 1.65405 ms, 121.718 GB/s
   1, 0, Tesla K80, 3.7, 2505, 823, 16777216, 13, 52, 4, 65536, 256, 3, 1.36406 ms, 147.593 GB/s
   2, 0, Tesla K80, 3.7, 2505, 823, 16777216, 13, 104, 8, 65536, 256, 3, 1.58954 ms, 126.657 GB/s
   3, 0, Tesla K80, 3.7, 2505, 823, 16777216, 13, 208, 16, 65536, 256, 3, 1.34544 ms, 149.636 GB/s
   4, 0, Tesla K80, 3.7, 2505, 823, 16777216, 13, 416, 32, 65536, 256, 3, 1.26851 ms, 158.711 GB/s
   5, 0, Tesla K80, 3.7, 2505, 823, 16777216, 13, 832, 64, 65536, 256, 3, 1.27722 ms, 157.629 GB/s
   6, 0, Tesla K80, 3.7, 2505, 823, 16777216, 13, 1664, 128, 65536, 256, 3, 1.27891 ms, 157.42 GB/s
   7, 0, Tesla K80, 3.7, 2505, 823, 16777216, 13, 3328, 256, 65536, 256, 3, 1.28323 ms, 156.89 GB/s
   8, 0, Tesla K80, 3.7, 2505, 823, 16777216, 13, 6656, 512, 65536, 256, 3, 1.27376 ms, 158.057 GB/s
   9, 0, Tesla K80, 3.7, 2505, 823, 16777216, 13, 13312, 1024, 65536, 256, 3, 1.2608 ms, 159.682 GB/s
  10, 0, Tesla K80, 3.7, 2505, 823, 16777216, 13, 26624, 2048, 65536, 256, 3, 1.23827 ms, 162.587 GB/s
  11, 0, Tesla K80, 3.7, 2505, 823, 16777216, 13, 53248, 4096, 65536, 256, 3, 1.22067 ms, 164.931 GB/s
  12, 0, Tesla K80, 3.7, 2505, 823, 16777216, 13, 106496, 8192, 65536, 256, 3, 1.36666 ms, 147.313 GB/s
   0, 0, Tesla K80, 3.7, 2505, 823, 16777216, 13, 26, 2, 32768, 512, 3, 1.3641 ms, 147.59 GB/s
   1, 0, Tesla K80, 3.7, 2505, 823, 16777216, 13, 52, 4, 32768, 512, 3, 1.64371 ms, 122.483 GB/s
   2, 0, Tesla K80, 3.7, 2505, 823, 16777216, 13, 104, 8, 32768, 512, 3, 1.33494 ms, 150.813 GB/s
   3, 0, Tesla K80, 3.7, 2505, 823, 16777216, 13, 208, 16, 32768, 512, 3, 1.27203 ms, 158.272 GB/s
   4, 0, Tesla K80, 3.7, 2505, 823, 16777216, 13, 416, 32, 32768, 512, 3, 1.26691 ms, 158.911 GB/s
   5, 0, Tesla K80, 3.7, 2505, 823, 16777216, 13, 832, 64, 32768, 512, 3, 1.27498 ms, 157.906 GB/s
   6, 0, Tesla K80, 3.7, 2505, 823, 16777216, 13, 1664, 128, 32768, 512, 3, 1.27117 ms, 158.379 GB/s
   7, 0, Tesla K80, 3.7, 2505, 823, 16777216, 13, 3328, 256, 32768, 512, 3, 1.26752 ms, 158.835 GB/s
   8, 0, Tesla K80, 3.7, 2505, 823, 16777216, 13, 6656, 512, 32768, 512, 3, 1.25744 ms, 160.108 GB/s
   9, 0, Tesla K80, 3.7, 2505, 823, 16777216, 13, 13312, 1024, 32768, 512, 3, 1.23722 ms, 162.726 GB/s
  10, 0, Tesla K80, 3.7, 2505, 823, 16777216, 13, 26624, 2048, 32768, 512, 3, 1.23251 ms, 163.347 GB/s
  11, 0, Tesla K80, 3.7, 2505, 823, 16777216, 13, 53248, 4096, 32768, 512, 3, 1.39587 ms, 144.23 GB/s
   0, 0, Tesla K80, 3.7, 2505, 823, 16777216, 13, 26, 2, 16384, 1024, 3, 1.61818 ms, 124.416 GB/s
   1, 0, Tesla K80, 3.7, 2505, 823, 16777216, 13, 52, 4, 16384, 1024, 3, 1.31738 ms, 152.824 GB/s
   2, 0, Tesla K80, 3.7, 2505, 823, 16777216, 13, 104, 8, 16384, 1024, 3, 1.26371 ms, 159.314 GB/s
   3, 0, Tesla K80, 3.7, 2505, 823, 16777216, 13, 208, 16, 16384, 1024, 3, 1.2641 ms, 159.265 GB/s
   4, 0, Tesla K80, 3.7, 2505, 823, 16777216, 13, 416, 32, 16384, 1024, 3, 1.25094 ms, 160.94 GB/s
   5, 0, Tesla K80, 3.7, 2505, 823, 16777216, 13, 832, 64, 16384, 1024, 3, 1.25946 ms, 159.852 GB/s
   6, 0, Tesla K80, 3.7, 2505, 823, 16777216, 13, 1664, 128, 16384, 1024, 3, 1.26032 ms, 159.742 GB/s
   7, 0, Tesla K80, 3.7, 2505, 823, 16777216, 13, 3328, 256, 16384, 1024, 3, 1.24864 ms, 161.237 GB/s
   8, 0, Tesla K80, 3.7, 2505, 823, 16777216, 13, 6656, 512, 16384, 1024, 3, 1.24384 ms, 161.859 GB/s
   9, 0, Tesla K80, 3.7, 2505, 823, 16777216, 13, 13312, 1024, 16384, 1024, 3, 1.24707 ms, 161.439 GB/s
  10, 0, Tesla K80, 3.7, 2505, 823, 16777216, 13, 26624, 2048, 16384, 1024, 3, 1.45251 ms, 138.606 GB/s
   0, 0, Tesla K80, 3.7, 2505, 823, 33554432, 13, 26, 2, 524288, 64, 3, 9.71501 ms, 41.4465 GB/s
   1, 0, Tesla K80, 3.7, 2505, 823, 33554432, 13, 52, 4, 524288, 64, 3, 5.31088 ms, 75.8167 GB/s
   2, 0, Tesla K80, 3.7, 2505, 823, 33554432, 13, 104, 8, 524288, 64, 3, 3.3168 ms, 121.398 GB/s
   3, 0, Tesla K80, 3.7, 2505, 823, 33554432, 13, 208, 16, 524288, 64, 3, 2.7304 ms, 147.47 GB/s
   4, 0, Tesla K80, 3.7, 2505, 823, 33554432, 13, 416, 32, 524288, 64, 3, 3.67984 ms, 109.421 GB/s
   5, 0, Tesla K80, 3.7, 2505, 823, 33554432, 13, 832, 64, 524288, 64, 3, 2.7735 ms, 145.179 GB/s
   6, 0, Tesla K80, 3.7, 2505, 823, 33554432, 13, 1664, 128, 524288, 64, 3, 2.76723 ms, 145.508 GB/s
   7, 0, Tesla K80, 3.7, 2505, 823, 33554432, 13, 3328, 256, 524288, 64, 3, 2.78214 ms, 144.728 GB/s
   8, 0, Tesla K80, 3.7, 2505, 823, 33554432, 13, 6656, 512, 524288, 64, 3, 2.79123 ms, 144.256 GB/s
   9, 0, Tesla K80, 3.7, 2505, 823, 33554432, 13, 13312, 1024, 524288, 64, 3, 2.75776 ms, 146.007 GB/s
  10, 0, Tesla K80, 3.7, 2505, 823, 33554432, 13, 26624, 2048, 524288, 64, 3, 2.71318 ms, 148.406 GB/s
  11, 0, Tesla K80, 3.7, 2505, 823, 33554432, 13, 53248, 4096, 524288, 64, 3, 2.73158 ms, 147.406 GB/s
  12, 0, Tesla K80, 3.7, 2505, 823, 33554432, 13, 106496, 8192, 524288, 64, 3, 2.75104 ms, 146.364 GB/s
  13, 0, Tesla K80, 3.7, 2505, 823, 33554432, 13, 212992, 16384, 524288, 64, 3, 2.74912 ms, 146.466 GB/s
  14, 0, Tesla K80, 3.7, 2505, 823, 33554432, 13, 425984, 32768, 524288, 64, 3, 2.8168 ms, 142.947 GB/s
  15, 0, Tesla K80, 3.7, 2505, 823, 33554432, 13, 851968, 65536, 524288, 64, 3, 3.70077 ms, 108.803 GB/s
   0, 0, Tesla K80, 3.7, 2505, 823, 33554432, 13, 26, 2, 262144, 128, 3, 5.29997 ms, 75.9728 GB/s
   1, 0, Tesla K80, 3.7, 2505, 823, 33554432, 13, 52, 4, 262144, 128, 3, 3.31718 ms, 121.384 GB/s
   2, 0, Tesla K80, 3.7, 2505, 823, 33554432, 13, 104, 8, 262144, 128, 3, 2.73805 ms, 147.058 GB/s
   3, 0, Tesla K80, 3.7, 2505, 823, 33554432, 13, 208, 16, 262144, 128, 3, 3.38147 ms, 119.076 GB/s
   4, 0, Tesla K80, 3.7, 2505, 823, 33554432, 13, 416, 32, 262144, 128, 3, 2.7208 ms, 147.991 GB/s
   5, 0, Tesla K80, 3.7, 2505, 823, 33554432, 13, 832, 64, 262144, 128, 3, 2.56957 ms, 156.701 GB/s
   6, 0, Tesla K80, 3.7, 2505, 823, 33554432, 13, 1664, 128, 262144, 128, 3, 2.56291 ms, 157.108 GB/s
   7, 0, Tesla K80, 3.7, 2505, 823, 33554432, 13, 3328, 256, 262144, 128, 3, 2.57504 ms, 156.368 GB/s
   8, 0, Tesla K80, 3.7, 2505, 823, 33554432, 13, 6656, 512, 262144, 128, 3, 2.57242 ms, 156.527 GB/s
   9, 0, Tesla K80, 3.7, 2505, 823, 33554432, 13, 13312, 1024, 262144, 128, 3, 2.56026 ms, 157.271 GB/s
  10, 0, Tesla K80, 3.7, 2505, 823, 33554432, 13, 26624, 2048, 262144, 128, 3, 2.57757 ms, 156.214 GB/s
  11, 0, Tesla K80, 3.7, 2505, 823, 33554432, 13, 53248, 4096, 262144, 128, 3, 2.51162 ms, 160.316 GB/s
  12, 0, Tesla K80, 3.7, 2505, 823, 33554432, 13, 106496, 8192, 262144, 128, 3, 2.45792 ms, 163.819 GB/s
  13, 0, Tesla K80, 3.7, 2505, 823, 33554432, 13, 212992, 16384, 262144, 128, 3, 2.40758 ms, 167.244 GB/s
  14, 0, Tesla K80, 3.7, 2505, 823, 33554432, 13, 425984, 32768, 262144, 128, 3, 2.79568 ms, 144.027 GB/s
   0, 0, Tesla K80, 3.7, 2505, 823, 33554432, 13, 26, 2, 131072, 256, 3, 3.3143 ms, 121.49 GB/s
   1, 0, Tesla K80, 3.7, 2505, 823, 33554432, 13, 52, 4, 131072, 256, 3, 2.73558 ms, 147.191 GB/s
   2, 0, Tesla K80, 3.7, 2505, 823, 33554432, 13, 104, 8, 131072, 256, 3, 3.3695 ms, 119.499 GB/s
   3, 0, Tesla K80, 3.7, 2505, 823, 33554432, 13, 208, 16, 131072, 256, 3, 2.66608 ms, 151.028 GB/s
   4, 0, Tesla K80, 3.7, 2505, 823, 33554432, 13, 416, 32, 131072, 256, 3, 2.56726 ms, 156.841 GB/s
   5, 0, Tesla K80, 3.7, 2505, 823, 33554432, 13, 832, 64, 131072, 256, 3, 2.55728 ms, 157.454 GB/s
   6, 0, Tesla K80, 3.7, 2505, 823, 33554432, 13, 1664, 128, 131072, 256, 3, 2.5777 ms, 156.207 GB/s
   7, 0, Tesla K80, 3.7, 2505, 823, 33554432, 13, 3328, 256, 131072, 256, 3, 2.57446 ms, 156.403 GB/s
   8, 0, Tesla K80, 3.7, 2505, 823, 33554432, 13, 6656, 512, 131072, 256, 3, 2.56288 ms, 157.11 GB/s
   9, 0, Tesla K80, 3.7, 2505, 823, 33554432, 13, 13312, 1024, 131072, 256, 3, 2.5808 ms, 156.019 GB/s
  10, 0, Tesla K80, 3.7, 2505, 823, 33554432, 13, 26624, 2048, 131072, 256, 3, 2.5081 ms, 160.541 GB/s
  11, 0, Tesla K80, 3.7, 2505, 823, 33554432, 13, 53248, 4096, 131072, 256, 3, 2.46419 ms, 163.402 GB/s
  12, 0, Tesla K80, 3.7, 2505, 823, 33554432, 13, 106496, 8192, 131072, 256, 3, 2.42224 ms, 166.232 GB/s
  13, 0, Tesla K80, 3.7, 2505, 823, 33554432, 13, 212992, 16384, 131072, 256, 3, 2.72614 ms, 147.701 GB/s
   0, 0, Tesla K80, 3.7, 2505, 823, 33554432, 13, 26, 2, 65536, 512, 3, 2.73782 ms, 147.071 GB/s
   1, 0, Tesla K80, 3.7, 2505, 823, 33554432, 13, 52, 4, 65536, 512, 3, 3.41869 ms, 117.78 GB/s
   2, 0, Tesla K80, 3.7, 2505, 823, 33554432, 13, 104, 8, 65536, 512, 3, 2.58342 ms, 155.86 GB/s
   3, 0, Tesla K80, 3.7, 2505, 823, 33554432, 13, 208, 16, 65536, 512, 3, 2.55648 ms, 157.503 GB/s
   4, 0, Tesla K80, 3.7, 2505, 823, 33554432, 13, 416, 32, 65536, 512, 3, 2.54733 ms, 158.069 GB/s
   5, 0, Tesla K80, 3.7, 2505, 823, 33554432, 13, 832, 64, 65536, 512, 3, 2.56784 ms, 156.806 GB/s
   6, 0, Tesla K80, 3.7, 2505, 823, 33554432, 13, 1664, 128, 65536, 512, 3, 2.56314 ms, 157.094 GB/s
   7, 0, Tesla K80, 3.7, 2505, 823, 33554432, 13, 3328, 256, 65536, 512, 3, 2.5593 ms, 157.33 GB/s
   8, 0, Tesla K80, 3.7, 2505, 823, 33554432, 13, 6656, 512, 65536, 512, 3, 2.5777 ms, 156.207 GB/s
   9, 0, Tesla K80, 3.7, 2505, 823, 33554432, 13, 13312, 1024, 65536, 512, 3, 2.50496 ms, 160.742 GB/s
  10, 0, Tesla K80, 3.7, 2505, 823, 33554432, 13, 26624, 2048, 65536, 512, 3, 2.47491 ms, 162.694 GB/s
  11, 0, Tesla K80, 3.7, 2505, 823, 33554432, 13, 53248, 4096, 65536, 512, 3, 2.45338 ms, 164.122 GB/s
  12, 0, Tesla K80, 3.7, 2505, 823, 33554432, 13, 106496, 8192, 65536, 512, 3, 2.7753 ms, 145.085 GB/s
   0, 0, Tesla K80, 3.7, 2505, 823, 33554432, 13, 26, 2, 32768, 1024, 3, 3.46317 ms, 116.267 GB/s
   1, 0, Tesla K80, 3.7, 2505, 823, 33554432, 13, 52, 4, 32768, 1024, 3, 2.65386 ms, 151.724 GB/s
   2, 0, Tesla K80, 3.7, 2505, 823, 33554432, 13, 104, 8, 32768, 1024, 3, 2.54064 ms, 158.485 GB/s
   3, 0, Tesla K80, 3.7, 2505, 823, 33554432, 13, 208, 16, 32768, 1024, 3, 2.54029 ms, 158.507 GB/s
   4, 0, Tesla K80, 3.7, 2505, 823, 33554432, 13, 416, 32, 32768, 1024, 3, 2.54589 ms, 158.158 GB/s
   5, 0, Tesla K80, 3.7, 2505, 823, 33554432, 13, 832, 64, 32768, 1024, 3, 2.53987 ms, 158.533 GB/s
   6, 0, Tesla K80, 3.7, 2505, 823, 33554432, 13, 1664, 128, 32768, 1024, 3, 2.53808 ms, 158.645 GB/s
   7, 0, Tesla K80, 3.7, 2505, 823, 33554432, 13, 3328, 256, 32768, 1024, 3, 2.55968 ms, 157.306 GB/s
   8, 0, Tesla K80, 3.7, 2505, 823, 33554432, 13, 6656, 512, 32768, 1024, 3, 2.49446 ms, 161.419 GB/s
   9, 0, Tesla K80, 3.7, 2505, 823, 33554432, 13, 13312, 1024, 32768, 1024, 3, 2.47626 ms, 162.606 GB/s
  10, 0, Tesla K80, 3.7, 2505, 823, 33554432, 13, 26624, 2048, 32768, 1024, 3, 2.48118 ms, 162.283 GB/s
  11, 0, Tesla K80, 3.7, 2505, 823, 33554432, 13, 53248, 4096, 32768, 1024, 3, 2.88083 ms, 139.77 GB/s
   0, 0, Tesla K80, 3.7, 2505, 823, 67108864, 13, 26, 2, 1048576, 64, 3, 19.4105 ms, 41.4882 GB/s
   1, 0, Tesla K80, 3.7, 2505, 823, 67108864, 13, 52, 4, 1048576, 64, 3, 10.6415 ms, 75.676 GB/s
   2, 0, Tesla K80, 3.7, 2505, 823, 67108864, 13, 104, 8, 1048576, 64, 3, 6.66838 ms, 120.765 GB/s
   3, 0, Tesla K80, 3.7, 2505, 823, 67108864, 13, 208, 16, 1048576, 64, 3, 5.50458 ms, 146.298 GB/s
   4, 0, Tesla K80, 3.7, 2505, 823, 67108864, 13, 416, 32, 1048576, 64, 3, 5.53818 ms, 145.41 GB/s
   5, 0, Tesla K80, 3.7, 2505, 823, 67108864, 13, 832, 64, 1048576, 64, 3, 5.52717 ms, 145.7 GB/s
   6, 0, Tesla K80, 3.7, 2505, 823, 67108864, 13, 1664, 128, 1048576, 64, 3, 5.57027 ms, 144.572 GB/s
   7, 0, Tesla K80, 3.7, 2505, 823, 67108864, 13, 3328, 256, 1048576, 64, 3, 5.58128 ms, 144.287 GB/s
   8, 0, Tesla K80, 3.7, 2505, 823, 67108864, 13, 6656, 512, 1048576, 64, 3, 5.61181 ms, 143.502 GB/s
   9, 0, Tesla K80, 3.7, 2505, 823, 67108864, 13, 13312, 1024, 1048576, 64, 3, 5.54851 ms, 145.139 GB/s
  10, 0, Tesla K80, 3.7, 2505, 823, 67108864, 13, 26624, 2048, 1048576, 64, 3, 5.47235 ms, 147.159 GB/s
  11, 0, Tesla K80, 3.7, 2505, 823, 67108864, 13, 53248, 4096, 1048576, 64, 3, 5.46403 ms, 147.383 GB/s
  12, 0, Tesla K80, 3.7, 2505, 823, 67108864, 13, 106496, 8192, 1048576, 64, 3, 5.48672 ms, 146.774 GB/s
  13, 0, Tesla K80, 3.7, 2505, 823, 67108864, 13, 212992, 16384, 1048576, 64, 3, 5.4647 ms, 147.365 GB/s
  14, 0, Tesla K80, 3.7, 2505, 823, 67108864, 13, 425984, 32768, 1048576, 64, 3, 5.46301 ms, 147.411 GB/s
  15, 0, Tesla K80, 3.7, 2505, 823, 67108864, 13, 851968, 65536, 1048576, 64, 3, 5.61146 ms, 143.511 GB/s
  16, 0, Tesla K80, 3.7, 2505, 823, 67108864, 13, 1703936, 131072, 1048576, 64, 3, 7.39491 ms, 108.9 GB/s
   0, 0, Tesla K80, 3.7, 2505, 823, 67108864, 13, 26, 2, 524288, 128, 3, 10.6596 ms, 75.5472 GB/s
   1, 0, Tesla K80, 3.7, 2505, 823, 67108864, 13, 52, 4, 524288, 128, 3, 6.6697 ms, 120.741 GB/s
   2, 0, Tesla K80, 3.7, 2505, 823, 67108864, 13, 104, 8, 524288, 128, 3, 5.50214 ms, 146.362 GB/s
   3, 0, Tesla K80, 3.7, 2505, 823, 67108864, 13, 208, 16, 524288, 128, 3, 7.22829 ms, 111.41 GB/s
   4, 0, Tesla K80, 3.7, 2505, 823, 67108864, 13, 416, 32, 524288, 128, 3, 5.31827 ms, 151.423 GB/s
   5, 0, Tesla K80, 3.7, 2505, 823, 67108864, 13, 832, 64, 524288, 128, 3, 5.16918 ms, 155.79 GB/s
   6, 0, Tesla K80, 3.7, 2505, 823, 67108864, 13, 1664, 128, 524288, 128, 3, 5.15834 ms, 156.117 GB/s
   7, 0, Tesla K80, 3.7, 2505, 823, 67108864, 13, 3328, 256, 524288, 128, 3, 5.17555 ms, 155.598 GB/s
   8, 0, Tesla K80, 3.7, 2505, 823, 67108864, 13, 6656, 512, 524288, 128, 3, 5.17219 ms, 155.699 GB/s
   9, 0, Tesla K80, 3.7, 2505, 823, 67108864, 13, 13312, 1024, 524288, 128, 3, 5.15987 ms, 156.071 GB/s
  10, 0, Tesla K80, 3.7, 2505, 823, 67108864, 13, 26624, 2048, 524288, 128, 3, 5.22048 ms, 154.259 GB/s
  11, 0, Tesla K80, 3.7, 2505, 823, 67108864, 13, 53248, 4096, 524288, 128, 3, 5.16115 ms, 156.032 GB/s
  12, 0, Tesla K80, 3.7, 2505, 823, 67108864, 13, 106496, 8192, 524288, 128, 3, 5.03318 ms, 159.999 GB/s
  13, 0, Tesla K80, 3.7, 2505, 823, 67108864, 13, 212992, 16384, 524288, 128, 3, 4.91645 ms, 163.798 GB/s
  14, 0, Tesla K80, 3.7, 2505, 823, 67108864, 13, 425984, 32768, 524288, 128, 3, 4.78294 ms, 168.37 GB/s
  15, 0, Tesla K80, 3.7, 2505, 823, 67108864, 13, 851968, 65536, 524288, 128, 3, 5.57584 ms, 144.428 GB/s
   0, 0, Tesla K80, 3.7, 2505, 823, 67108864, 13, 26, 2, 262144, 256, 3, 6.65558 ms, 120.997 GB/s
   1, 0, Tesla K80, 3.7, 2505, 823, 67108864, 13, 52, 4, 262144, 256, 3, 5.50627 ms, 146.253 GB/s
   2, 0, Tesla K80, 3.7, 2505, 823, 67108864, 13, 104, 8, 262144, 256, 3, 7.18954 ms, 112.011 GB/s
   3, 0, Tesla K80, 3.7, 2505, 823, 67108864, 13, 208, 16, 262144, 256, 3, 5.28886 ms, 152.265 GB/s
   4, 0, Tesla K80, 3.7, 2505, 823, 67108864, 13, 416, 32, 262144, 256, 3, 5.16694 ms, 155.857 GB/s
   5, 0, Tesla K80, 3.7, 2505, 823, 67108864, 13, 832, 64, 262144, 256, 3, 5.15046 ms, 156.356 GB/s
   6, 0, Tesla K80, 3.7, 2505, 823, 67108864, 13, 1664, 128, 262144, 256, 3, 5.17296 ms, 155.676 GB/s
   7, 0, Tesla K80, 3.7, 2505, 823, 67108864, 13, 3328, 256, 262144, 256, 3, 5.18 ms, 155.465 GB/s
   8, 0, Tesla K80, 3.7, 2505, 823, 67108864, 13, 6656, 512, 262144, 256, 3, 5.16115 ms, 156.032 GB/s
   9, 0, Tesla K80, 3.7, 2505, 823, 67108864, 13, 13312, 1024, 262144, 256, 3, 5.22573 ms, 154.104 GB/s
  10, 0, Tesla K80, 3.7, 2505, 823, 67108864, 13, 26624, 2048, 262144, 256, 3, 5.16314 ms, 155.972 GB/s
  11, 0, Tesla K80, 3.7, 2505, 823, 67108864, 13, 53248, 4096, 262144, 256, 3, 5.0335 ms, 159.989 GB/s
  12, 0, Tesla K80, 3.7, 2505, 823, 67108864, 13, 106496, 8192, 262144, 256, 3, 4.91702 ms, 163.779 GB/s
  13, 0, Tesla K80, 3.7, 2505, 823, 67108864, 13, 212992, 16384, 262144, 256, 3, 4.82102 ms, 167.041 GB/s
  14, 0, Tesla K80, 3.7, 2505, 823, 67108864, 13, 425984, 32768, 262144, 256, 3, 5.4255 ms, 148.43 GB/s
   0, 0, Tesla K80, 3.7, 2505, 823, 67108864, 13, 26, 2, 131072, 512, 3, 5.49747 ms, 146.487 GB/s
   1, 0, Tesla K80, 3.7, 2505, 823, 67108864, 13, 52, 4, 131072, 512, 3, 7.13722 ms, 112.832 GB/s
   2, 0, Tesla K80, 3.7, 2505, 823, 67108864, 13, 104, 8, 131072, 512, 3, 5.2935 ms, 152.131 GB/s
   3, 0, Tesla K80, 3.7, 2505, 823, 67108864, 13, 208, 16, 131072, 512, 3, 5.16186 ms, 156.011 GB/s
   4, 0, Tesla K80, 3.7, 2505, 823, 67108864, 13, 416, 32, 131072, 512, 3, 5.152 ms, 156.309 GB/s
   5, 0, Tesla K80, 3.7, 2505, 823, 67108864, 13, 832, 64, 131072, 512, 3, 5.16058 ms, 156.05 GB/s
   6, 0, Tesla K80, 3.7, 2505, 823, 67108864, 13, 1664, 128, 131072, 512, 3, 5.16237 ms, 155.996 GB/s
   7, 0, Tesla K80, 3.7, 2505, 823, 67108864, 13, 3328, 256, 131072, 512, 3, 5.15776 ms, 156.135 GB/s
   8, 0, Tesla K80, 3.7, 2505, 823, 67108864, 13, 6656, 512, 131072, 512, 3, 5.2263 ms, 154.087 GB/s
   9, 0, Tesla K80, 3.7, 2505, 823, 67108864, 13, 13312, 1024, 131072, 512, 3, 5.15818 ms, 156.122 GB/s
  10, 0, Tesla K80, 3.7, 2505, 823, 67108864, 13, 26624, 2048, 131072, 512, 3, 5.02618 ms, 160.222 GB/s
  11, 0, Tesla K80, 3.7, 2505, 823, 67108864, 13, 53248, 4096, 131072, 512, 3, 4.94522 ms, 162.846 GB/s
  12, 0, Tesla K80, 3.7, 2505, 823, 67108864, 13, 106496, 8192, 131072, 512, 3, 4.88915 ms, 164.713 GB/s
  13, 0, Tesla K80, 3.7, 2505, 823, 67108864, 13, 212992, 16384, 131072, 512, 3, 5.5375 ms, 145.428 GB/s
   0, 0, Tesla K80, 3.7, 2505, 823, 67108864, 13, 26, 2, 65536, 1024, 3, 7.15958 ms, 112.479 GB/s
   1, 0, Tesla K80, 3.7, 2505, 823, 67108864, 13, 52, 4, 65536, 1024, 3, 5.2568 ms, 153.193 GB/s
   2, 0, Tesla K80, 3.7, 2505, 823, 67108864, 13, 104, 8, 65536, 1024, 3, 5.14787 ms, 156.435 GB/s
   3, 0, Tesla K80, 3.7, 2505, 823, 67108864, 13, 208, 16, 65536, 1024, 3, 5.11059 ms, 157.576 GB/s
   4, 0, Tesla K80, 3.7, 2505, 823, 67108864, 13, 416, 32, 65536, 1024, 3, 5.12531 ms, 157.123 GB/s
   5, 0, Tesla K80, 3.7, 2505, 823, 67108864, 13, 832, 64, 65536, 1024, 3, 5.11232 ms, 157.523 GB/s
   6, 0, Tesla K80, 3.7, 2505, 823, 67108864, 13, 1664, 128, 65536, 1024, 3, 5.14429 ms, 156.544 GB/s
   7, 0, Tesla K80, 3.7, 2505, 823, 67108864, 13, 3328, 256, 65536, 1024, 3, 5.20848 ms, 154.614 GB/s
   8, 0, Tesla K80, 3.7, 2505, 823, 67108864, 13, 6656, 512, 65536, 1024, 3, 5.1376 ms, 156.748 GB/s
   9, 0, Tesla K80, 3.7, 2505, 823, 67108864, 13, 13312, 1024, 65536, 1024, 3, 5.01062 ms, 160.72 GB/s
  10, 0, Tesla K80, 3.7, 2505, 823, 67108864, 13, 26624, 2048, 65536, 1024, 3, 4.93069 ms, 163.325 GB/s
  11, 0, Tesla K80, 3.7, 2505, 823, 67108864, 13, 53248, 4096, 65536, 1024, 3, 4.93706 ms, 163.115 GB/s
  12, 0, Tesla K80, 3.7, 2505, 823, 67108864, 13, 106496, 8192, 65536, 1024, 3, 5.75216 ms, 140.001 GB/s
   0, 0, Tesla K80, 3.7, 2505, 823, 134217728, 13, 26, 2, 2097152, 64, 3, 38.8124 ms, 41.4974 GB/s
   1, 0, Tesla K80, 3.7, 2505, 823, 134217728, 13, 52, 4, 2097152, 64, 3, 21.3469 ms, 75.4493 GB/s
   2, 0, Tesla K80, 3.7, 2505, 823, 134217728, 13, 104, 8, 2097152, 64, 3, 13.3905 ms, 120.28 GB/s
   3, 0, Tesla K80, 3.7, 2505, 823, 134217728, 13, 208, 16, 2097152, 64, 3, 11.073 ms, 145.454 GB/s
   4, 0, Tesla K80, 3.7, 2505, 823, 134217728, 13, 416, 32, 2097152, 64, 3, 11.1096 ms, 144.974 GB/s
   5, 0, Tesla K80, 3.7, 2505, 823, 134217728, 13, 832, 64, 2097152, 64, 3, 11.1092 ms, 144.98 GB/s
   6, 0, Tesla K80, 3.7, 2505, 823, 134217728, 13, 1664, 128, 2097152, 64, 3, 11.1853 ms, 143.994 GB/s
   7, 0, Tesla K80, 3.7, 2505, 823, 134217728, 13, 3328, 256, 2097152, 64, 3, 11.2601 ms, 143.038 GB/s
   8, 0, Tesla K80, 3.7, 2505, 823, 134217728, 13, 6656, 512, 2097152, 64, 3, 11.2823 ms, 142.756 GB/s
   9, 0, Tesla K80, 3.7, 2505, 823, 134217728, 13, 13312, 1024, 2097152, 64, 3, 11.242 ms, 143.268 GB/s
  10, 0, Tesla K80, 3.7, 2505, 823, 134217728, 13, 26624, 2048, 2097152, 64, 3, 11.0644 ms, 145.566 GB/s
  11, 0, Tesla K80, 3.7, 2505, 823, 134217728, 13, 53248, 4096, 2097152, 64, 3, 11.0279 ms, 146.049 GB/s
  12, 0, Tesla K80, 3.7, 2505, 823, 134217728, 13, 106496, 8192, 2097152, 64, 3, 11.017 ms, 146.193 GB/s
  13, 0, Tesla K80, 3.7, 2505, 823, 134217728, 13, 212992, 16384, 2097152, 64, 3, 10.8512 ms, 148.428 GB/s
  14, 0, Tesla K80, 3.7, 2505, 823, 134217728, 13, 425984, 32768, 2097152, 64, 3, 10.903 ms, 147.721 GB/s
  15, 0, Tesla K80, 3.7, 2505, 823, 134217728, 13, 851968, 65536, 2097152, 64, 3, 10.8304 ms, 148.712 GB/s
  16, 0, Tesla K80, 3.7, 2505, 823, 134217728, 13, 1703936, 131072, 2097152, 64, 3, 11.1802 ms, 144.059 GB/s
  17, 0, Tesla K80, 3.7, 2505, 823, 134217728, 13, 3407872, 262144, 2097152, 64, 3, 14.7435 ms, 109.243 GB/s
   0, 0, Tesla K80, 3.7, 2505, 823, 134217728, 13, 26, 2, 1048576, 128, 3, 21.3575 ms, 75.412 GB/s
   1, 0, Tesla K80, 3.7, 2505, 823, 134217728, 13, 52, 4, 1048576, 128, 3, 13.3653 ms, 120.507 GB/s
   2, 0, Tesla K80, 3.7, 2505, 823, 134217728, 13, 104, 8, 1048576, 128, 3, 11.0791 ms, 145.374 GB/s
   3, 0, Tesla K80, 3.7, 2505, 823, 134217728, 13, 208, 16, 1048576, 128, 3, 10.3939 ms, 154.958 GB/s
   4, 0, Tesla K80, 3.7, 2505, 823, 134217728, 13, 416, 32, 1048576, 128, 3, 10.4305 ms, 154.414 GB/s
   5, 0, Tesla K80, 3.7, 2505, 823, 134217728, 13, 832, 64, 1048576, 128, 3, 10.4103 ms, 154.713 GB/s
   6, 0, Tesla K80, 3.7, 2505, 823, 134217728, 13, 1664, 128, 1048576, 128, 3, 10.3657 ms, 155.379 GB/s
   7, 0, Tesla K80, 3.7, 2505, 823, 134217728, 13, 3328, 256, 1048576, 128, 3, 10.4518 ms, 154.099 GB/s
   8, 0, Tesla K80, 3.7, 2505, 823, 134217728, 13, 6656, 512, 1048576, 128, 3, 10.3981 ms, 154.895 GB/s
   9, 0, Tesla K80, 3.7, 2505, 823, 134217728, 13, 13312, 1024, 1048576, 128, 3, 10.3841 ms, 155.104 GB/s
  10, 0, Tesla K80, 3.7, 2505, 823, 134217728, 13, 26624, 2048, 1048576, 128, 3, 10.4463 ms, 154.18 GB/s
  11, 0, Tesla K80, 3.7, 2505, 823, 134217728, 13, 53248, 4096, 1048576, 128, 3, 10.4891 ms, 153.551 GB/s
  12, 0, Tesla K80, 3.7, 2505, 823, 134217728, 13, 106496, 8192, 1048576, 128, 3, 10.3083 ms, 156.244 GB/s
  13, 0, Tesla K80, 3.7, 2505, 823, 134217728, 13, 212992, 16384, 1048576, 128, 3, 10.0964 ms, 159.524 GB/s
  14, 0, Tesla K80, 3.7, 2505, 823, 134217728, 13, 425984, 32768, 1048576, 128, 3, 9.68467 ms, 166.305 GB/s
  15, 0, Tesla K80, 3.7, 2505, 823, 134217728, 13, 851968, 65536, 1048576, 128, 3, 9.48765 ms, 169.759 GB/s
  16, 0, Tesla K80, 3.7, 2505, 823, 134217728, 13, 1703936, 131072, 1048576, 128, 3, 11.1084 ms, 144.991 GB/s
   0, 0, Tesla K80, 3.7, 2505, 823, 134217728, 13, 26, 2, 524288, 256, 3, 13.3716 ms, 120.45 GB/s
   1, 0, Tesla K80, 3.7, 2505, 823, 134217728, 13, 52, 4, 524288, 256, 3, 11.0837 ms, 145.314 GB/s
   2, 0, Tesla K80, 3.7, 2505, 823, 134217728, 13, 104, 8, 524288, 256, 3, 10.4025 ms, 154.829 GB/s
   3, 0, Tesla K80, 3.7, 2505, 823, 134217728, 13, 208, 16, 524288, 256, 3, 10.435 ms, 154.347 GB/s
   4, 0, Tesla K80, 3.7, 2505, 823, 134217728, 13, 416, 32, 524288, 256, 3, 10.4028 ms, 154.825 GB/s
   5, 0, Tesla K80, 3.7, 2505, 823, 134217728, 13, 832, 64, 524288, 256, 3, 10.394 ms, 154.957 GB/s
   6, 0, Tesla K80, 3.7, 2505, 823, 134217728, 13, 1664, 128, 524288, 256, 3, 10.4777 ms, 153.718 GB/s
   7, 0, Tesla K80, 3.7, 2505, 823, 134217728, 13, 3328, 256, 524288, 256, 3, 10.427 ms, 154.465 GB/s
   8, 0, Tesla K80, 3.7, 2505, 823, 134217728, 13, 6656, 512, 524288, 256, 3, 10.383 ms, 155.121 GB/s
   9, 0, Tesla K80, 3.7, 2505, 823, 134217728, 13, 13312, 1024, 524288, 256, 3, 10.4502 ms, 154.123 GB/s
  10, 0, Tesla K80, 3.7, 2505, 823, 134217728, 13, 26624, 2048, 524288, 256, 3, 10.499 ms, 153.407 GB/s
  11, 0, Tesla K80, 3.7, 2505, 823, 134217728, 13, 53248, 4096, 524288, 256, 3, 10.3072 ms, 156.26 GB/s
  12, 0, Tesla K80, 3.7, 2505, 823, 134217728, 13, 106496, 8192, 524288, 256, 3, 10.0991 ms, 159.48 GB/s
  13, 0, Tesla K80, 3.7, 2505, 823, 134217728, 13, 212992, 16384, 524288, 256, 3, 9.73286 ms, 165.482 GB/s
  14, 0, Tesla K80, 3.7, 2505, 823, 134217728, 13, 425984, 32768, 524288, 256, 3, 9.55693 ms, 168.528 GB/s
  15, 0, Tesla K80, 3.7, 2505, 823, 134217728, 13, 851968, 65536, 524288, 256, 3, 10.8077 ms, 149.025 GB/s
   0, 0, Tesla K80, 3.7, 2505, 823, 134217728, 13, 26, 2, 262144, 512, 3, 11.0827 ms, 145.327 GB/s
   1, 0, Tesla K80, 3.7, 2505, 823, 134217728, 13, 52, 4, 262144, 512, 3, 10.3967 ms, 154.915 GB/s
   2, 0, Tesla K80, 3.7, 2505, 823, 134217728, 13, 104, 8, 262144, 512, 3, 10.4324 ms, 154.386 GB/s
   3, 0, Tesla K80, 3.7, 2505, 823, 134217728, 13, 208, 16, 262144, 512, 3, 10.3903 ms, 155.011 GB/s
   4, 0, Tesla K80, 3.7, 2505, 823, 134217728, 13, 416, 32, 262144, 512, 3, 10.368 ms, 155.345 GB/s
   5, 0, Tesla K80, 3.7, 2505, 823, 134217728, 13, 832, 64, 262144, 512, 3, 10.4562 ms, 154.035 GB/s
   6, 0, Tesla K80, 3.7, 2505, 823, 134217728, 13, 1664, 128, 262144, 512, 3, 10.4084 ms, 154.742 GB/s
   7, 0, Tesla K80, 3.7, 2505, 823, 134217728, 13, 3328, 256, 262144, 512, 3, 10.3719 ms, 155.286 GB/s
   8, 0, Tesla K80, 3.7, 2505, 823, 134217728, 13, 6656, 512, 262144, 512, 3, 10.4397 ms, 154.278 GB/s
   9, 0, Tesla K80, 3.7, 2505, 823, 134217728, 13, 13312, 1024, 262144, 512, 3, 10.4819 ms, 153.656 GB/s
  10, 0, Tesla K80, 3.7, 2505, 823, 134217728, 13, 26624, 2048, 262144, 512, 3, 10.2939 ms, 156.463 GB/s
  11, 0, Tesla K80, 3.7, 2505, 823, 134217728, 13, 53248, 4096, 262144, 512, 3, 10.074 ms, 159.878 GB/s
  12, 0, Tesla K80, 3.7, 2505, 823, 134217728, 13, 106496, 8192, 262144, 512, 3, 9.77178 ms, 164.823 GB/s
  13, 0, Tesla K80, 3.7, 2505, 823, 134217728, 13, 212992, 16384, 262144, 512, 3, 9.68736 ms, 166.259 GB/s
  14, 0, Tesla K80, 3.7, 2505, 823, 134217728, 13, 425984, 32768, 262144, 512, 3, 11.0249 ms, 146.088 GB/s
   0, 0, Tesla K80, 3.7, 2505, 823, 134217728, 13, 26, 2, 131072, 1024, 3, 10.397 ms, 154.911 GB/s
   1, 0, Tesla K80, 3.7, 2505, 823, 134217728, 13, 52, 4, 131072, 1024, 3, 10.4128 ms, 154.677 GB/s
   2, 0, Tesla K80, 3.7, 2505, 823, 134217728, 13, 104, 8, 131072, 1024, 3, 10.3865 ms, 155.068 GB/s
   3, 0, Tesla K80, 3.7, 2505, 823, 134217728, 13, 208, 16, 131072, 1024, 3, 10.3262 ms, 155.973 GB/s
   4, 0, Tesla K80, 3.7, 2505, 823, 134217728, 13, 416, 32, 131072, 1024, 3, 10.4073 ms, 154.758 GB/s
   5, 0, Tesla K80, 3.7, 2505, 823, 134217728, 13, 832, 64, 131072, 1024, 3, 10.3726 ms, 155.276 GB/s
   6, 0, Tesla K80, 3.7, 2505, 823, 134217728, 13, 1664, 128, 131072, 1024, 3, 10.336 ms, 155.826 GB/s
   7, 0, Tesla K80, 3.7, 2505, 823, 134217728, 13, 3328, 256, 131072, 1024, 3, 10.4406 ms, 154.264 GB/s
   8, 0, Tesla K80, 3.7, 2505, 823, 134217728, 13, 6656, 512, 131072, 1024, 3, 10.4415 ms, 154.251 GB/s
   9, 0, Tesla K80, 3.7, 2505, 823, 134217728, 13, 13312, 1024, 131072, 1024, 3, 10.2526 ms, 157.093 GB/s
  10, 0, Tesla K80, 3.7, 2505, 823, 134217728, 13, 26624, 2048, 131072, 1024, 3, 10.0133 ms, 160.847 GB/s
  11, 0, Tesla K80, 3.7, 2505, 823, 134217728, 13, 53248, 4096, 131072, 1024, 3, 9.76672 ms, 164.908 GB/s
  12, 0, Tesla K80, 3.7, 2505, 823, 134217728, 13, 106496, 8192, 131072, 1024, 3, 9.79789 ms, 164.384 GB/s
  13, 0, Tesla K80, 3.7, 2505, 823, 134217728, 13, 212992, 16384, 131072, 1024, 3, 11.4236 ms, 140.99 GB/s
   0, 0, Tesla K80, 3.7, 2505, 823, 268435456, 13, 26, 2, 4194304, 64, 3, 77.627 ms, 41.4962 GB/s
   1, 0, Tesla K80, 3.7, 2505, 823, 268435456, 13, 52, 4, 4194304, 64, 3, 42.9992 ms, 74.9136 GB/s
   2, 0, Tesla K80, 3.7, 2505, 823, 268435456, 13, 104, 8, 4194304, 64, 3, 26.8621 ms, 119.917 GB/s
   3, 0, Tesla K80, 3.7, 2505, 823, 268435456, 13, 208, 16, 4194304, 64, 3, 22.2568 ms, 144.73 GB/s
   4, 0, Tesla K80, 3.7, 2505, 823, 268435456, 13, 416, 32, 4194304, 64, 3, 29.6853 ms, 108.513 GB/s
   5, 0, Tesla K80, 3.7, 2505, 823, 268435456, 13, 832, 64, 4194304, 64, 3, 22.4823 ms, 143.278 GB/s
   6, 0, Tesla K80, 3.7, 2505, 823, 268435456, 13, 1664, 128, 4194304, 64, 3, 22.6568 ms, 142.175 GB/s
   7, 0, Tesla K80, 3.7, 2505, 823, 268435456, 13, 3328, 256, 4194304, 64, 3, 22.6838 ms, 142.006 GB/s
   8, 0, Tesla K80, 3.7, 2505, 823, 268435456, 13, 6656, 512, 4194304, 64, 3, 22.8688 ms, 140.857 GB/s
   9, 0, Tesla K80, 3.7, 2505, 823, 268435456, 13, 13312, 1024, 4194304, 64, 3, 22.73 ms, 141.717 GB/s
  10, 0, Tesla K80, 3.7, 2505, 823, 268435456, 13, 26624, 2048, 4194304, 64, 3, 22.6201 ms, 142.405 GB/s
  11, 0, Tesla K80, 3.7, 2505, 823, 268435456, 13, 53248, 4096, 4194304, 64, 3, 22.4309 ms, 143.607 GB/s
  12, 0, Tesla K80, 3.7, 2505, 823, 268435456, 13, 106496, 8192, 4194304, 64, 3, 22.7085 ms, 141.851 GB/s
  13, 0, Tesla K80, 3.7, 2505, 823, 268435456, 13, 212992, 16384, 4194304, 64, 3, 22.246 ms, 144.8 GB/s
  14, 0, Tesla K80, 3.7, 2505, 823, 268435456, 13, 425984, 32768, 4194304, 64, 3, 21.7756 ms, 147.928 GB/s
  15, 0, Tesla K80, 3.7, 2505, 823, 268435456, 13, 851968, 65536, 4194304, 64, 3, 21.4993 ms, 149.83 GB/s
  16, 0, Tesla K80, 3.7, 2505, 823, 268435456, 13, 1703936, 131072, 4194304, 64, 3, 21.524 ms, 149.658 GB/s
  17, 0, Tesla K80, 3.7, 2505, 823, 268435456, 13, 3407872, 262144, 4194304, 64, 3, 22.3565 ms, 144.084 GB/s
  18, 0, Tesla K80, 3.7, 2505, 823, 268435456, 13, 6815744, 524288, 4194304, 64, 3, 29.5014 ms, 109.189 GB/s
   0, 0, Tesla K80, 3.7, 2505, 823, 268435456, 13, 26, 2, 2097152, 128, 3, 42.9434 ms, 75.0109 GB/s
   1, 0, Tesla K80, 3.7, 2505, 823, 268435456, 13, 52, 4, 2097152, 128, 3, 26.8573 ms, 119.938 GB/s
   2, 0, Tesla K80, 3.7, 2505, 823, 268435456, 13, 104, 8, 2097152, 128, 3, 22.2429 ms, 144.82 GB/s
   3, 0, Tesla K80, 3.7, 2505, 823, 268435456, 13, 208, 16, 2097152, 128, 3, 29.9459 ms, 107.568 GB/s
   4, 0, Tesla K80, 3.7, 2505, 823, 268435456, 13, 416, 32, 2097152, 128, 3, 21.2561 ms, 151.543 GB/s
   5, 0, Tesla K80, 3.7, 2505, 823, 268435456, 13, 832, 64, 2097152, 128, 3, 21.0307 ms, 153.168 GB/s
   6, 0, Tesla K80, 3.7, 2505, 823, 268435456, 13, 1664, 128, 2097152, 128, 3, 21.0361 ms, 153.128 GB/s
   7, 0, Tesla K80, 3.7, 2505, 823, 268435456, 13, 3328, 256, 2097152, 128, 3, 21.3376 ms, 150.965 GB/s
   8, 0, Tesla K80, 3.7, 2505, 823, 268435456, 13, 6656, 512, 2097152, 128, 3, 21.6288 ms, 148.932 GB/s
   9, 0, Tesla K80, 3.7, 2505, 823, 268435456, 13, 13312, 1024, 2097152, 128, 3, 20.9337 ms, 153.877 GB/s
  10, 0, Tesla K80, 3.7, 2505, 823, 268435456, 13, 26624, 2048, 2097152, 128, 3, 20.9672 ms, 153.632 GB/s
  11, 0, Tesla K80, 3.7, 2505, 823, 268435456, 13, 53248, 4096, 2097152, 128, 3, 20.9333 ms, 153.881 GB/s
  12, 0, Tesla K80, 3.7, 2505, 823, 268435456, 13, 106496, 8192, 2097152, 128, 3, 20.7255 ms, 155.423 GB/s
  13, 0, Tesla K80, 3.7, 2505, 823, 268435456, 13, 212992, 16384, 2097152, 128, 3, 20.4743 ms, 157.33 GB/s
  14, 0, Tesla K80, 3.7, 2505, 823, 268435456, 13, 425984, 32768, 2097152, 128, 3, 19.8804 ms, 162.03 GB/s
  15, 0, Tesla K80, 3.7, 2505, 823, 268435456, 13, 851968, 65536, 2097152, 128, 3, 19.2533 ms, 167.308 GB/s
  16, 0, Tesla K80, 3.7, 2505, 823, 268435456, 13, 1703936, 131072, 2097152, 128, 3, 19.0335 ms, 169.24 GB/s
  17, 0, Tesla K80, 3.7, 2505, 823, 268435456, 13, 3407872, 262144, 2097152, 128, 3, 22.292 ms, 144.502 GB/s
   0, 0, Tesla K80, 3.7, 2505, 823, 268435456, 13, 26, 2, 1048576, 256, 3, 26.835 ms, 120.038 GB/s
   1, 0, Tesla K80, 3.7, 2505, 823, 268435456, 13, 52, 4, 1048576, 256, 3, 22.2698 ms, 144.646 GB/s
   2, 0, Tesla K80, 3.7, 2505, 823, 268435456, 13, 104, 8, 1048576, 256, 3, 29.2759 ms, 110.03 GB/s
   3, 0, Tesla K80, 3.7, 2505, 823, 268435456, 13, 208, 16, 1048576, 256, 3, 21.208 ms, 151.887 GB/s
   4, 0, Tesla K80, 3.7, 2505, 823, 268435456, 13, 416, 32, 1048576, 256, 3, 21.025 ms, 153.209 GB/s
   5, 0, Tesla K80, 3.7, 2505, 823, 268435456, 13, 832, 64, 1048576, 256, 3, 21.0503 ms, 153.025 GB/s
   6, 0, Tesla K80, 3.7, 2505, 823, 268435456, 13, 1664, 128, 1048576, 256, 3, 21.0172 ms, 153.266 GB/s
   7, 0, Tesla K80, 3.7, 2505, 823, 268435456, 13, 3328, 256, 1048576, 256, 3, 21.1103 ms, 152.59 GB/s
   8, 0, Tesla K80, 3.7, 2505, 823, 268435456, 13, 6656, 512, 1048576, 256, 3, 20.9158 ms, 154.009 GB/s
   9, 0, Tesla K80, 3.7, 2505, 823, 268435456, 13, 13312, 1024, 1048576, 256, 3, 20.98 ms, 153.538 GB/s
  10, 0, Tesla K80, 3.7, 2505, 823, 268435456, 13, 26624, 2048, 1048576, 256, 3, 20.9409 ms, 153.825 GB/s
  11, 0, Tesla K80, 3.7, 2505, 823, 268435456, 13, 53248, 4096, 1048576, 256, 3, 20.7362 ms, 155.343 GB/s
  12, 0, Tesla K80, 3.7, 2505, 823, 268435456, 13, 106496, 8192, 1048576, 256, 3, 20.4752 ms, 157.323 GB/s
  13, 0, Tesla K80, 3.7, 2505, 823, 268435456, 13, 212992, 16384, 1048576, 256, 3, 19.891 ms, 161.944 GB/s
  14, 0, Tesla K80, 3.7, 2505, 823, 268435456, 13, 425984, 32768, 1048576, 256, 3, 19.3311 ms, 166.634 GB/s
  15, 0, Tesla K80, 3.7, 2505, 823, 268435456, 13, 851968, 65536, 1048576, 256, 3, 19.1785 ms, 167.96 GB/s
  16, 0, Tesla K80, 3.7, 2505, 823, 268435456, 13, 1703936, 131072, 1048576, 256, 3, 21.6755 ms, 148.611 GB/s
   0, 0, Tesla K80, 3.7, 2505, 823, 268435456, 13, 26, 2, 524288, 512, 3, 22.2594 ms, 144.713 GB/s
   1, 0, Tesla K80, 3.7, 2505, 823, 268435456, 13, 52, 4, 524288, 512, 3, 29.6155 ms, 108.768 GB/s
   2, 0, Tesla K80, 3.7, 2505, 823, 268435456, 13, 104, 8, 524288, 512, 3, 21.2079 ms, 151.888 GB/s
   3, 0, Tesla K80, 3.7, 2505, 823, 268435456, 13, 208, 16, 524288, 512, 3, 21.0026 ms, 153.373 GB/s
   4, 0, Tesla K80, 3.7, 2505, 823, 268435456, 13, 416, 32, 524288, 512, 3, 20.9727 ms, 153.591 GB/s
   5, 0, Tesla K80, 3.7, 2505, 823, 268435456, 13, 832, 64, 524288, 512, 3, 21.0318 ms, 153.16 GB/s
   6, 0, Tesla K80, 3.7, 2505, 823, 268435456, 13, 1664, 128, 524288, 512, 3, 21.0382 ms, 153.113 GB/s
   7, 0, Tesla K80, 3.7, 2505, 823, 268435456, 13, 3328, 256, 524288, 512, 3, 20.9034 ms, 154.101 GB/s
   8, 0, Tesla K80, 3.7, 2505, 823, 268435456, 13, 6656, 512, 524288, 512, 3, 20.9817 ms, 153.525 GB/s
   9, 0, Tesla K80, 3.7, 2505, 823, 268435456, 13, 13312, 1024, 524288, 512, 3, 20.9546 ms, 153.724 GB/s
  10, 0, Tesla K80, 3.7, 2505, 823, 268435456, 13, 26624, 2048, 524288, 512, 3, 20.736 ms, 155.345 GB/s
  11, 0, Tesla K80, 3.7, 2505, 823, 268435456, 13, 53248, 4096, 524288, 512, 3, 20.4512 ms, 157.508 GB/s
  12, 0, Tesla K80, 3.7, 2505, 823, 268435456, 13, 106496, 8192, 524288, 512, 3, 19.854 ms, 162.246 GB/s
  13, 0, Tesla K80, 3.7, 2505, 823, 268435456, 13, 212992, 16384, 524288, 512, 3, 19.4204 ms, 165.868 GB/s
  14, 0, Tesla K80, 3.7, 2505, 823, 268435456, 13, 425984, 32768, 524288, 512, 3, 19.4276 ms, 165.806 GB/s
  15, 0, Tesla K80, 3.7, 2505, 823, 268435456, 13, 851968, 65536, 524288, 512, 3, 22.09 ms, 145.823 GB/s
   0, 0, Tesla K80, 3.7, 2505, 823, 268435456, 13, 26, 2, 262144, 1024, 3, 29.4684 ms, 109.311 GB/s
   1, 0, Tesla K80, 3.7, 2505, 823, 268435456, 13, 52, 4, 262144, 1024, 3, 21.1763 ms, 152.115 GB/s
   2, 0, Tesla K80, 3.7, 2505, 823, 268435456, 13, 104, 8, 262144, 1024, 3, 20.9803 ms, 153.536 GB/s
   3, 0, Tesla K80, 3.7, 2505, 823, 268435456, 13, 208, 16, 262144, 1024, 3, 20.9302 ms, 153.903 GB/s
   4, 0, Tesla K80, 3.7, 2505, 823, 268435456, 13, 416, 32, 262144, 1024, 3, 20.9759 ms, 153.568 GB/s
   5, 0, Tesla K80, 3.7, 2505, 823, 268435456, 13, 832, 64, 262144, 1024, 3, 21.0018 ms, 153.379 GB/s
   6, 0, Tesla K80, 3.7, 2505, 823, 268435456, 13, 1664, 128, 262144, 1024, 3, 20.8636 ms, 154.395 GB/s
   7, 0, Tesla K80, 3.7, 2505, 823, 268435456, 13, 3328, 256, 262144, 1024, 3, 20.9409 ms, 153.824 GB/s
   8, 0, Tesla K80, 3.7, 2505, 823, 268435456, 13, 6656, 512, 262144, 1024, 3, 20.9047 ms, 154.091 GB/s
   9, 0, Tesla K80, 3.7, 2505, 823, 268435456, 13, 13312, 1024, 262144, 1024, 3, 20.693 ms, 155.668 GB/s
  10, 0, Tesla K80, 3.7, 2505, 823, 268435456, 13, 26624, 2048, 262144, 1024, 3, 20.3735 ms, 158.108 GB/s
  11, 0, Tesla K80, 3.7, 2505, 823, 268435456, 13, 53248, 4096, 262144, 1024, 3, 19.77 ms, 162.935 GB/s
  12, 0, Tesla K80, 3.7, 2505, 823, 268435456, 13, 106496, 8192, 262144, 1024, 3, 19.4871 ms, 165.3 GB/s
  13, 0, Tesla K80, 3.7, 2505, 823, 268435456, 13, 212992, 16384, 262144, 1024, 3, 19.6672 ms, 163.787 GB/s
  14, 0, Tesla K80, 3.7, 2505, 823, 268435456, 13, 425984, 32768, 262144, 1024, 3, 22.9665 ms, 140.258 GB/s
   0, 0, Tesla K80, 3.7, 2505, 823, 536870912, 13, 26, 2, 8388608, 64, 3, 155.234 ms, 41.5015 GB/s
   1, 0, Tesla K80, 3.7, 2505, 823, 536870912, 13, 52, 4, 8388608, 64, 3, 86.2152 ms, 74.7252 GB/s
   2, 0, Tesla K80, 3.7, 2505, 823, 536870912, 13, 104, 8, 8388608, 64, 3, 53.8552 ms, 119.625 GB/s
   3, 0, Tesla K80, 3.7, 2505, 823, 536870912, 13, 208, 16, 8388608, 64, 3, 44.6821 ms, 144.184 GB/s
   4, 0, Tesla K80, 3.7, 2505, 823, 536870912, 13, 416, 32, 8388608, 64, 3, 60.2072 ms, 107.005 GB/s
   5, 0, Tesla K80, 3.7, 2505, 823, 536870912, 13, 832, 64, 8388608, 64, 3, 45.6302 ms, 141.188 GB/s
   6, 0, Tesla K80, 3.7, 2505, 823, 536870912, 13, 1664, 128, 8388608, 64, 3, 46.1763 ms, 139.518 GB/s
   7, 0, Tesla K80, 3.7, 2505, 823, 536870912, 13, 3328, 256, 8388608, 64, 3, 41.3037 ms, 155.977 GB/s
   8, 0, Tesla K80, 3.7, 2505, 823, 536870912, 13, 6656, 512, 8388608, 64, 3, 45.0821 ms, 142.905 GB/s
   9, 0, Tesla K80, 3.7, 2505, 823, 536870912, 13, 13312, 1024, 8388608, 64, 3, 46.3784 ms, 138.91 GB/s
  10, 0, Tesla K80, 3.7, 2505, 823, 536870912, 13, 26624, 2048, 8388608, 64, 3, 45.4622 ms, 141.71 GB/s
  11, 0, Tesla K80, 3.7, 2505, 823, 536870912, 13, 53248, 4096, 8388608, 64, 3, 45.2237 ms, 142.457 GB/s
  12, 0, Tesla K80, 3.7, 2505, 823, 536870912, 13, 106496, 8192, 8388608, 64, 3, 44.7128 ms, 144.085 GB/s
  13, 0, Tesla K80, 3.7, 2505, 823, 536870912, 13, 212992, 16384, 8388608, 64, 3, 44.1507 ms, 145.92 GB/s
  14, 0, Tesla K80, 3.7, 2505, 823, 536870912, 13, 425984, 32768, 8388608, 64, 3, 43.5356 ms, 147.981 GB/s
  15, 0, Tesla K80, 3.7, 2505, 823, 536870912, 13, 851968, 65536, 8388608, 64, 3, 42.9605 ms, 149.962 GB/s
  16, 0, Tesla K80, 3.7, 2505, 823, 536870912, 13, 1703936, 131072, 8388608, 64, 3, 42.9171 ms, 150.114 GB/s
  17, 0, Tesla K80, 3.7, 2505, 823, 536870912, 13, 3407872, 262144, 8388608, 64, 3, 43.3904 ms, 148.476 GB/s
  18, 0, Tesla K80, 3.7, 2505, 823, 536870912, 13, 6815744, 524288, 8388608, 64, 3, 44.9446 ms, 143.342 GB/s
  19, 0, Tesla K80, 3.7, 2505, 823, 536870912, 13, 13631488, 1048576, 8388608, 64, 3